mode: set
github.com/convision/api/cmd/api/main.go:53.13,62.16 5 0
github.com/convision/api/cmd/api/main.go:62.16,64.3 1 0
github.com/convision/api/cmd/api/main.go:66.2,66.37 1 0
github.com/convision/api/cmd/api/main.go:66.37,67.54 1 0
github.com/convision/api/cmd/api/main.go:67.54,69.4 1 0
github.com/convision/api/cmd/api/main.go:70.3,70.70 1 0
github.com/convision/api/cmd/api/main.go:70.70,72.4 1 0
github.com/convision/api/cmd/api/main.go:73.3,73.74 1 0
github.com/convision/api/cmd/api/main.go:73.74,75.4 1 0
github.com/convision/api/cmd/api/main.go:76.3,76.81 1 0
github.com/convision/api/cmd/api/main.go:76.81,78.4 1 0
github.com/convision/api/cmd/api/main.go:79.3,79.76 1 0
github.com/convision/api/cmd/api/main.go:79.76,81.4 1 0
github.com/convision/api/cmd/api/main.go:82.3,82.81 1 0
github.com/convision/api/cmd/api/main.go:82.81,84.4 1 0
github.com/convision/api/cmd/api/main.go:85.8,85.43 1 0
github.com/convision/api/cmd/api/main.go:85.43,86.74 1 0
github.com/convision/api/cmd/api/main.go:86.74,88.4 1 0
github.com/convision/api/cmd/api/main.go:92.2,93.47 2 0
github.com/convision/api/cmd/api/main.go:93.47,95.3 1 0
github.com/convision/api/cmd/api/main.go:96.2,180.80 58 0
github.com/convision/api/cmd/api/main.go:180.80,182.3 1 0
github.com/convision/api/cmd/api/main.go:185.2,216.71 29 0
github.com/convision/api/cmd/api/main.go:216.71,218.3 1 0
github.com/convision/api/cmd/api/main.go:219.2,227.33 4 0
github.com/convision/api/cmd/api/main.go:227.33,227.96 1 0
github.com/convision/api/cmd/api/main.go:229.2,232.37 2 0
github.com/convision/api/cmd/api/main.go:232.37,234.3 1 0
github.com/convision/api/cmd/api/main.go:236.2,242.45 5 0
github.com/convision/api/cmd/api/main.go:242.45,244.3 1 0
github.com/convision/api/cmd/api/main.go:247.2,248.22 2 0
github.com/convision/api/cmd/api/main.go:248.22,250.3 1 0
github.com/convision/api/cmd/api/main.go:251.2,251.54 1 0
github.com/convision/api/cmd/api/main.go:251.54,253.3 1 0
github.com/convision/api/cmd/api/main.go:254.2,263.16 6 0
github.com/convision/api/cmd/api/main.go:263.16,265.3 1 0
github.com/convision/api/cmd/api/main.go:267.2,277.76 3 0
github.com/convision/api/cmd/api/main.go:277.76,279.3 1 0
github.com/convision/api/cmd/api/main.go:282.32,284.39 2 0
github.com/convision/api/cmd/api/main.go:284.39,286.3 1 0
github.com/convision/api/cmd/api/main.go:288.2,310.16 3 0
github.com/convision/api/cmd/api/main.go:310.16,311.55 1 0
github.com/convision/api/cmd/api/main.go:313.2,313.15 1 0
github.com/convision/api/cmd/api/main.go:316.39,323.30 3 0
github.com/convision/api/cmd/api/main.go:323.30,326.74 3 0
github.com/convision/api/cmd/api/main.go:326.74,327.48 1 0
github.com/convision/api/cmd/api/main.go:327.48,328.39 1 0
github.com/convision/api/cmd/api/main.go:328.39,330.11 2 0
github.com/convision/api/cmd/api/main.go:334.3,334.14 1 0
github.com/convision/api/cmd/api/main.go:334.14,339.28 5 0
github.com/convision/api/cmd/api/main.go:339.28,341.5 1 0
github.com/convision/api/cmd/api/main.go:341.10,343.5 1 0
github.com/convision/api/cmd/api/main.go:344.4,344.47 1 0
github.com/convision/api/cmd/api/main.go:346.3,346.45 1 0
github.com/convision/api/cmd/api/main.go:346.45,349.4 2 0
github.com/convision/api/cmd/api/main.go:350.3,350.11 1 0
github.com/convision/api/cmd/api/main.go:354.42,357.2 2 0
github.com/convision/api/cmd/migrate/main.go:45.13,57.20 9 0
github.com/convision/api/cmd/migrate/main.go:57.20,60.3 2 0
github.com/convision/api/cmd/migrate/main.go:62.2,64.16 3 0
github.com/convision/api/cmd/migrate/main.go:64.16,66.3 1 0
github.com/convision/api/cmd/migrate/main.go:67.2,69.34 2 0
github.com/convision/api/cmd/migrate/main.go:69.34,71.3 1 0
github.com/convision/api/cmd/migrate/main.go:73.2,74.15 2 0
github.com/convision/api/cmd/migrate/main.go:74.15,76.3 1 0
github.com/convision/api/cmd/migrate/main.go:78.2,78.15 1 0
github.com/convision/api/cmd/migrate/main.go:78.15,79.24 1 0
github.com/convision/api/cmd/migrate/main.go:79.24,81.4 1 0
github.com/convision/api/cmd/migrate/main.go:81.9,83.4 1 0
github.com/convision/api/cmd/migrate/main.go:84.3,84.9 1 0
github.com/convision/api/cmd/migrate/main.go:88.2,91.14 3 0
github.com/convision/api/cmd/migrate/main.go:91.14,93.29 2 0
github.com/convision/api/cmd/migrate/main.go:93.29,97.4 3 0
github.com/convision/api/cmd/migrate/main.go:98.3,98.9 1 0
github.com/convision/api/cmd/migrate/main.go:101.2,101.23 1 0
github.com/convision/api/cmd/migrate/main.go:101.23,105.3 3 0
github.com/convision/api/cmd/migrate/main.go:112.100,120.26 6 0
github.com/convision/api/cmd/migrate/main.go:120.26,123.44 2 0
github.com/convision/api/cmd/migrate/main.go:123.44,124.12 1 0
github.com/convision/api/cmd/migrate/main.go:126.3,126.47 1 0
github.com/convision/api/cmd/migrate/main.go:126.47,127.12 1 0
github.com/convision/api/cmd/migrate/main.go:129.3,129.34 1 0
github.com/convision/api/cmd/migrate/main.go:129.34,130.9 1 0
github.com/convision/api/cmd/migrate/main.go:133.3,134.17 2 0
github.com/convision/api/cmd/migrate/main.go:134.17,136.4 1 0
github.com/convision/api/cmd/migrate/main.go:138.3,139.17 2 0
github.com/convision/api/cmd/migrate/main.go:139.17,141.4 1 0
github.com/convision/api/cmd/migrate/main.go:143.3,143.91 1 0
github.com/convision/api/cmd/migrate/main.go:143.91,146.4 2 0
github.com/convision/api/cmd/migrate/main.go:148.3,148.53 1 0
github.com/convision/api/cmd/migrate/main.go:148.53,151.4 2 0
github.com/convision/api/cmd/migrate/main.go:153.3,153.24 1 0
github.com/convision/api/cmd/migrate/main.go:153.24,157.18 1 0
github.com/convision/api/cmd/migrate/main.go:157.18,160.5 2 0
github.com/convision/api/cmd/migrate/main.go:161.9,165.18 1 0
github.com/convision/api/cmd/migrate/main.go:165.18,168.5 2 0
github.com/convision/api/cmd/migrate/main.go:171.3,171.37 1 0
github.com/convision/api/cmd/migrate/main.go:171.37,173.4 1 0
github.com/convision/api/cmd/migrate/main.go:175.3,176.10 2 0
github.com/convision/api/cmd/migrate/main.go:179.2,179.16 1 0
github.com/convision/api/cmd/migrate/main.go:179.16,181.3 1 0
github.com/convision/api/cmd/migrate/main.go:188.46,190.16 2 0
github.com/convision/api/cmd/migrate/main.go:190.16,192.3 1 0
github.com/convision/api/cmd/migrate/main.go:195.55,202.38 2 0
github.com/convision/api/cmd/migrate/main.go:202.38,204.3 1 0
github.com/convision/api/cmd/migrate/main.go:207.67,209.16 2 0
github.com/convision/api/cmd/migrate/main.go:209.16,211.3 1 0
github.com/convision/api/cmd/migrate/main.go:212.2,215.18 3 0
github.com/convision/api/cmd/migrate/main.go:215.18,219.3 3 0
github.com/convision/api/cmd/migrate/main.go:220.2,220.15 1 0
github.com/convision/api/cmd/migrate/main.go:223.65,225.16 2 0
github.com/convision/api/cmd/migrate/main.go:225.16,227.3 1 0
github.com/convision/api/cmd/migrate/main.go:229.2,230.25 2 0
github.com/convision/api/cmd/migrate/main.go:230.25,232.3 1 0
github.com/convision/api/cmd/migrate/main.go:234.2,235.28 2 0
github.com/convision/api/cmd/migrate/main.go:235.28,236.56 1 0
github.com/convision/api/cmd/migrate/main.go:236.56,238.4 1 0
github.com/convision/api/cmd/migrate/main.go:241.2,241.40 1 0
github.com/convision/api/cmd/migrate/main.go:241.40,242.26 1 0
github.com/convision/api/cmd/migrate/main.go:242.26,244.4 1 0
github.com/convision/api/cmd/migrate/main.go:245.3,245.59 1 0
github.com/convision/api/cmd/migrate/main.go:247.2,247.14 1 0
github.com/convision/api/cmd/migrate/main.go:252.57,254.14 2 0
github.com/convision/api/cmd/migrate/main.go:254.14,256.3 1 0
github.com/convision/api/cmd/migrate/main.go:257.2,257.19 1 0
github.com/convision/api/cmd/migrate/main.go:260.45,262.16 2 0
github.com/convision/api/cmd/migrate/main.go:262.16,264.3 1 0
github.com/convision/api/cmd/migrate/main.go:265.2,267.18 3 0
github.com/convision/api/cmd/migrate/main.go:267.18,271.3 3 0
github.com/convision/api/cmd/migrate/main.go:272.2,272.16 1 0
github.com/convision/api/cmd/migrate/main.go:275.72,281.26 6 0
github.com/convision/api/cmd/migrate/main.go:281.26,284.17 3 0
github.com/convision/api/cmd/migrate/main.go:284.17,286.4 1 0
github.com/convision/api/cmd/migrate/main.go:287.3,287.52 1 0
github.com/convision/api/cmd/migrate/main.go:289.2,289.15 1 0
github.com/convision/api/cmd/migrate/main.go:292.60,294.19 2 0
github.com/convision/api/cmd/migrate/main.go:294.19,296.3 1 0
github.com/convision/api/cmd/migrate/main.go:297.2,302.28 4 0
github.com/convision/api/cmd/migrate/main.go:302.28,303.66 1 0
github.com/convision/api/cmd/migrate/main.go:303.66,304.62 1 0
github.com/convision/api/cmd/migrate/main.go:304.62,306.5 1 0
github.com/convision/api/cmd/migrate/main.go:309.2,313.45 4 0
github.com/convision/api/cmd/migrate/main.go:313.45,316.68 3 0
github.com/convision/api/cmd/migrate/main.go:316.68,318.4 1 0
github.com/convision/api/cmd/migrate/main.go:319.3,319.37 1 0
github.com/convision/api/cmd/migrate/main.go:324.34,326.71 1 0
github.com/convision/api/cmd/migrate/main.go:326.71,328.3 1 0
github.com/convision/api/cmd/migrate/main.go:329.2,329.25 1 0
github.com/convision/api/cmd/migrate/main.go:332.28,334.2 1 0
github.com/convision/api/cmd/migrate/main.go:336.24,344.2 7 0
github.com/convision/api/cmd/migrate/main.go:346.42,347.34 1 0
github.com/convision/api/cmd/migrate/main.go:347.34,349.3 1 0
github.com/convision/api/cmd/migrate/main.go:350.2,350.17 1 0
github.com/convision/api/cmd/migrate/main.go:353.28,354.50 1 0
github.com/convision/api/cmd/migrate/main.go:354.50,356.3 1 0
github.com/convision/api/internal/bulkimport/importer_doctors.go:21.81,23.2 1 0
github.com/convision/api/internal/bulkimport/importer_doctors.go:25.45,25.75 1 0
github.com/convision/api/internal/bulkimport/importer_doctors.go:27.99,31.26 3 0
github.com/convision/api/internal/bulkimport/importer_doctors.go:31.26,35.3 3 0
github.com/convision/api/internal/bulkimport/importer_doctors.go:37.2,38.21 2 0
github.com/convision/api/internal/bulkimport/importer_doctors.go:38.21,42.3 3 0
github.com/convision/api/internal/bulkimport/importer_doctors.go:44.2,45.17 2 0
github.com/convision/api/internal/bulkimport/importer_doctors.go:45.17,49.3 3 0
github.com/convision/api/internal/bulkimport/importer_doctors.go:51.2,51.56 1 0
github.com/convision/api/internal/bulkimport/importer_doctors.go:51.56,55.3 3 0
github.com/convision/api/internal/bulkimport/importer_doctors.go:57.2,59.20 3 0
github.com/convision/api/internal/bulkimport/importer_doctors.go:59.20,61.3 1 0
github.com/convision/api/internal/bulkimport/importer_doctors.go:63.2,74.45 2 0
github.com/convision/api/internal/bulkimport/importer_doctors.go:74.45,83.3 4 0
github.com/convision/api/internal/bulkimport/importer_doctors.go:85.2,86.12 2 0
github.com/convision/api/internal/bulkimport/importer_inventory.go:40.12,49.2 1 0
github.com/convision/api/internal/bulkimport/importer_inventory.go:51.48,51.81 1 0
github.com/convision/api/internal/bulkimport/importer_inventory.go:56.102,58.2 1 0
github.com/convision/api/internal/bulkimport/importer_inventory.go:62.47,69.2 1 0
github.com/convision/api/internal/bulkimport/importer_inventory.go:74.97,85.30 4 0
github.com/convision/api/internal/bulkimport/importer_inventory.go:85.30,86.58 1 0
github.com/convision/api/internal/bulkimport/importer_inventory.go:86.58,88.4 1 0
github.com/convision/api/internal/bulkimport/importer_inventory.go:89.3,89.51 1 0
github.com/convision/api/internal/bulkimport/importer_inventory.go:89.51,90.64 1 0
github.com/convision/api/internal/bulkimport/importer_inventory.go:90.64,92.5 1 0
github.com/convision/api/internal/bulkimport/importer_inventory.go:97.2,97.25 1 0
github.com/convision/api/internal/bulkimport/importer_inventory.go:97.25,99.29 2 0
github.com/convision/api/internal/bulkimport/importer_inventory.go:99.29,101.4 1 0
github.com/convision/api/internal/bulkimport/importer_inventory.go:102.3,104.27 3 0
github.com/convision/api/internal/bulkimport/importer_inventory.go:104.27,107.4 2 0
github.com/convision/api/internal/bulkimport/importer_inventory.go:108.3,111.4 1 0
github.com/convision/api/internal/bulkimport/importer_inventory.go:115.2,115.24 1 0
github.com/convision/api/internal/bulkimport/importer_inventory.go:115.24,117.29 2 0
github.com/convision/api/internal/bulkimport/importer_inventory.go:117.29,119.4 1 0
github.com/convision/api/internal/bulkimport/importer_inventory.go:120.3,122.31 3 0
github.com/convision/api/internal/bulkimport/importer_inventory.go:122.31,124.4 1 0
github.com/convision/api/internal/bulkimport/importer_inventory.go:125.3,128.4 1 0
github.com/convision/api/internal/bulkimport/importer_inventory.go:131.2,131.17 1 0
github.com/convision/api/internal/bulkimport/importer_inventory.go:151.49,151.89 1 0
github.com/convision/api/internal/bulkimport/importer_inventory.go:157.56,159.33 2 0
github.com/convision/api/internal/bulkimport/importer_inventory.go:159.33,161.3 1 0
github.com/convision/api/internal/bulkimport/importer_inventory.go:162.2,163.37 2 0
github.com/convision/api/internal/bulkimport/importer_inventory.go:163.37,165.3 1 0
github.com/convision/api/internal/bulkimport/importer_inventory.go:166.2,167.35 2 0
github.com/convision/api/internal/bulkimport/importer_inventory.go:167.35,169.3 1 0
github.com/convision/api/internal/bulkimport/importer_inventory.go:170.2,175.3 1 0
github.com/convision/api/internal/bulkimport/importer_inventory.go:178.103,182.24 3 0
github.com/convision/api/internal/bulkimport/importer_inventory.go:182.24,186.3 3 0
github.com/convision/api/internal/bulkimport/importer_inventory.go:188.2,190.38 3 0
github.com/convision/api/internal/bulkimport/importer_inventory.go:190.38,194.3 3 0
github.com/convision/api/internal/bulkimport/importer_inventory.go:195.2,199.34 4 0
github.com/convision/api/internal/bulkimport/importer_inventory.go:199.34,203.3 3 0
github.com/convision/api/internal/bulkimport/importer_inventory.go:204.2,207.23 3 0
github.com/convision/api/internal/bulkimport/importer_inventory.go:207.23,209.3 1 0
github.com/convision/api/internal/bulkimport/importer_inventory.go:210.2,214.78 4 0
github.com/convision/api/internal/bulkimport/importer_inventory.go:214.78,216.3 1 0
github.com/convision/api/internal/bulkimport/importer_inventory.go:217.2,217.79 1 0
github.com/convision/api/internal/bulkimport/importer_inventory.go:217.79,219.3 1 0
github.com/convision/api/internal/bulkimport/importer_inventory.go:221.2,227.16 6 0
github.com/convision/api/internal/bulkimport/importer_inventory.go:227.16,231.3 3 0
github.com/convision/api/internal/bulkimport/importer_inventory.go:233.2,234.16 2 0
github.com/convision/api/internal/bulkimport/importer_inventory.go:234.16,238.3 3 0
github.com/convision/api/internal/bulkimport/importer_inventory.go:240.2,241.16 2 0
github.com/convision/api/internal/bulkimport/importer_inventory.go:241.16,245.3 3 0
github.com/convision/api/internal/bulkimport/importer_inventory.go:247.2,247.35 1 0
github.com/convision/api/internal/bulkimport/importer_inventory.go:247.35,249.3 1 0
github.com/convision/api/internal/bulkimport/importer_inventory.go:249.8,251.3 1 0
github.com/convision/api/internal/bulkimport/importer_inventory.go:252.2,252.12 1 0
github.com/convision/api/internal/bulkimport/importer_inventory.go:255.74,256.31 1 0
github.com/convision/api/internal/bulkimport/importer_inventory.go:256.31,258.3 1 0
github.com/convision/api/internal/bulkimport/importer_inventory.go:259.2,259.36 1 0
github.com/convision/api/internal/bulkimport/importer_inventory.go:268.34,269.47 1 0
github.com/convision/api/internal/bulkimport/importer_inventory.go:269.47,271.3 1 0
github.com/convision/api/internal/bulkimport/importer_inventory.go:273.2,278.37 2 0
github.com/convision/api/internal/bulkimport/importer_inventory.go:278.37,281.3 2 0
github.com/convision/api/internal/bulkimport/importer_inventory.go:283.2,294.44 3 0
github.com/convision/api/internal/bulkimport/importer_inventory.go:294.44,299.3 1 0
github.com/convision/api/internal/bulkimport/importer_inventory.go:300.2,300.52 1 0
github.com/convision/api/internal/bulkimport/importer_inventory.go:300.52,302.3 1 0
github.com/convision/api/internal/bulkimport/importer_inventory.go:303.2,308.21 2 0
github.com/convision/api/internal/bulkimport/importer_inventory.go:315.122,316.45 1 0
github.com/convision/api/internal/bulkimport/importer_inventory.go:316.45,318.3 1 0
github.com/convision/api/internal/bulkimport/importer_inventory.go:320.2,326.39 3 0
github.com/convision/api/internal/bulkimport/importer_inventory.go:326.39,329.3 2 0
github.com/convision/api/internal/bulkimport/importer_inventory.go:331.2,343.66 4 0
github.com/convision/api/internal/bulkimport/importer_inventory.go:343.66,346.35 3 0
github.com/convision/api/internal/bulkimport/importer_inventory.go:346.35,353.43 3 0
github.com/convision/api/internal/bulkimport/importer_inventory.go:353.43,356.5 2 0
github.com/convision/api/internal/bulkimport/importer_inventory.go:358.3,358.79 1 0
github.com/convision/api/internal/bulkimport/importer_inventory.go:360.2,368.15 3 0
github.com/convision/api/internal/bulkimport/importer_inventory.go:371.142,381.16 5 0
github.com/convision/api/internal/bulkimport/importer_inventory.go:381.16,383.3 1 0
github.com/convision/api/internal/bulkimport/importer_inventory.go:385.2,387.20 2 0
github.com/convision/api/internal/bulkimport/importer_inventory.go:387.20,391.57 4 0
github.com/convision/api/internal/bulkimport/importer_inventory.go:391.57,393.4 1 0
github.com/convision/api/internal/bulkimport/importer_inventory.go:394.3,404.61 2 0
github.com/convision/api/internal/bulkimport/importer_inventory.go:404.61,407.4 1 0
github.com/convision/api/internal/bulkimport/importer_inventory.go:408.3,408.20 1 0
github.com/convision/api/internal/bulkimport/importer_inventory.go:411.2,419.52 2 0
github.com/convision/api/internal/bulkimport/importer_inventory.go:419.52,421.3 1 0
github.com/convision/api/internal/bulkimport/importer_inventory.go:422.2,432.60 2 0
github.com/convision/api/internal/bulkimport/importer_inventory.go:432.60,435.3 1 0
github.com/convision/api/internal/bulkimport/importer_inventory.go:436.2,436.18 1 0
github.com/convision/api/internal/bulkimport/importer_inventory.go:443.95,444.16 1 0
github.com/convision/api/internal/bulkimport/importer_inventory.go:444.16,446.3 1 0
github.com/convision/api/internal/bulkimport/importer_inventory.go:447.2,447.38 1 0
github.com/convision/api/internal/bulkimport/importer_inventory.go:447.38,449.3 1 0
github.com/convision/api/internal/bulkimport/importer_inventory.go:451.2,452.16 2 0
github.com/convision/api/internal/bulkimport/importer_inventory.go:452.16,456.3 3 0
github.com/convision/api/internal/bulkimport/importer_inventory.go:458.2,461.69 4 0
github.com/convision/api/internal/bulkimport/importer_inventory.go:461.69,464.35 3 0
github.com/convision/api/internal/bulkimport/importer_inventory.go:464.35,465.64 1 0
github.com/convision/api/internal/bulkimport/importer_inventory.go:465.64,469.5 3 0
github.com/convision/api/internal/bulkimport/importer_inventory.go:471.3,473.13 2 0
github.com/convision/api/internal/bulkimport/importer_inventory.go:475.2,481.21 2 0
github.com/convision/api/internal/bulkimport/importer_inventory.go:486.40,487.16 1 0
github.com/convision/api/internal/bulkimport/importer_inventory.go:487.16,489.3 1 0
github.com/convision/api/internal/bulkimport/importer_inventory.go:490.2,491.81 2 0
github.com/convision/api/internal/bulkimport/importer_lenses.go:43.12,55.2 1 0
github.com/convision/api/internal/bulkimport/importer_lenses.go:57.43,57.71 1 0
github.com/convision/api/internal/bulkimport/importer_lenses.go:59.97,63.24 3 0
github.com/convision/api/internal/bulkimport/importer_lenses.go:63.24,67.3 3 0
github.com/convision/api/internal/bulkimport/importer_lenses.go:70.2,75.37 2 0
github.com/convision/api/internal/bulkimport/importer_lenses.go:75.37,79.3 3 0
github.com/convision/api/internal/bulkimport/importer_lenses.go:81.2,82.20 2 0
github.com/convision/api/internal/bulkimport/importer_lenses.go:82.20,86.3 3 0
github.com/convision/api/internal/bulkimport/importer_lenses.go:87.2,88.16 2 0
github.com/convision/api/internal/bulkimport/importer_lenses.go:88.16,92.3 3 0
github.com/convision/api/internal/bulkimport/importer_lenses.go:94.2,104.64 2 0
github.com/convision/api/internal/bulkimport/importer_lenses.go:104.64,105.51 1 0
github.com/convision/api/internal/bulkimport/importer_lenses.go:105.51,107.4 1 0
github.com/convision/api/internal/bulkimport/importer_lenses.go:110.2,127.52 9 0
github.com/convision/api/internal/bulkimport/importer_lenses.go:127.52,136.3 4 0
github.com/convision/api/internal/bulkimport/importer_lenses.go:138.2,139.12 2 0
github.com/convision/api/internal/bulkimport/importer_lenses.go:142.92,143.16 1 0
github.com/convision/api/internal/bulkimport/importer_lenses.go:143.16,145.3 1 0
github.com/convision/api/internal/bulkimport/importer_lenses.go:146.2,147.16 2 0
github.com/convision/api/internal/bulkimport/importer_lenses.go:147.16,150.3 2 0
github.com/convision/api/internal/bulkimport/importer_lenses.go:151.2,152.60 2 0
github.com/convision/api/internal/bulkimport/importer_lenses.go:152.60,156.3 2 0
github.com/convision/api/internal/bulkimport/importer_lenses.go:157.2,158.12 2 0
github.com/convision/api/internal/bulkimport/importer_lenses.go:161.89,162.16 1 0
github.com/convision/api/internal/bulkimport/importer_lenses.go:162.16,164.3 1 0
github.com/convision/api/internal/bulkimport/importer_lenses.go:165.2,166.16 2 0
github.com/convision/api/internal/bulkimport/importer_lenses.go:166.16,169.3 2 0
github.com/convision/api/internal/bulkimport/importer_lenses.go:170.2,171.57 2 0
github.com/convision/api/internal/bulkimport/importer_lenses.go:171.57,175.3 2 0
github.com/convision/api/internal/bulkimport/importer_lenses.go:176.2,177.12 2 0
github.com/convision/api/internal/bulkimport/importer_lenses.go:180.92,181.16 1 0
github.com/convision/api/internal/bulkimport/importer_lenses.go:181.16,183.3 1 0
github.com/convision/api/internal/bulkimport/importer_lenses.go:184.2,185.16 2 0
github.com/convision/api/internal/bulkimport/importer_lenses.go:185.16,188.3 2 0
github.com/convision/api/internal/bulkimport/importer_lenses.go:189.2,190.60 2 0
github.com/convision/api/internal/bulkimport/importer_lenses.go:190.60,194.3 2 0
github.com/convision/api/internal/bulkimport/importer_lenses.go:195.2,196.12 2 0
github.com/convision/api/internal/bulkimport/importer_lenses.go:199.93,200.16 1 0
github.com/convision/api/internal/bulkimport/importer_lenses.go:200.16,202.3 1 0
github.com/convision/api/internal/bulkimport/importer_lenses.go:203.2,204.16 2 0
github.com/convision/api/internal/bulkimport/importer_lenses.go:204.16,207.3 2 0
github.com/convision/api/internal/bulkimport/importer_lenses.go:208.2,209.61 2 0
github.com/convision/api/internal/bulkimport/importer_lenses.go:209.61,213.3 2 0
github.com/convision/api/internal/bulkimport/importer_lenses.go:214.2,215.12 2 0
github.com/convision/api/internal/bulkimport/importer_lenses.go:218.93,219.16 1 0
github.com/convision/api/internal/bulkimport/importer_lenses.go:219.16,221.3 1 0
github.com/convision/api/internal/bulkimport/importer_lenses.go:222.2,223.16 2 0
github.com/convision/api/internal/bulkimport/importer_lenses.go:223.16,226.3 2 0
github.com/convision/api/internal/bulkimport/importer_lenses.go:227.2,228.61 2 0
github.com/convision/api/internal/bulkimport/importer_lenses.go:228.61,232.3 2 0
github.com/convision/api/internal/bulkimport/importer_lenses.go:233.2,234.12 2 0
github.com/convision/api/internal/bulkimport/importer_lenses.go:237.96,238.16 1 0
github.com/convision/api/internal/bulkimport/importer_lenses.go:238.16,240.3 1 0
github.com/convision/api/internal/bulkimport/importer_lenses.go:241.2,242.16 2 0
github.com/convision/api/internal/bulkimport/importer_lenses.go:242.16,245.3 2 0
github.com/convision/api/internal/bulkimport/importer_lenses.go:246.2,247.64 2 0
github.com/convision/api/internal/bulkimport/importer_lenses.go:247.64,251.3 2 0
github.com/convision/api/internal/bulkimport/importer_lenses.go:252.2,253.12 2 0
github.com/convision/api/internal/bulkimport/importer_lenses.go:256.92,257.16 1 0
github.com/convision/api/internal/bulkimport/importer_lenses.go:257.16,259.3 1 0
github.com/convision/api/internal/bulkimport/importer_lenses.go:260.2,264.38 2 0
github.com/convision/api/internal/bulkimport/importer_lenses.go:264.38,267.3 2 0
github.com/convision/api/internal/bulkimport/importer_lenses.go:268.2,269.60 2 0
github.com/convision/api/internal/bulkimport/importer_lenses.go:269.60,273.3 2 0
github.com/convision/api/internal/bulkimport/importer_lenses.go:274.2,275.12 2 0
github.com/convision/api/internal/bulkimport/importer_lenses.go:280.44,284.2 3 0
github.com/convision/api/internal/bulkimport/importer_patients.go:21.85,23.2 1 0
github.com/convision/api/internal/bulkimport/importer_patients.go:25.46,25.77 1 0
github.com/convision/api/internal/bulkimport/importer_patients.go:27.100,31.26 3 0
github.com/convision/api/internal/bulkimport/importer_patients.go:31.26,35.3 3 0
github.com/convision/api/internal/bulkimport/importer_patients.go:37.2,38.20 2 0
github.com/convision/api/internal/bulkimport/importer_patients.go:38.20,42.3 3 0
github.com/convision/api/internal/bulkimport/importer_patients.go:44.2,44.74 1 0
github.com/convision/api/internal/bulkimport/importer_patients.go:44.74,48.3 3 0
github.com/convision/api/internal/bulkimport/importer_patients.go:50.2,60.66 3 0
github.com/convision/api/internal/bulkimport/importer_patients.go:60.66,61.36 1 0
github.com/convision/api/internal/bulkimport/importer_patients.go:61.36,63.4 1 0
github.com/convision/api/internal/bulkimport/importer_patients.go:66.2,66.45 1 0
github.com/convision/api/internal/bulkimport/importer_patients.go:66.45,75.3 4 0
github.com/convision/api/internal/bulkimport/importer_patients.go:77.2,78.12 2 0
github.com/convision/api/internal/bulkimport/importer_scheduled_appointments.go:32.12,39.2 1 0
github.com/convision/api/internal/bulkimport/importer_scheduled_appointments.go:41.60,41.99 1 0
github.com/convision/api/internal/bulkimport/importer_scheduled_appointments.go:43.114,47.28 3 0
github.com/convision/api/internal/bulkimport/importer_scheduled_appointments.go:47.28,51.3 3 0
github.com/convision/api/internal/bulkimport/importer_scheduled_appointments.go:53.2,54.26 2 0
github.com/convision/api/internal/bulkimport/importer_scheduled_appointments.go:54.26,58.3 3 0
github.com/convision/api/internal/bulkimport/importer_scheduled_appointments.go:60.2,61.16 2 0
github.com/convision/api/internal/bulkimport/importer_scheduled_appointments.go:61.16,65.3 3 0
github.com/convision/api/internal/bulkimport/importer_scheduled_appointments.go:67.2,71.26 4 0
github.com/convision/api/internal/bulkimport/importer_scheduled_appointments.go:71.26,75.3 3 0
github.com/convision/api/internal/bulkimport/importer_scheduled_appointments.go:77.2,85.59 2 0
github.com/convision/api/internal/bulkimport/importer_scheduled_appointments.go:85.59,94.3 4 0
github.com/convision/api/internal/bulkimport/importer_scheduled_appointments.go:96.2,97.12 2 0
github.com/convision/api/internal/bulkimport/importer_scheduled_appointments.go:100.158,101.81 1 0
github.com/convision/api/internal/bulkimport/importer_scheduled_appointments.go:101.81,103.3 1 0
github.com/convision/api/internal/bulkimport/importer_scheduled_appointments.go:105.2,115.66 3 0
github.com/convision/api/internal/bulkimport/importer_scheduled_appointments.go:115.66,116.36 1 0
github.com/convision/api/internal/bulkimport/importer_scheduled_appointments.go:116.36,118.4 1 0
github.com/convision/api/internal/bulkimport/importer_scheduled_appointments.go:121.2,121.52 1 0
github.com/convision/api/internal/bulkimport/importer_scheduled_appointments.go:121.52,123.3 1 0
github.com/convision/api/internal/bulkimport/importer_scheduled_appointments.go:124.2,124.15 1 0
github.com/convision/api/internal/bulkimport/importer_scheduled_appointments.go:129.38,131.2 1 0
github.com/convision/api/internal/bulkimport/importer_scheduled_appointments.go:133.119,136.29 2 0
github.com/convision/api/internal/bulkimport/importer_scheduled_appointments.go:136.29,138.3 1 0
github.com/convision/api/internal/bulkimport/importer_scheduled_appointments.go:139.2,141.16 3 0
github.com/convision/api/internal/bulkimport/importer_scheduled_appointments.go:141.16,145.3 2 0
github.com/convision/api/internal/bulkimport/importer_scheduled_appointments.go:146.2,147.12 2 0
github.com/convision/api/internal/bulkimport/importer_scheduled_appointments.go:150.121,152.15 2 0
github.com/convision/api/internal/bulkimport/importer_scheduled_appointments.go:152.15,154.3 1 0
github.com/convision/api/internal/bulkimport/importer_scheduled_appointments.go:155.2,157.16 3 0
github.com/convision/api/internal/bulkimport/importer_scheduled_appointments.go:157.16,161.3 2 0
github.com/convision/api/internal/bulkimport/importer_scheduled_appointments.go:162.2,163.12 2 0
github.com/convision/api/internal/bulkimport/importer_scheduled_appointments.go:172.25,178.34 3 0
github.com/convision/api/internal/bulkimport/importer_scheduled_appointments.go:178.34,180.3 1 0
github.com/convision/api/internal/bulkimport/importer_scheduled_appointments.go:182.2,193.49 3 0
github.com/convision/api/internal/bulkimport/importer_scheduled_appointments.go:193.49,196.37 2 0
github.com/convision/api/internal/bulkimport/importer_scheduled_appointments.go:196.37,198.4 1 0
github.com/convision/api/internal/bulkimport/importer_scheduled_appointments.go:199.3,199.53 1 0
github.com/convision/api/internal/bulkimport/importer_scheduled_appointments.go:201.2,201.15 1 0
github.com/convision/api/internal/bulkimport/importer_staff_users.go:32.124,34.2 1 0
github.com/convision/api/internal/bulkimport/importer_staff_users.go:36.48,36.81 1 0
github.com/convision/api/internal/bulkimport/importer_staff_users.go:38.102,42.17 3 0
github.com/convision/api/internal/bulkimport/importer_staff_users.go:42.17,46.3 3 0
github.com/convision/api/internal/bulkimport/importer_staff_users.go:47.2,50.20 3 0
github.com/convision/api/internal/bulkimport/importer_staff_users.go:50.20,54.3 3 0
github.com/convision/api/internal/bulkimport/importer_staff_users.go:56.2,58.9 3 0
github.com/convision/api/internal/bulkimport/importer_staff_users.go:58.9,62.3 3 0
github.com/convision/api/internal/bulkimport/importer_staff_users.go:64.2,65.22 2 0
github.com/convision/api/internal/bulkimport/importer_staff_users.go:65.22,69.3 3 0
github.com/convision/api/internal/bulkimport/importer_staff_users.go:72.2,72.78 1 0
github.com/convision/api/internal/bulkimport/importer_staff_users.go:72.78,76.3 3 0
github.com/convision/api/internal/bulkimport/importer_staff_users.go:79.2,79.69 1 0
github.com/convision/api/internal/bulkimport/importer_staff_users.go:79.69,83.3 3 0
github.com/convision/api/internal/bulkimport/importer_staff_users.go:85.2,88.16 3 0
github.com/convision/api/internal/bulkimport/importer_staff_users.go:88.16,90.33 2 0
github.com/convision/api/internal/bulkimport/importer_staff_users.go:90.33,99.4 4 0
github.com/convision/api/internal/bulkimport/importer_staff_users.go:100.3,101.57 2 0
github.com/convision/api/internal/bulkimport/importer_staff_users.go:101.57,110.4 4 0
github.com/convision/api/internal/bulkimport/importer_staff_users.go:113.2,114.16 2 0
github.com/convision/api/internal/bulkimport/importer_staff_users.go:114.16,118.3 3 0
github.com/convision/api/internal/bulkimport/importer_staff_users.go:120.2,131.49 2 0
github.com/convision/api/internal/bulkimport/importer_staff_users.go:131.49,140.3 4 0
github.com/convision/api/internal/bulkimport/importer_staff_users.go:142.2,143.45 2 0
github.com/convision/api/internal/bulkimport/importer_staff_users.go:143.45,150.3 1 0
github.com/convision/api/internal/bulkimport/importer_staff_users.go:152.2,153.12 2 0
github.com/convision/api/internal/bulkimport/importer_staff_users.go:157.47,159.22 2 0
github.com/convision/api/internal/bulkimport/importer_staff_users.go:159.22,160.48 1 0
github.com/convision/api/internal/bulkimport/importer_staff_users.go:160.48,162.4 1 0
github.com/convision/api/internal/bulkimport/importer_staff_users.go:164.2,164.19 1 0
github.com/convision/api/internal/bulkimport/importer_staff_users.go:169.51,171.20 2 0
github.com/convision/api/internal/bulkimport/importer_staff_users.go:172.9,173.18 1 0
github.com/convision/api/internal/bulkimport/importer_staff_users.go:174.9,175.22 1 0
github.com/convision/api/internal/bulkimport/importer_staff_users.go:176.9,177.28 1 0
github.com/convision/api/internal/bulkimport/importer_staff_users.go:178.9,179.48 1 0
github.com/convision/api/internal/bulkimport/importer_staff_users.go:180.10,182.72 2 0
github.com/convision/api/internal/bulkimport/service.go:97.12,110.2 1 0
github.com/convision/api/internal/bulkimport/service.go:116.136,118.9 2 0
github.com/convision/api/internal/bulkimport/service.go:118.9,120.3 1 0
github.com/convision/api/internal/bulkimport/service.go:122.2,123.16 2 0
github.com/convision/api/internal/bulkimport/service.go:123.16,125.3 1 0
github.com/convision/api/internal/bulkimport/service.go:126.2,129.16 3 0
github.com/convision/api/internal/bulkimport/service.go:129.16,131.3 1 0
github.com/convision/api/internal/bulkimport/service.go:132.2,135.22 3 0
github.com/convision/api/internal/bulkimport/service.go:135.22,137.3 1 0
github.com/convision/api/internal/bulkimport/service.go:139.2,140.16 2 0
github.com/convision/api/internal/bulkimport/service.go:140.16,142.3 1 0
github.com/convision/api/internal/bulkimport/service.go:143.2,143.19 1 0
github.com/convision/api/internal/bulkimport/service.go:143.19,145.3 1 0
github.com/convision/api/internal/bulkimport/service.go:147.2,152.31 4 0
github.com/convision/api/internal/bulkimport/service.go:152.31,154.3 1 0
github.com/convision/api/internal/bulkimport/service.go:156.2,160.74 2 0
github.com/convision/api/internal/bulkimport/service.go:160.74,161.43 1 0
github.com/convision/api/internal/bulkimport/service.go:161.43,163.4 1 0
github.com/convision/api/internal/bulkimport/service.go:167.2,168.41 2 0
github.com/convision/api/internal/bulkimport/service.go:168.41,170.3 1 0
github.com/convision/api/internal/bulkimport/service.go:172.2,172.37 1 0
github.com/convision/api/internal/bulkimport/service.go:172.37,178.38 5 0
github.com/convision/api/internal/bulkimport/service.go:178.38,180.4 1 0
github.com/convision/api/internal/bulkimport/service.go:180.9,182.4 1 0
github.com/convision/api/internal/bulkimport/service.go:184.3,185.21 2 0
github.com/convision/api/internal/bulkimport/service.go:186.28,187.20 1 0
github.com/convision/api/internal/bulkimport/service.go:188.28,189.20 1 0
github.com/convision/api/internal/bulkimport/service.go:190.28,191.20 1 0
github.com/convision/api/internal/bulkimport/service.go:192.26,193.19 1 0
github.com/convision/api/internal/bulkimport/service.go:197.2,205.20 2 0
github.com/convision/api/internal/bulkimport/service.go:229.26,233.16 2 0
github.com/convision/api/internal/bulkimport/service.go:233.16,235.3 1 0
github.com/convision/api/internal/bulkimport/service.go:236.2,237.9 2 0
github.com/convision/api/internal/bulkimport/service.go:237.9,239.3 1 0
github.com/convision/api/internal/bulkimport/service.go:242.2,246.35 4 0
github.com/convision/api/internal/bulkimport/service.go:246.35,248.13 2 0
github.com/convision/api/internal/bulkimport/service.go:248.13,252.18 3 0
github.com/convision/api/internal/bulkimport/service.go:252.18,256.5 2 0
github.com/convision/api/internal/bulkimport/service.go:257.4,260.23 3 0
github.com/convision/api/internal/bulkimport/service.go:260.23,263.5 2 0
github.com/convision/api/internal/bulkimport/service.go:267.4,270.24 3 0
github.com/convision/api/internal/bulkimport/service.go:270.24,274.40 4 0
github.com/convision/api/internal/bulkimport/service.go:274.40,276.6 1 0
github.com/convision/api/internal/bulkimport/service.go:276.11,278.6 1 0
github.com/convision/api/internal/bulkimport/service.go:279.5,279.69 1 0
github.com/convision/api/internal/bulkimport/service.go:282.4,282.44 1 0
github.com/convision/api/internal/bulkimport/service.go:282.44,284.36 2 0
github.com/convision/api/internal/bulkimport/service.go:284.36,285.43 1 0
github.com/convision/api/internal/bulkimport/service.go:285.43,288.7 2 0
github.com/convision/api/internal/bulkimport/service.go:289.6,289.18 1 0
github.com/convision/api/internal/bulkimport/service.go:291.5,291.11 1 0
github.com/convision/api/internal/bulkimport/service.go:294.4,294.35 1 0
github.com/convision/api/internal/bulkimport/service.go:294.35,296.5 1 0
github.com/convision/api/internal/bulkimport/service.go:301.2,301.37 1 0
github.com/convision/api/internal/bulkimport/service.go:301.37,303.3 1 0
github.com/convision/api/internal/bulkimport/service.go:304.2,307.12 2 0
github.com/convision/api/internal/bulkimport/service.go:307.12,310.3 2 0
github.com/convision/api/internal/bulkimport/service.go:313.2,314.25 2 0
github.com/convision/api/internal/bulkimport/service.go:314.25,316.3 1 0
github.com/convision/api/internal/bulkimport/service.go:317.2,317.44 1 0
github.com/convision/api/internal/bulkimport/service.go:317.44,319.3 1 0
github.com/convision/api/internal/bulkimport/service.go:321.2,322.30 2 0
github.com/convision/api/internal/bulkimport/service.go:322.30,324.23 2 0
github.com/convision/api/internal/bulkimport/service.go:325.28,326.20 1 0
github.com/convision/api/internal/bulkimport/service.go:327.28,328.20 1 0
github.com/convision/api/internal/bulkimport/service.go:329.28,330.20 1 0
github.com/convision/api/internal/bulkimport/service.go:331.26,332.19 1 0
github.com/convision/api/internal/bulkimport/service.go:336.2,345.20 2 0
github.com/convision/api/internal/bulkimport/service.go:349.50,351.28 2 0
github.com/convision/api/internal/bulkimport/service.go:351.28,353.3 1 0
github.com/convision/api/internal/bulkimport/service.go:354.2,354.14 1 0
github.com/convision/api/internal/bulkimport/service.go:358.46,360.24 2 0
github.com/convision/api/internal/bulkimport/service.go:360.24,362.3 1 0
github.com/convision/api/internal/bulkimport/service.go:363.2,363.12 1 0
github.com/convision/api/internal/bulkimport/service.go:367.72,369.28 2 0
github.com/convision/api/internal/bulkimport/service.go:369.28,370.19 1 0
github.com/convision/api/internal/bulkimport/service.go:370.19,372.4 1 0
github.com/convision/api/internal/bulkimport/service.go:372.9,374.4 1 0
github.com/convision/api/internal/bulkimport/service.go:376.2,376.10 1 0
github.com/convision/api/internal/bulkimport/service.go:380.46,382.21 2 0
github.com/convision/api/internal/bulkimport/service.go:382.21,384.3 1 0
github.com/convision/api/internal/bulkimport/service.go:385.2,385.21 1 0
github.com/convision/api/internal/bulkimport/service.go:385.21,387.3 1 0
github.com/convision/api/internal/bulkimport/service.go:388.2,389.71 2 0
github.com/convision/api/internal/bulkimport/service.go:393.35,395.26 2 0
github.com/convision/api/internal/bulkimport/service.go:395.26,397.18 2 0
github.com/convision/api/internal/bulkimport/service.go:397.18,398.12 1 0
github.com/convision/api/internal/bulkimport/service.go:400.3,400.24 1 0
github.com/convision/api/internal/bulkimport/service.go:400.24,401.14 1 0
github.com/convision/api/internal/bulkimport/service.go:401.14,403.5 1 0
github.com/convision/api/internal/bulkimport/service.go:403.10,405.5 1 0
github.com/convision/api/internal/bulkimport/service.go:407.3,407.23 1 0
github.com/convision/api/internal/bulkimport/service.go:409.2,409.33 1 0
github.com/convision/api/internal/bulkimport/service.go:415.37,417.28 2 0
github.com/convision/api/internal/bulkimport/service.go:417.28,418.73 1 0
github.com/convision/api/internal/bulkimport/service.go:418.73,420.4 1 0
github.com/convision/api/internal/bulkimport/service.go:422.2,422.12 1 0
github.com/convision/api/internal/bulkimport/service.go:426.35,428.2 1 0
github.com/convision/api/internal/clinicalrecord/service.go:64.84,66.2 1 0
github.com/convision/api/internal/clinicalrecord/service.go:69.103,71.2 1 0
github.com/convision/api/internal/clinicalrecord/service.go:76.106,78.2 1 0
github.com/convision/api/internal/clinicalrecord/service.go:81.93,82.25 1 0
github.com/convision/api/internal/clinicalrecord/service.go:82.25,84.3 1 0
github.com/convision/api/internal/clinicalrecord/service.go:85.2,93.47 2 0
github.com/convision/api/internal/clinicalrecord/service.go:93.47,99.3 2 0
github.com/convision/api/internal/clinicalrecord/service.go:100.2,100.17 1 0
github.com/convision/api/internal/clinicalrecord/service.go:190.111,192.34 2 0
github.com/convision/api/internal/clinicalrecord/service.go:192.34,194.3 1 0
github.com/convision/api/internal/clinicalrecord/service.go:195.2,212.30 2 0
github.com/convision/api/internal/clinicalrecord/service.go:212.30,214.17 2 0
github.com/convision/api/internal/clinicalrecord/service.go:214.17,216.4 1 0
github.com/convision/api/internal/clinicalrecord/service.go:218.2,218.82 1 0
github.com/convision/api/internal/clinicalrecord/service.go:218.82,224.3 2 0
github.com/convision/api/internal/clinicalrecord/service.go:225.2,225.12 1 0
github.com/convision/api/internal/clinicalrecord/service.go:229.113,285.83 2 0
github.com/convision/api/internal/clinicalrecord/service.go:285.83,291.3 2 0
github.com/convision/api/internal/clinicalrecord/service.go:292.2,292.12 1 0
github.com/convision/api/internal/clinicalrecord/service.go:321.117,323.25 2 0
github.com/convision/api/internal/clinicalrecord/service.go:323.25,325.3 1 0
github.com/convision/api/internal/clinicalrecord/service.go:326.2,347.85 2 0
github.com/convision/api/internal/clinicalrecord/service.go:347.85,353.3 2 0
github.com/convision/api/internal/clinicalrecord/service.go:354.2,354.12 1 0
github.com/convision/api/internal/clinicalrecord/service.go:358.95,359.88 1 0
github.com/convision/api/internal/clinicalrecord/service.go:359.88,365.3 2 0
github.com/convision/api/internal/clinicalrecord/service.go:366.2,366.12 1 0
github.com/convision/api/internal/clinicalrecord/service.go:370.111,401.82 2 0
github.com/convision/api/internal/clinicalrecord/service.go:401.82,407.3 2 0
github.com/convision/api/internal/clinicalrecord/service.go:408.2,408.12 1 0
github.com/convision/api/internal/cash/service.go:21.82,23.2 1 0
github.com/convision/api/internal/cash/service.go:75.79,77.2 1 0
github.com/convision/api/internal/cash/service.go:80.63,82.16 2 0
github.com/convision/api/internal/cash/service.go:82.16,84.3 1 0
github.com/convision/api/internal/cash/service.go:85.2,86.25 2 0
github.com/convision/api/internal/cash/service.go:86.25,87.19 1 0
github.com/convision/api/internal/cash/service.go:88.18,89.17 1 0
github.com/convision/api/internal/cash/service.go:90.19,91.18 1 0
github.com/convision/api/internal/cash/service.go:92.20,93.19 1 0
github.com/convision/api/internal/cash/service.go:95.3,95.30 1 0
github.com/convision/api/internal/cash/service.go:97.2,97.17 1 0
github.com/convision/api/internal/cash/service.go:101.87,104.16 3 0
github.com/convision/api/internal/cash/service.go:104.16,106.3 1 0
github.com/convision/api/internal/cash/service.go:107.2,108.15 2 0
github.com/convision/api/internal/cash/service.go:108.15,110.3 1 0
github.com/convision/api/internal/cash/service.go:111.2,111.112 1 0
github.com/convision/api/internal/cash/service.go:115.111,137.45 5 0
github.com/convision/api/internal/cash/service.go:137.45,139.3 1 0
github.com/convision/api/internal/cash/service.go:140.2,141.33 2 0
github.com/convision/api/internal/cash/service.go:145.97,147.16 2 0
github.com/convision/api/internal/cash/service.go:147.16,149.3 1 0
github.com/convision/api/internal/cash/service.go:150.2,150.25 1 0
github.com/convision/api/internal/cash/service.go:150.25,152.3 1 0
github.com/convision/api/internal/cash/service.go:153.2,153.24 1 0
github.com/convision/api/internal/cash/service.go:153.24,155.3 1 0
github.com/convision/api/internal/cash/service.go:156.2,156.23 1 0
github.com/convision/api/internal/cash/service.go:156.23,158.3 1 0
github.com/convision/api/internal/cash/service.go:159.2,159.45 1 0
github.com/convision/api/internal/cash/service.go:159.45,161.3 1 0
github.com/convision/api/internal/cash/service.go:162.2,162.33 1 0
github.com/convision/api/internal/cash/service.go:166.123,168.16 2 0
github.com/convision/api/internal/cash/service.go:168.16,170.3 1 0
github.com/convision/api/internal/cash/service.go:171.2,175.23 5 0
github.com/convision/api/internal/cash/service.go:175.23,177.3 1 0
github.com/convision/api/internal/cash/service.go:178.2,178.45 1 0
github.com/convision/api/internal/cash/service.go:178.45,180.3 1 0
github.com/convision/api/internal/cash/service.go:181.2,181.33 1 0
github.com/convision/api/internal/cash/service.go:185.97,187.16 2 0
github.com/convision/api/internal/cash/service.go:187.16,189.3 1 0
github.com/convision/api/internal/cash/service.go:190.2,191.23 2 0
github.com/convision/api/internal/cash/service.go:191.23,193.3 1 0
github.com/convision/api/internal/cash/service.go:194.2,194.45 1 0
github.com/convision/api/internal/cash/service.go:194.45,196.3 1 0
github.com/convision/api/internal/cash/service.go:197.2,197.33 1 0
github.com/convision/api/internal/cash/service.go:201.54,202.50 1 0
github.com/convision/api/internal/cash/service.go:202.50,204.3 1 0
github.com/convision/api/internal/cash/service.go:205.2,205.30 1 0
github.com/convision/api/internal/appointment/service.go:22.81,24.2 1 0
github.com/convision/api/internal/appointment/service.go:83.69,84.23 1 0
github.com/convision/api/internal/appointment/service.go:84.23,85.61 1 0
github.com/convision/api/internal/appointment/service.go:85.61,87.4 1 0
github.com/convision/api/internal/appointment/service.go:89.2,89.33 1 0
github.com/convision/api/internal/appointment/service.go:89.33,90.65 1 0
github.com/convision/api/internal/appointment/service.go:90.65,92.4 1 0
github.com/convision/api/internal/appointment/service.go:94.2,94.12 1 0
github.com/convision/api/internal/appointment/service.go:98.86,102.16 3 0
github.com/convision/api/internal/appointment/service.go:102.16,104.3 1 0
github.com/convision/api/internal/appointment/service.go:106.2,107.15 2 0
github.com/convision/api/internal/appointment/service.go:107.15,109.3 1 0
github.com/convision/api/internal/appointment/service.go:111.2,117.8 1 0
github.com/convision/api/internal/appointment/service.go:121.78,123.2 1 0
github.com/convision/api/internal/appointment/service.go:128.108,129.56 1 0
github.com/convision/api/internal/appointment/service.go:129.56,131.3 1 0
github.com/convision/api/internal/appointment/service.go:132.2,134.53 2 0
github.com/convision/api/internal/appointment/service.go:134.53,136.17 2 0
github.com/convision/api/internal/appointment/service.go:136.17,138.4 1 0
github.com/convision/api/internal/appointment/service.go:139.3,139.15 1 0
github.com/convision/api/internal/appointment/service.go:139.15,144.4 1 0
github.com/convision/api/internal/appointment/service.go:147.2,160.45 2 0
github.com/convision/api/internal/appointment/service.go:160.45,162.3 1 0
github.com/convision/api/internal/appointment/service.go:164.2,165.33 2 0
github.com/convision/api/internal/appointment/service.go:169.96,171.16 2 0
github.com/convision/api/internal/appointment/service.go:171.16,173.3 1 0
github.com/convision/api/internal/appointment/service.go:175.2,175.28 1 0
github.com/convision/api/internal/appointment/service.go:175.28,177.3 1 0
github.com/convision/api/internal/appointment/service.go:178.2,178.31 1 0
github.com/convision/api/internal/appointment/service.go:178.31,180.3 1 0
github.com/convision/api/internal/appointment/service.go:181.2,181.82 1 0
github.com/convision/api/internal/appointment/service.go:181.82,183.3 1 0
github.com/convision/api/internal/appointment/service.go:184.2,184.23 1 0
github.com/convision/api/internal/appointment/service.go:184.23,186.3 1 0
github.com/convision/api/internal/appointment/service.go:187.2,187.24 1 0
github.com/convision/api/internal/appointment/service.go:187.24,189.3 1 0
github.com/convision/api/internal/appointment/service.go:190.2,190.24 1 0
github.com/convision/api/internal/appointment/service.go:190.24,192.3 1 0
github.com/convision/api/internal/appointment/service.go:194.2,195.73 2 0
github.com/convision/api/internal/appointment/service.go:195.73,197.18 2 0
github.com/convision/api/internal/appointment/service.go:197.18,199.4 1 0
github.com/convision/api/internal/appointment/service.go:200.3,200.15 1 0
github.com/convision/api/internal/appointment/service.go:200.15,205.4 1 0
github.com/convision/api/internal/appointment/service.go:208.2,208.45 1 0
github.com/convision/api/internal/appointment/service.go:208.45,210.3 1 0
github.com/convision/api/internal/appointment/service.go:211.2,211.33 1 0
github.com/convision/api/internal/appointment/service.go:215.100,217.2 1 0
github.com/convision/api/internal/appointment/service.go:220.54,221.50 1 0
github.com/convision/api/internal/appointment/service.go:221.50,223.3 1 0
github.com/convision/api/internal/appointment/service.go:224.2,224.30 1 0
github.com/convision/api/internal/appointment/service.go:231.94,233.16 2 0
github.com/convision/api/internal/appointment/service.go:233.16,235.3 1 0
github.com/convision/api/internal/appointment/service.go:237.2,238.16 2 0
github.com/convision/api/internal/appointment/service.go:238.16,239.46 1 0
github.com/convision/api/internal/appointment/service.go:239.46,241.4 1 0
github.com/convision/api/internal/appointment/service.go:242.8,242.45 1 0
github.com/convision/api/internal/appointment/service.go:242.45,247.3 1 0
github.com/convision/api/internal/appointment/service.go:249.2,252.45 3 0
github.com/convision/api/internal/appointment/service.go:252.45,254.3 1 0
github.com/convision/api/internal/appointment/service.go:255.2,255.33 1 0
github.com/convision/api/internal/appointment/service.go:259.76,261.16 2 0
github.com/convision/api/internal/appointment/service.go:261.16,263.3 1 0
github.com/convision/api/internal/appointment/service.go:264.2,264.52 1 0
github.com/convision/api/internal/appointment/service.go:264.52,266.3 1 0
github.com/convision/api/internal/appointment/service.go:268.2,269.45 2 0
github.com/convision/api/internal/appointment/service.go:269.45,271.3 1 0
github.com/convision/api/internal/appointment/service.go:272.2,272.33 1 0
github.com/convision/api/internal/appointment/service.go:276.77,278.16 2 0
github.com/convision/api/internal/appointment/service.go:278.16,280.3 1 0
github.com/convision/api/internal/appointment/service.go:281.2,281.48 1 0
github.com/convision/api/internal/appointment/service.go:281.48,283.3 1 0
github.com/convision/api/internal/appointment/service.go:285.2,286.45 2 0
github.com/convision/api/internal/appointment/service.go:286.45,288.3 1 0
github.com/convision/api/internal/appointment/service.go:289.2,289.33 1 0
github.com/convision/api/internal/appointment/service.go:303.24,313.23 2 0
github.com/convision/api/internal/appointment/service.go:313.23,316.3 2 0
github.com/convision/api/internal/appointment/service.go:317.2,317.39 1 0
github.com/convision/api/internal/appointment/service.go:317.39,320.3 2 0
github.com/convision/api/internal/appointment/service.go:321.2,321.22 1 0
github.com/convision/api/internal/appointment/service.go:326.152,328.2 1 0
github.com/convision/api/internal/appointment/service.go:332.120,333.61 1 0
github.com/convision/api/internal/appointment/service.go:333.61,338.3 1 0
github.com/convision/api/internal/appointment/service.go:339.2,339.50 1 0
github.com/convision/api/internal/appointment/service.go:339.50,341.3 1 0
github.com/convision/api/internal/appointment/service.go:342.2,342.103 1 0
github.com/convision/api/internal/appointment/service.go:342.103,344.3 1 0
github.com/convision/api/internal/appointment/service.go:345.2,349.31 2 0
github.com/convision/api/internal/appointment/service.go:353.110,355.16 2 0
github.com/convision/api/internal/appointment/service.go:355.16,357.3 1 0
github.com/convision/api/internal/appointment/service.go:359.2,359.23 1 0
github.com/convision/api/internal/appointment/service.go:359.23,361.3 1 0
github.com/convision/api/internal/appointment/service.go:362.2,362.43 1 0
github.com/convision/api/internal/appointment/service.go:362.43,364.3 1 0
github.com/convision/api/internal/appointment/service.go:365.2,365.44 1 0
github.com/convision/api/internal/appointment/service.go:365.44,367.3 1 0
github.com/convision/api/internal/appointment/service.go:369.2,369.45 1 0
github.com/convision/api/internal/appointment/service.go:369.45,371.3 1 0
github.com/convision/api/internal/appointment/service.go:372.2,372.33 1 0
github.com/convision/api/internal/appointment/service.go:375.116,377.16 2 0
github.com/convision/api/internal/appointment/service.go:377.16,379.3 1 0
github.com/convision/api/internal/appointment/service.go:381.2,381.37 1 0
github.com/convision/api/internal/appointment/service.go:381.37,383.3 1 0
github.com/convision/api/internal/appointment/service.go:384.2,384.40 1 0
github.com/convision/api/internal/appointment/service.go:384.40,386.3 1 0
github.com/convision/api/internal/appointment/service.go:388.2,388.45 1 0
github.com/convision/api/internal/appointment/service.go:388.45,390.3 1 0
github.com/convision/api/internal/appointment/service.go:392.2,395.33 2 0
github.com/convision/api/internal/catalog/service.go:32.12,43.2 1 0
github.com/convision/api/internal/catalog/service.go:47.49,48.16 1 0
github.com/convision/api/internal/catalog/service.go:48.16,50.3 1 0
github.com/convision/api/internal/catalog/service.go:51.2,52.29 2 0
github.com/convision/api/internal/catalog/service.go:52.29,54.3 1 0
github.com/convision/api/internal/catalog/service.go:55.2,55.11 1 0
github.com/convision/api/internal/catalog/service.go:58.46,59.14 1 0
github.com/convision/api/internal/catalog/service.go:59.14,61.3 1 0
github.com/convision/api/internal/catalog/service.go:62.2,62.34 1 0
github.com/convision/api/internal/catalog/service.go:62.34,64.3 1 0
github.com/convision/api/internal/catalog/service.go:65.2,65.22 1 0
github.com/convision/api/internal/catalog/service.go:85.88,88.16 3 0
github.com/convision/api/internal/catalog/service.go:88.16,90.3 1 0
github.com/convision/api/internal/catalog/service.go:91.2,97.8 1 0
github.com/convision/api/internal/catalog/service.go:100.73,102.2 1 0
github.com/convision/api/internal/catalog/service.go:104.85,106.50 2 0
github.com/convision/api/internal/catalog/service.go:106.50,108.3 1 0
github.com/convision/api/internal/catalog/service.go:109.2,109.15 1 0
github.com/convision/api/internal/catalog/service.go:112.94,114.16 2 0
github.com/convision/api/internal/catalog/service.go:114.16,116.3 1 0
github.com/convision/api/internal/catalog/service.go:117.2,119.50 3 0
github.com/convision/api/internal/catalog/service.go:119.50,121.3 1 0
github.com/convision/api/internal/catalog/service.go:122.2,122.36 1 0
github.com/convision/api/internal/catalog/service.go:125.59,126.55 1 0
github.com/convision/api/internal/catalog/service.go:126.55,128.3 1 0
github.com/convision/api/internal/catalog/service.go:129.2,129.35 1 0
github.com/convision/api/internal/catalog/service.go:147.94,150.16 3 0
github.com/convision/api/internal/catalog/service.go:150.16,152.3 1 0
github.com/convision/api/internal/catalog/service.go:153.2,156.8 1 0
github.com/convision/api/internal/catalog/service.go:159.79,161.2 1 0
github.com/convision/api/internal/catalog/service.go:163.94,165.53 2 0
github.com/convision/api/internal/catalog/service.go:165.53,167.3 1 0
github.com/convision/api/internal/catalog/service.go:168.2,168.15 1 0
github.com/convision/api/internal/catalog/service.go:171.103,173.16 2 0
github.com/convision/api/internal/catalog/service.go:173.16,175.3 1 0
github.com/convision/api/internal/catalog/service.go:176.2,178.53 3 0
github.com/convision/api/internal/catalog/service.go:178.53,180.3 1 0
github.com/convision/api/internal/catalog/service.go:181.2,181.39 1 0
github.com/convision/api/internal/catalog/service.go:184.62,185.58 1 0
github.com/convision/api/internal/catalog/service.go:185.58,187.3 1 0
github.com/convision/api/internal/catalog/service.go:188.2,188.38 1 0
github.com/convision/api/internal/catalog/service.go:206.94,209.16 3 0
github.com/convision/api/internal/catalog/service.go:209.16,211.3 1 0
github.com/convision/api/internal/catalog/service.go:212.2,215.8 1 0
github.com/convision/api/internal/catalog/service.go:218.79,220.2 1 0
github.com/convision/api/internal/catalog/service.go:222.94,224.53 2 0
github.com/convision/api/internal/catalog/service.go:224.53,226.3 1 0
github.com/convision/api/internal/catalog/service.go:227.2,227.15 1 0
github.com/convision/api/internal/catalog/service.go:230.103,232.16 2 0
github.com/convision/api/internal/catalog/service.go:232.16,234.3 1 0
github.com/convision/api/internal/catalog/service.go:235.2,237.53 3 0
github.com/convision/api/internal/catalog/service.go:237.53,239.3 1 0
github.com/convision/api/internal/catalog/service.go:240.2,240.39 1 0
github.com/convision/api/internal/catalog/service.go:243.62,244.58 1 0
github.com/convision/api/internal/catalog/service.go:244.58,246.3 1 0
github.com/convision/api/internal/catalog/service.go:247.2,247.38 1 0
github.com/convision/api/internal/catalog/service.go:265.97,268.16 3 0
github.com/convision/api/internal/catalog/service.go:268.16,270.3 1 0
github.com/convision/api/internal/catalog/service.go:271.2,274.8 1 0
github.com/convision/api/internal/catalog/service.go:277.81,279.2 1 0
github.com/convision/api/internal/catalog/service.go:281.97,283.54 2 0
github.com/convision/api/internal/catalog/service.go:283.54,285.3 1 0
github.com/convision/api/internal/catalog/service.go:286.2,286.15 1 0
github.com/convision/api/internal/catalog/service.go:289.106,291.16 2 0
github.com/convision/api/internal/catalog/service.go:291.16,293.3 1 0
github.com/convision/api/internal/catalog/service.go:294.2,296.54 3 0
github.com/convision/api/internal/catalog/service.go:296.54,298.3 1 0
github.com/convision/api/internal/catalog/service.go:299.2,299.40 1 0
github.com/convision/api/internal/catalog/service.go:302.63,303.59 1 0
github.com/convision/api/internal/catalog/service.go:303.59,305.3 1 0
github.com/convision/api/internal/catalog/service.go:306.2,306.39 1 0
github.com/convision/api/internal/catalog/service.go:324.96,327.16 3 0
github.com/convision/api/internal/catalog/service.go:327.16,329.3 1 0
github.com/convision/api/internal/catalog/service.go:330.2,333.8 1 0
github.com/convision/api/internal/catalog/service.go:336.81,338.2 1 0
github.com/convision/api/internal/catalog/service.go:340.97,342.54 2 0
github.com/convision/api/internal/catalog/service.go:342.54,344.3 1 0
github.com/convision/api/internal/catalog/service.go:345.2,345.15 1 0
github.com/convision/api/internal/catalog/service.go:348.106,350.16 2 0
github.com/convision/api/internal/catalog/service.go:350.16,352.3 1 0
github.com/convision/api/internal/catalog/service.go:353.2,355.54 3 0
github.com/convision/api/internal/catalog/service.go:355.54,357.3 1 0
github.com/convision/api/internal/catalog/service.go:358.2,358.40 1 0
github.com/convision/api/internal/catalog/service.go:361.63,362.59 1 0
github.com/convision/api/internal/catalog/service.go:362.59,364.3 1 0
github.com/convision/api/internal/catalog/service.go:365.2,365.39 1 0
github.com/convision/api/internal/catalog/service.go:383.102,386.16 3 0
github.com/convision/api/internal/catalog/service.go:386.16,388.3 1 0
github.com/convision/api/internal/catalog/service.go:389.2,392.8 1 0
github.com/convision/api/internal/catalog/service.go:395.87,397.2 1 0
github.com/convision/api/internal/catalog/service.go:399.106,401.57 2 0
github.com/convision/api/internal/catalog/service.go:401.57,403.3 1 0
github.com/convision/api/internal/catalog/service.go:404.2,404.15 1 0
github.com/convision/api/internal/catalog/service.go:407.115,409.16 2 0
github.com/convision/api/internal/catalog/service.go:409.16,411.3 1 0
github.com/convision/api/internal/catalog/service.go:412.2,414.57 3 0
github.com/convision/api/internal/catalog/service.go:414.57,416.3 1 0
github.com/convision/api/internal/catalog/service.go:417.2,417.43 1 0
github.com/convision/api/internal/catalog/service.go:420.66,421.62 1 0
github.com/convision/api/internal/catalog/service.go:421.62,423.3 1 0
github.com/convision/api/internal/catalog/service.go:424.2,424.42 1 0
github.com/convision/api/internal/catalog/service.go:446.104,449.16 3 0
github.com/convision/api/internal/catalog/service.go:449.16,451.3 1 0
github.com/convision/api/internal/catalog/service.go:452.2,455.8 1 0
github.com/convision/api/internal/catalog/service.go:459.90,461.2 1 0
github.com/convision/api/internal/catalog/service.go:463.89,465.2 1 0
github.com/convision/api/internal/catalog/service.go:467.109,469.27 2 0
github.com/convision/api/internal/catalog/service.go:469.27,471.3 1 0
github.com/convision/api/internal/catalog/service.go:472.2,473.36 2 0
github.com/convision/api/internal/catalog/service.go:473.36,475.3 1 0
github.com/convision/api/internal/catalog/service.go:476.2,481.58 2 0
github.com/convision/api/internal/catalog/service.go:481.58,483.3 1 0
github.com/convision/api/internal/catalog/service.go:484.2,484.15 1 0
github.com/convision/api/internal/catalog/service.go:487.118,489.16 2 0
github.com/convision/api/internal/catalog/service.go:489.16,491.3 1 0
github.com/convision/api/internal/catalog/service.go:492.2,492.22 1 0
github.com/convision/api/internal/catalog/service.go:492.22,494.3 1 0
github.com/convision/api/internal/catalog/service.go:495.2,495.22 1 0
github.com/convision/api/internal/catalog/service.go:495.22,497.3 1 0
github.com/convision/api/internal/catalog/service.go:498.2,500.27 3 0
github.com/convision/api/internal/catalog/service.go:500.27,502.3 1 0
github.com/convision/api/internal/catalog/service.go:503.2,503.36 1 0
github.com/convision/api/internal/catalog/service.go:503.36,505.3 1 0
github.com/convision/api/internal/catalog/service.go:506.2,506.58 1 0
github.com/convision/api/internal/catalog/service.go:506.58,508.3 1 0
github.com/convision/api/internal/catalog/service.go:509.2,509.44 1 0
github.com/convision/api/internal/catalog/service.go:512.67,513.63 1 0
github.com/convision/api/internal/catalog/service.go:513.63,515.3 1 0
github.com/convision/api/internal/catalog/service.go:516.2,516.43 1 0
github.com/convision/api/internal/clinic/service.go:27.12,29.2 1 0
github.com/convision/api/internal/clinic/service.go:211.46,212.14 1 0
github.com/convision/api/internal/clinic/service.go:212.14,214.3 1 0
github.com/convision/api/internal/clinic/service.go:215.2,215.34 1 0
github.com/convision/api/internal/clinic/service.go:215.34,217.3 1 0
github.com/convision/api/internal/clinic/service.go:218.2,218.22 1 0
github.com/convision/api/internal/clinic/service.go:222.82,224.2 1 0
github.com/convision/api/internal/clinic/service.go:227.102,229.2 1 0
github.com/convision/api/internal/clinic/service.go:232.90,235.16 3 0
github.com/convision/api/internal/clinic/service.go:235.16,237.3 1 0
github.com/convision/api/internal/clinic/service.go:238.2,239.18 2 0
github.com/convision/api/internal/clinic/service.go:239.18,241.3 1 0
github.com/convision/api/internal/clinic/service.go:242.2,242.112 1 0
github.com/convision/api/internal/clinic/service.go:246.123,249.2 2 0
github.com/convision/api/internal/clinic/service.go:252.91,253.67 1 0
github.com/convision/api/internal/clinic/service.go:253.67,255.3 1 0
github.com/convision/api/internal/clinic/service.go:257.2,313.50 2 0
github.com/convision/api/internal/clinic/service.go:313.50,315.3 1 0
github.com/convision/api/internal/clinic/service.go:317.2,321.38 2 0
github.com/convision/api/internal/clinic/service.go:325.100,327.16 2 0
github.com/convision/api/internal/clinic/service.go:327.16,329.3 1 0
github.com/convision/api/internal/clinic/service.go:331.2,332.39 2 0
github.com/convision/api/internal/clinic/service.go:332.39,334.3 1 0
github.com/convision/api/internal/clinic/service.go:335.2,335.32 1 0
github.com/convision/api/internal/clinic/service.go:335.32,337.3 1 0
github.com/convision/api/internal/clinic/service.go:338.2,338.33 1 0
github.com/convision/api/internal/clinic/service.go:338.33,340.3 1 0
github.com/convision/api/internal/clinic/service.go:341.2,341.31 1 0
github.com/convision/api/internal/clinic/service.go:341.31,343.3 1 0
github.com/convision/api/internal/clinic/service.go:344.2,344.37 1 0
github.com/convision/api/internal/clinic/service.go:344.37,346.3 1 0
github.com/convision/api/internal/clinic/service.go:347.2,347.40 1 0
github.com/convision/api/internal/clinic/service.go:347.40,349.3 1 0
github.com/convision/api/internal/clinic/service.go:350.2,350.39 1 0
github.com/convision/api/internal/clinic/service.go:350.39,352.3 1 0
github.com/convision/api/internal/clinic/service.go:353.2,353.35 1 0
github.com/convision/api/internal/clinic/service.go:353.35,355.3 1 0
github.com/convision/api/internal/clinic/service.go:356.2,356.43 1 0
github.com/convision/api/internal/clinic/service.go:356.43,358.3 1 0
github.com/convision/api/internal/clinic/service.go:359.2,359.28 1 0
github.com/convision/api/internal/clinic/service.go:359.28,361.3 1 0
github.com/convision/api/internal/clinic/service.go:362.2,362.37 1 0
github.com/convision/api/internal/clinic/service.go:362.37,364.3 1 0
github.com/convision/api/internal/clinic/service.go:365.2,365.39 1 0
github.com/convision/api/internal/clinic/service.go:365.39,367.3 1 0
github.com/convision/api/internal/clinic/service.go:368.2,368.29 1 0
github.com/convision/api/internal/clinic/service.go:368.29,370.3 1 0
github.com/convision/api/internal/clinic/service.go:371.2,371.27 1 0
github.com/convision/api/internal/clinic/service.go:371.27,373.3 1 0
github.com/convision/api/internal/clinic/service.go:374.2,407.28 34 0
github.com/convision/api/internal/clinic/service.go:407.28,409.3 1 0
github.com/convision/api/internal/clinic/service.go:410.2,410.31 1 0
github.com/convision/api/internal/clinic/service.go:410.31,412.3 1 0
github.com/convision/api/internal/clinic/service.go:413.2,413.30 1 0
github.com/convision/api/internal/clinic/service.go:413.30,415.3 1 0
github.com/convision/api/internal/clinic/service.go:417.2,417.50 1 0
github.com/convision/api/internal/clinic/service.go:417.50,419.3 1 0
github.com/convision/api/internal/clinic/service.go:421.2,422.38 2 0
github.com/convision/api/internal/clinic/service.go:426.93,428.2 1 0
github.com/convision/api/internal/clinic/service.go:431.112,434.16 3 0
github.com/convision/api/internal/clinic/service.go:434.16,436.3 1 0
github.com/convision/api/internal/clinic/service.go:437.2,438.18 2 0
github.com/convision/api/internal/clinic/service.go:438.18,440.3 1 0
github.com/convision/api/internal/clinic/service.go:441.2,441.117 1 0
github.com/convision/api/internal/clinic/service.go:445.111,446.76 1 0
github.com/convision/api/internal/clinic/service.go:446.76,448.3 1 0
github.com/convision/api/internal/clinic/service.go:450.2,474.31 2 0
github.com/convision/api/internal/clinic/service.go:474.31,476.17 2 0
github.com/convision/api/internal/clinic/service.go:476.17,478.4 1 0
github.com/convision/api/internal/clinic/service.go:481.2,481.51 1 0
github.com/convision/api/internal/clinic/service.go:481.51,483.3 1 0
github.com/convision/api/internal/clinic/service.go:485.2,486.39 2 0
github.com/convision/api/internal/clinic/service.go:490.120,492.16 2 0
github.com/convision/api/internal/clinic/service.go:492.16,494.3 1 0
github.com/convision/api/internal/clinic/service.go:496.2,497.32 2 0
github.com/convision/api/internal/clinic/service.go:497.32,499.3 1 0
github.com/convision/api/internal/clinic/service.go:500.2,500.31 1 0
github.com/convision/api/internal/clinic/service.go:500.31,502.22 2 0
github.com/convision/api/internal/clinic/service.go:502.22,504.4 1 0
github.com/convision/api/internal/clinic/service.go:506.2,524.51 18 0
github.com/convision/api/internal/clinic/service.go:524.51,526.3 1 0
github.com/convision/api/internal/clinic/service.go:528.2,529.39 2 0
github.com/convision/api/internal/clinic/service.go:533.63,534.56 1 0
github.com/convision/api/internal/clinic/service.go:534.56,536.3 1 0
github.com/convision/api/internal/clinic/service.go:537.2,537.36 1 0
github.com/convision/api/internal/branch/service.go:15.76,17.2 1 0
github.com/convision/api/internal/branch/service.go:48.73,50.16 2 0
github.com/convision/api/internal/branch/service.go:50.16,52.3 1 0
github.com/convision/api/internal/branch/service.go:53.2,53.15 1 0
github.com/convision/api/internal/branch/service.go:56.66,58.2 1 0
github.com/convision/api/internal/branch/service.go:60.83,62.2 1 0
github.com/convision/api/internal/branch/service.go:64.103,66.16 2 0
github.com/convision/api/internal/branch/service.go:66.16,68.3 1 0
github.com/convision/api/internal/branch/service.go:69.2,70.27 2 0
github.com/convision/api/internal/branch/service.go:70.27,72.24 2 0
github.com/convision/api/internal/branch/service.go:72.24,74.4 1 0
github.com/convision/api/internal/branch/service.go:75.3,79.5 1 0
github.com/convision/api/internal/branch/service.go:81.2,81.17 1 0
github.com/convision/api/internal/branch/service.go:84.82,93.45 2 0
github.com/convision/api/internal/branch/service.go:93.45,95.3 1 0
github.com/convision/api/internal/branch/service.go:96.2,97.15 2 0
github.com/convision/api/internal/branch/service.go:100.91,102.16 2 0
github.com/convision/api/internal/branch/service.go:102.16,104.3 1 0
github.com/convision/api/internal/branch/service.go:105.2,105.23 1 0
github.com/convision/api/internal/branch/service.go:105.23,107.3 1 0
github.com/convision/api/internal/branch/service.go:108.2,108.26 1 0
github.com/convision/api/internal/branch/service.go:108.26,110.3 1 0
github.com/convision/api/internal/branch/service.go:111.2,111.23 1 0
github.com/convision/api/internal/branch/service.go:111.23,113.3 1 0
github.com/convision/api/internal/branch/service.go:114.2,114.24 1 0
github.com/convision/api/internal/branch/service.go:114.24,116.3 1 0
github.com/convision/api/internal/branch/service.go:117.2,117.24 1 0
github.com/convision/api/internal/branch/service.go:117.24,119.3 1 0
github.com/convision/api/internal/branch/service.go:120.2,120.27 1 0
github.com/convision/api/internal/branch/service.go:120.27,122.3 1 0
github.com/convision/api/internal/branch/service.go:123.2,123.37 1 0
github.com/convision/api/internal/branch/service.go:123.37,125.3 1 0
github.com/convision/api/internal/branch/service.go:126.2,126.45 1 0
github.com/convision/api/internal/branch/service.go:126.45,128.3 1 0
github.com/convision/api/internal/branch/service.go:129.2,130.15 2 0
github.com/convision/api/internal/branch/service.go:133.89,135.2 1 0
github.com/convision/api/internal/expense/service.go:21.77,23.2 1 0
github.com/convision/api/internal/expense/service.go:73.74,75.2 1 0
github.com/convision/api/internal/expense/service.go:78.63,80.16 2 0
github.com/convision/api/internal/expense/service.go:80.16,82.3 1 0
github.com/convision/api/internal/expense/service.go:83.2,84.25 2 0
github.com/convision/api/internal/expense/service.go:84.25,86.25 2 0
github.com/convision/api/internal/expense/service.go:86.25,88.4 1 0
github.com/convision/api/internal/expense/service.go:88.9,90.4 1 0
github.com/convision/api/internal/expense/service.go:92.2,92.17 1 0
github.com/convision/api/internal/expense/service.go:96.82,99.16 3 0
github.com/convision/api/internal/expense/service.go:99.16,101.3 1 0
github.com/convision/api/internal/expense/service.go:102.2,103.15 2 0
github.com/convision/api/internal/expense/service.go:103.15,105.3 1 0
github.com/convision/api/internal/expense/service.go:106.2,106.112 1 0
github.com/convision/api/internal/expense/service.go:110.106,112.29 2 0
github.com/convision/api/internal/expense/service.go:112.29,114.17 2 0
github.com/convision/api/internal/expense/service.go:114.17,116.4 1 0
github.com/convision/api/internal/expense/service.go:117.3,117.19 1 0
github.com/convision/api/internal/expense/service.go:120.2,124.35 4 0
github.com/convision/api/internal/expense/service.go:124.35,127.3 2 0
github.com/convision/api/internal/expense/service.go:127.8,127.30 1 0
github.com/convision/api/internal/expense/service.go:127.30,129.3 1 0
github.com/convision/api/internal/expense/service.go:131.2,148.45 2 0
github.com/convision/api/internal/expense/service.go:148.45,150.3 1 0
github.com/convision/api/internal/expense/service.go:151.2,152.33 2 0
github.com/convision/api/internal/expense/service.go:156.92,158.16 2 0
github.com/convision/api/internal/expense/service.go:158.16,160.3 1 0
github.com/convision/api/internal/expense/service.go:161.2,161.29 1 0
github.com/convision/api/internal/expense/service.go:161.29,163.3 1 0
github.com/convision/api/internal/expense/service.go:164.2,164.31 1 0
github.com/convision/api/internal/expense/service.go:164.31,166.3 1 0
github.com/convision/api/internal/expense/service.go:167.2,167.25 1 0
github.com/convision/api/internal/expense/service.go:167.25,169.3 1 0
github.com/convision/api/internal/expense/service.go:170.2,170.29 1 0
github.com/convision/api/internal/expense/service.go:170.29,172.3 1 0
github.com/convision/api/internal/expense/service.go:173.2,173.29 1 0
github.com/convision/api/internal/expense/service.go:173.29,175.17 2 0
github.com/convision/api/internal/expense/service.go:175.17,177.4 1 0
github.com/convision/api/internal/expense/service.go:178.3,178.21 1 0
github.com/convision/api/internal/expense/service.go:180.2,180.25 1 0
github.com/convision/api/internal/expense/service.go:180.25,182.3 1 0
github.com/convision/api/internal/expense/service.go:183.2,183.32 1 0
github.com/convision/api/internal/expense/service.go:183.32,185.3 1 0
github.com/convision/api/internal/expense/service.go:186.2,186.30 1 0
github.com/convision/api/internal/expense/service.go:186.30,188.3 1 0
github.com/convision/api/internal/expense/service.go:189.2,189.34 1 0
github.com/convision/api/internal/expense/service.go:189.34,191.3 1 0
github.com/convision/api/internal/expense/service.go:192.2,192.27 1 0
github.com/convision/api/internal/expense/service.go:192.27,194.3 1 0
github.com/convision/api/internal/expense/service.go:195.2,195.23 1 0
github.com/convision/api/internal/expense/service.go:195.23,197.3 1 0
github.com/convision/api/internal/expense/service.go:200.2,201.33 2 0
github.com/convision/api/internal/expense/service.go:201.33,204.3 2 0
github.com/convision/api/internal/expense/service.go:204.8,204.32 1 0
github.com/convision/api/internal/expense/service.go:204.32,206.3 1 0
github.com/convision/api/internal/expense/service.go:206.8,208.3 1 0
github.com/convision/api/internal/expense/service.go:210.2,210.45 1 0
github.com/convision/api/internal/expense/service.go:210.45,212.3 1 0
github.com/convision/api/internal/expense/service.go:213.2,213.31 1 0
github.com/convision/api/internal/expense/service.go:217.54,218.50 1 0
github.com/convision/api/internal/expense/service.go:218.50,220.3 1 0
github.com/convision/api/internal/expense/service.go:221.2,221.30 1 0
github.com/convision/api/internal/dailyactivity/clinic_date.go:7.38,9.16 2 0
github.com/convision/api/internal/dailyactivity/clinic_date.go:9.16,11.3 1 0
github.com/convision/api/internal/dailyactivity/clinic_date.go:12.2,12.12 1 0
github.com/convision/api/internal/dailyactivity/clinic_date.go:15.30,18.2 2 0
github.com/convision/api/internal/dailyactivity/clinic_date.go:20.43,24.2 3 0
github.com/convision/api/internal/dailyactivity/service.go:22.132,24.2 1 0
github.com/convision/api/internal/dailyactivity/service.go:97.88,100.16 3 0
github.com/convision/api/internal/dailyactivity/service.go:100.16,102.3 1 0
github.com/convision/api/internal/dailyactivity/service.go:103.2,103.85 1 0
github.com/convision/api/internal/dailyactivity/service.go:107.86,109.2 1 0
github.com/convision/api/internal/dailyactivity/service.go:112.108,115.19 3 0
github.com/convision/api/internal/dailyactivity/service.go:115.19,118.3 2 0
github.com/convision/api/internal/dailyactivity/service.go:118.8,121.17 3 0
github.com/convision/api/internal/dailyactivity/service.go:121.17,123.4 1 0
github.com/convision/api/internal/dailyactivity/service.go:124.3,124.28 1 0
github.com/convision/api/internal/dailyactivity/service.go:127.2,128.16 2 0
github.com/convision/api/internal/dailyactivity/service.go:128.16,130.3 1 0
github.com/convision/api/internal/dailyactivity/service.go:131.2,131.45 1 0
github.com/convision/api/internal/dailyactivity/service.go:131.45,133.3 1 0
github.com/convision/api/internal/dailyactivity/service.go:135.2,137.38 3 0
github.com/convision/api/internal/dailyactivity/service.go:137.38,140.3 2 0
github.com/convision/api/internal/dailyactivity/service.go:141.2,141.45 1 0
github.com/convision/api/internal/dailyactivity/service.go:141.45,143.3 1 0
github.com/convision/api/internal/dailyactivity/service.go:144.2,150.33 2 0
github.com/convision/api/internal/dailyactivity/service.go:154.141,156.16 2 0
github.com/convision/api/internal/dailyactivity/service.go:156.16,158.3 1 0
github.com/convision/api/internal/dailyactivity/service.go:159.2,159.14 1 0
github.com/convision/api/internal/dailyactivity/service.go:159.14,160.42 1 0
github.com/convision/api/internal/dailyactivity/service.go:160.42,162.4 1 0
github.com/convision/api/internal/dailyactivity/service.go:163.3,163.56 1 0
github.com/convision/api/internal/dailyactivity/service.go:163.56,165.4 1 0
github.com/convision/api/internal/dailyactivity/service.go:168.2,169.32 2 0
github.com/convision/api/internal/dailyactivity/service.go:169.32,171.3 1 0
github.com/convision/api/internal/dailyactivity/service.go:173.2,178.38 6 0
github.com/convision/api/internal/dailyactivity/service.go:178.38,181.3 2 0
github.com/convision/api/internal/dailyactivity/service.go:181.8,183.3 1 0
github.com/convision/api/internal/dailyactivity/service.go:184.2,184.51 1 0
github.com/convision/api/internal/dailyactivity/service.go:184.51,186.3 1 0
github.com/convision/api/internal/dailyactivity/service.go:187.2,193.31 2 0
github.com/convision/api/internal/dailyactivity/service.go:198.121,200.16 2 0
github.com/convision/api/internal/dailyactivity/service.go:200.16,202.3 1 0
github.com/convision/api/internal/dailyactivity/service.go:203.2,203.51 1 0
github.com/convision/api/internal/dailyactivity/service.go:203.51,205.3 1 0
github.com/convision/api/internal/dailyactivity/service.go:206.2,206.53 1 0
github.com/convision/api/internal/dailyactivity/service.go:206.53,208.3 1 0
github.com/convision/api/internal/dailyactivity/service.go:209.2,210.50 2 0
github.com/convision/api/internal/dailyactivity/service.go:210.50,212.3 1 0
github.com/convision/api/internal/dailyactivity/service.go:213.2,219.31 2 0
github.com/convision/api/internal/dailyactivity/service.go:224.109,226.16 2 0
github.com/convision/api/internal/dailyactivity/service.go:226.16,228.3 1 0
github.com/convision/api/internal/dailyactivity/service.go:229.2,229.53 1 0
github.com/convision/api/internal/dailyactivity/service.go:229.53,231.3 1 0
github.com/convision/api/internal/dailyactivity/service.go:232.2,233.50 2 0
github.com/convision/api/internal/dailyactivity/service.go:233.50,235.3 1 0
github.com/convision/api/internal/dailyactivity/service.go:236.2,242.31 2 0
github.com/convision/api/internal/dailyactivity/service.go:246.97,248.2 1 0
github.com/convision/api/internal/dailyactivity/service.go:251.124,254.19 3 0
github.com/convision/api/internal/dailyactivity/service.go:254.19,257.3 2 0
github.com/convision/api/internal/dailyactivity/service.go:257.8,260.17 3 0
github.com/convision/api/internal/dailyactivity/service.go:260.17,262.4 1 0
github.com/convision/api/internal/dailyactivity/service.go:263.3,263.28 1 0
github.com/convision/api/internal/dailyactivity/service.go:266.2,267.16 2 0
github.com/convision/api/internal/dailyactivity/service.go:267.16,268.46 1 0
github.com/convision/api/internal/dailyactivity/service.go:268.46,270.4 1 0
github.com/convision/api/internal/dailyactivity/service.go:271.3,278.51 2 0
github.com/convision/api/internal/dailyactivity/service.go:278.51,280.4 1 0
github.com/convision/api/internal/dailyactivity/service.go:281.3,286.5 1 0
github.com/convision/api/internal/dailyactivity/service.go:289.2,289.53 1 0
github.com/convision/api/internal/dailyactivity/service.go:289.53,291.3 1 0
github.com/convision/api/internal/dailyactivity/service.go:293.2,300.35 2 0
github.com/convision/api/internal/dailyactivity/service.go:300.35,301.24 1 0
github.com/convision/api/internal/dailyactivity/service.go:301.24,303.4 1 0
github.com/convision/api/internal/dailyactivity/service.go:304.3,304.37 1 0
github.com/convision/api/internal/dailyactivity/service.go:305.8,305.36 1 0
github.com/convision/api/internal/dailyactivity/service.go:305.36,306.24 1 0
github.com/convision/api/internal/dailyactivity/service.go:306.24,308.4 1 0
github.com/convision/api/internal/dailyactivity/service.go:309.3,310.36 2 0
github.com/convision/api/internal/dailyactivity/service.go:310.36,312.4 1 0
github.com/convision/api/internal/dailyactivity/service.go:313.3,315.29 3 0
github.com/convision/api/internal/dailyactivity/service.go:316.8,317.81 1 0
github.com/convision/api/internal/dailyactivity/service.go:317.81,319.4 1 0
github.com/convision/api/internal/dailyactivity/service.go:322.2,322.22 1 0
github.com/convision/api/internal/dailyactivity/service.go:322.22,323.32 1 0
github.com/convision/api/internal/dailyactivity/service.go:323.32,325.4 1 0
github.com/convision/api/internal/dailyactivity/service.go:326.3,326.60 1 0
github.com/convision/api/internal/dailyactivity/service.go:329.2,329.50 1 0
github.com/convision/api/internal/dailyactivity/service.go:329.50,331.3 1 0
github.com/convision/api/internal/dailyactivity/service.go:332.2,332.38 1 0
github.com/convision/api/internal/dailyactivity/service.go:335.100,380.2 1 0
github.com/convision/api/internal/dailyactivity/service.go:382.86,383.14 1 0
github.com/convision/api/internal/dailyactivity/service.go:384.19,385.18 1 0
github.com/convision/api/internal/dailyactivity/service.go:386.17,387.21 1 0
github.com/convision/api/internal/dailyactivity/service.go:388.16,389.23 1 0
github.com/convision/api/internal/dailyactivity/service.go:390.15,391.25 1 0
github.com/convision/api/internal/dailyactivity/service.go:392.11,393.81 1 0
github.com/convision/api/internal/dailyactivity/service.go:395.22,396.18 1 0
github.com/convision/api/internal/dailyactivity/service.go:397.17,398.18 1 0
github.com/convision/api/internal/dailyactivity/service.go:399.16,400.20 1 0
github.com/convision/api/internal/dailyactivity/service.go:401.15,402.22 1 0
github.com/convision/api/internal/dailyactivity/service.go:403.11,404.81 1 0
github.com/convision/api/internal/dailyactivity/service.go:406.29,407.18 1 0
github.com/convision/api/internal/dailyactivity/service.go:408.17,409.34 1 0
github.com/convision/api/internal/dailyactivity/service.go:410.16,411.36 1 0
github.com/convision/api/internal/dailyactivity/service.go:412.15,413.38 1 0
github.com/convision/api/internal/dailyactivity/service.go:414.11,415.81 1 0
github.com/convision/api/internal/dailyactivity/service.go:417.32,418.27 1 0
github.com/convision/api/internal/dailyactivity/service.go:419.32,420.32 1 0
github.com/convision/api/internal/dailyactivity/service.go:421.26,422.23 1 0
github.com/convision/api/internal/dailyactivity/service.go:423.25,424.22 1 0
github.com/convision/api/internal/dailyactivity/service.go:425.34,426.23 1 0
github.com/convision/api/internal/dailyactivity/service.go:427.25,428.15 1 0
github.com/convision/api/internal/dailyactivity/service.go:429.29,430.22 1 0
github.com/convision/api/internal/dailyactivity/service.go:431.31,432.23 1 0
github.com/convision/api/internal/dailyactivity/service.go:433.17,434.13 1 0
github.com/convision/api/internal/dailyactivity/service.go:435.21,436.18 1 0
github.com/convision/api/internal/dailyactivity/service.go:437.22,438.17 1 0
github.com/convision/api/internal/dailyactivity/service.go:439.18,440.17 1 0
github.com/convision/api/internal/dailyactivity/service.go:441.30,442.27 1 0
github.com/convision/api/internal/dailyactivity/service.go:443.10,444.86 1 0
github.com/convision/api/internal/dailyactivity/service.go:446.2,446.12 1 0
github.com/convision/api/internal/domain/appointment.go:33.45,34.29 1 0
github.com/convision/api/internal/domain/appointment.go:39.36,40.14 1 0
github.com/convision/api/internal/domain/appointment.go:42.2,42.14 1 0
github.com/convision/api/internal/domain/branch.go:58.44,60.2 1 0
github.com/convision/api/internal/domain/branch.go:62.44,64.2 1 0
github.com/convision/api/internal/domain/branch.go:66.48,68.2 1 0
github.com/convision/api/internal/domain/clinical_record.go:15.52,16.14 1 0
github.com/convision/api/internal/domain/clinical_record.go:16.14,18.3 1 0
github.com/convision/api/internal/domain/clinical_record.go:19.2,20.23 2 0
github.com/convision/api/internal/domain/clinical_record.go:23.43,25.25 2 0
github.com/convision/api/internal/domain/clinical_record.go:26.14,27.10 1 0
github.com/convision/api/internal/domain/clinical_record.go:28.14,29.18 1 0
github.com/convision/api/internal/domain/clinical_record.go:30.11,32.13 2 0
github.com/convision/api/internal/domain/clinical_record.go:33.10,34.60 1 0
github.com/convision/api/internal/domain/clinical_record.go:36.2,36.39 1 0
github.com/convision/api/internal/domain/clinical_record.go:225.48,225.74 1 0
github.com/convision/api/internal/domain/errors.go:8.38,10.2 1 0
github.com/convision/api/internal/domain/errors.go:18.38,20.2 1 0
github.com/convision/api/internal/domain/errors.go:27.42,29.2 1 0
github.com/convision/api/internal/domain/errors.go:37.40,39.2 1 0
github.com/convision/api/internal/domain/errors.go:49.51,50.21 1 0
github.com/convision/api/internal/domain/errors.go:50.21,52.3 1 0
github.com/convision/api/internal/domain/errors.go:53.2,53.55 1 0
github.com/convision/api/internal/domain/errors.go:58.45,60.2 1 0
github.com/convision/api/internal/domain/errors.go:64.44,64.84 1 0
github.com/convision/api/internal/domain/errors.go:68.44,68.86 1 0
github.com/convision/api/internal/domain/errors.go:72.42,72.79 1 0
github.com/convision/api/internal/domain/errors.go:79.50,81.2 1 0
github.com/convision/api/internal/domain/errors.go:83.50,83.66 1 0
github.com/convision/api/internal/domain/finance.go:116.35,118.2 1 0
github.com/convision/api/internal/domain/laboratory.go:27.46,30.2 2 0
github.com/convision/api/internal/domain/laboratory.go:32.37,34.25 2 0
github.com/convision/api/internal/domain/laboratory.go:35.14,36.8 1 0
github.com/convision/api/internal/domain/laboratory.go:37.14,38.16 1 0
github.com/convision/api/internal/domain/laboratory.go:39.11,40.13 1 0
github.com/convision/api/internal/domain/laboratory.go:41.10,42.50 1 0
github.com/convision/api/internal/domain/laboratory.go:44.2,44.37 1 0
github.com/convision/api/internal/domain/laboratory.go:62.51,65.2 2 0
github.com/convision/api/internal/domain/laboratory.go:67.42,69.25 2 0
github.com/convision/api/internal/domain/laboratory.go:70.14,71.8 1 0
github.com/convision/api/internal/domain/laboratory.go:72.14,73.16 1 0
github.com/convision/api/internal/domain/laboratory.go:74.11,75.13 1 0
github.com/convision/api/internal/domain/laboratory.go:76.10,77.55 1 0
github.com/convision/api/internal/domain/laboratory.go:79.2,79.37 1 0
github.com/convision/api/internal/domain/laboratory.go:173.54,175.2 1 0
github.com/convision/api/internal/domain/laboratory.go:220.51,222.2 1 0
github.com/convision/api/internal/domain/optica.go:17.34,19.2 1 0
github.com/convision/api/internal/domain/optica.go:34.39,36.2 1 0
github.com/convision/api/internal/domain/optica_feature.go:13.41,15.2 1 0
github.com/convision/api/internal/domain/optica_permission.go:14.51,16.2 1 0
github.com/convision/api/internal/domain/pagination.go:11.35,12.16 1 0
github.com/convision/api/internal/domain/pagination.go:12.16,14.3 1 0
github.com/convision/api/internal/domain/pagination.go:15.2,15.33 1 0
github.com/convision/api/internal/domain/pagination.go:21.30,22.16 1 0
github.com/convision/api/internal/domain/pagination.go:22.16,24.3 1 0
github.com/convision/api/internal/domain/pagination.go:25.2,25.38 1 0
github.com/convision/api/internal/domain/pagination.go:25.38,27.3 1 0
github.com/convision/api/internal/domain/patient.go:54.37,56.2 1 0
github.com/convision/api/internal/domain/prescription.go:9.40,9.78 1 0
github.com/convision/api/internal/domain/revoked_token.go:18.40,18.76 1 0
github.com/convision/api/internal/domain/role.go:26.37,26.55 1 0
github.com/convision/api/internal/domain/role.go:38.34,40.2 1 0
github.com/convision/api/internal/domain/super_admin.go:15.38,17.2 1 0
github.com/convision/api/internal/discount/service.go:21.91,23.2 1 0
github.com/convision/api/internal/discount/service.go:27.49,28.16 1 0
github.com/convision/api/internal/discount/service.go:28.16,30.3 1 0
github.com/convision/api/internal/discount/service.go:31.2,32.29 2 0
github.com/convision/api/internal/discount/service.go:32.29,34.3 1 0
github.com/convision/api/internal/discount/service.go:35.2,35.11 1 0
github.com/convision/api/internal/discount/service.go:38.46,39.14 1 0
github.com/convision/api/internal/discount/service.go:39.14,41.3 1 0
github.com/convision/api/internal/discount/service.go:42.2,42.34 1 0
github.com/convision/api/internal/discount/service.go:42.34,44.3 1 0
github.com/convision/api/internal/discount/service.go:45.2,45.22 1 0
github.com/convision/api/internal/discount/service.go:87.70,90.16 3 0
github.com/convision/api/internal/discount/service.go:90.16,92.3 1 0
github.com/convision/api/internal/discount/service.go:93.2,99.8 1 0
github.com/convision/api/internal/discount/service.go:102.69,104.2 1 0
github.com/convision/api/internal/discount/service.go:106.78,107.51 1 0
github.com/convision/api/internal/discount/service.go:107.51,109.3 1 0
github.com/convision/api/internal/discount/service.go:110.2,110.69 1 0
github.com/convision/api/internal/discount/service.go:110.69,112.3 1 0
github.com/convision/api/internal/discount/service.go:114.2,114.59 1 0
github.com/convision/api/internal/discount/service.go:114.59,116.3 1 0
github.com/convision/api/internal/discount/service.go:118.2,119.50 2 0
github.com/convision/api/internal/discount/service.go:119.50,125.24 5 0
github.com/convision/api/internal/discount/service.go:125.24,129.29 4 0
github.com/convision/api/internal/discount/service.go:129.29,131.5 1 0
github.com/convision/api/internal/discount/service.go:132.4,133.27 2 0
github.com/convision/api/internal/discount/service.go:133.27,135.5 1 0
github.com/convision/api/internal/discount/service.go:138.3,153.46 2 0
github.com/convision/api/internal/discount/service.go:153.46,155.4 1 0
github.com/convision/api/internal/discount/service.go:156.3,157.17 2 0
github.com/convision/api/internal/discount/service.go:157.17,159.4 1 0
github.com/convision/api/internal/discount/service.go:160.3,161.13 2 0
github.com/convision/api/internal/discount/service.go:163.2,163.16 1 0
github.com/convision/api/internal/discount/service.go:163.16,165.3 1 0
github.com/convision/api/internal/discount/service.go:166.2,166.20 1 0
github.com/convision/api/internal/discount/service.go:169.126,170.51 1 0
github.com/convision/api/internal/discount/service.go:170.51,172.3 1 0
github.com/convision/api/internal/discount/service.go:173.2,173.69 1 0
github.com/convision/api/internal/discount/service.go:173.69,175.3 1 0
github.com/convision/api/internal/discount/service.go:177.2,178.50 2 0
github.com/convision/api/internal/discount/service.go:178.50,180.17 2 0
github.com/convision/api/internal/discount/service.go:180.17,182.4 1 0
github.com/convision/api/internal/discount/service.go:184.3,184.37 1 0
github.com/convision/api/internal/discount/service.go:184.37,185.28 1 0
github.com/convision/api/internal/discount/service.go:185.28,187.5 1 0
github.com/convision/api/internal/discount/service.go:188.4,188.55 1 0
github.com/convision/api/internal/discount/service.go:188.55,190.5 1 0
github.com/convision/api/internal/discount/service.go:193.3,204.57 10 0
github.com/convision/api/internal/discount/service.go:204.57,206.22 2 0
github.com/convision/api/internal/discount/service.go:206.22,209.5 2 0
github.com/convision/api/internal/discount/service.go:210.4,210.66 1 0
github.com/convision/api/internal/discount/service.go:213.3,213.46 1 0
github.com/convision/api/internal/discount/service.go:213.46,215.4 1 0
github.com/convision/api/internal/discount/service.go:216.3,217.13 2 0
github.com/convision/api/internal/discount/service.go:219.2,219.16 1 0
github.com/convision/api/internal/discount/service.go:219.16,221.3 1 0
github.com/convision/api/internal/discount/service.go:222.2,222.20 1 0
github.com/convision/api/internal/discount/service.go:225.41,226.50 1 0
github.com/convision/api/internal/discount/service.go:226.50,227.51 1 0
github.com/convision/api/internal/discount/service.go:227.51,229.4 1 0
github.com/convision/api/internal/discount/service.go:230.3,230.31 1 0
github.com/convision/api/internal/discount/service.go:234.106,236.50 2 0
github.com/convision/api/internal/discount/service.go:236.50,238.17 2 0
github.com/convision/api/internal/discount/service.go:238.17,240.4 1 0
github.com/convision/api/internal/discount/service.go:241.3,241.54 1 0
github.com/convision/api/internal/discount/service.go:241.54,243.4 1 0
github.com/convision/api/internal/discount/service.go:244.3,249.30 6 0
github.com/convision/api/internal/discount/service.go:249.30,251.4 1 0
github.com/convision/api/internal/discount/service.go:253.3,253.46 1 0
github.com/convision/api/internal/discount/service.go:253.46,255.4 1 0
github.com/convision/api/internal/discount/service.go:256.3,257.13 2 0
github.com/convision/api/internal/discount/service.go:259.2,259.16 1 0
github.com/convision/api/internal/discount/service.go:259.16,261.3 1 0
github.com/convision/api/internal/discount/service.go:262.2,262.20 1 0
github.com/convision/api/internal/discount/service.go:265.83,267.50 2 0
github.com/convision/api/internal/discount/service.go:267.50,269.17 2 0
github.com/convision/api/internal/discount/service.go:269.17,271.4 1 0
github.com/convision/api/internal/discount/service.go:272.3,272.54 1 0
github.com/convision/api/internal/discount/service.go:272.54,274.4 1 0
github.com/convision/api/internal/discount/service.go:275.3,278.46 3 0
github.com/convision/api/internal/discount/service.go:278.46,280.4 1 0
github.com/convision/api/internal/discount/service.go:281.3,282.13 2 0
github.com/convision/api/internal/discount/service.go:284.2,284.16 1 0
github.com/convision/api/internal/discount/service.go:284.16,286.3 1 0
github.com/convision/api/internal/discount/service.go:287.2,287.20 1 0
github.com/convision/api/internal/discount/service.go:290.93,291.22 1 0
github.com/convision/api/internal/discount/service.go:291.22,293.3 1 0
github.com/convision/api/internal/discount/service.go:294.2,294.75 1 0
github.com/convision/api/internal/discount/service.go:297.94,299.2 1 0
github.com/convision/api/internal/discount/service.go:303.93,304.19 1 0
github.com/convision/api/internal/discount/service.go:304.19,306.3 1 0
github.com/convision/api/internal/discount/service.go:307.2,308.16 2 0
github.com/convision/api/internal/discount/service.go:308.16,310.32 2 0
github.com/convision/api/internal/discount/service.go:310.32,312.4 1 0
github.com/convision/api/internal/discount/service.go:313.3,313.18 1 0
github.com/convision/api/internal/discount/service.go:315.2,315.18 1 0
github.com/convision/api/internal/location/service.go:18.122,20.2 1 0
github.com/convision/api/internal/location/service.go:22.73,24.2 1 0
github.com/convision/api/internal/location/service.go:26.94,28.2 1 0
github.com/convision/api/internal/location/service.go:30.86,32.2 1 0
github.com/convision/api/internal/location/service.go:34.87,36.2 1 0
github.com/convision/api/internal/location/service.go:38.94,40.2 1 0
github.com/convision/api/internal/location/service.go:42.104,44.2 1 0
github.com/convision/api/internal/location/service.go:46.88,48.2 1 0
github.com/convision/api/internal/location/service.go:50.82,52.2 1 0
github.com/convision/api/internal/location/service.go:54.86,56.2 1 0
github.com/convision/api/internal/location/service.go:67.81,69.16 2 0
github.com/convision/api/internal/location/service.go:69.16,71.3 1 0
github.com/convision/api/internal/location/service.go:72.2,73.16 2 0
github.com/convision/api/internal/location/service.go:73.16,75.3 1 0
github.com/convision/api/internal/location/service.go:76.2,77.16 2 0
github.com/convision/api/internal/location/service.go:77.16,79.3 1 0
github.com/convision/api/internal/location/service.go:80.2,81.16 2 0
github.com/convision/api/internal/location/service.go:81.16,83.3 1 0
github.com/convision/api/internal/location/service.go:84.2,85.16 2 0
github.com/convision/api/internal/location/service.go:85.16,87.3 1 0
github.com/convision/api/internal/location/service.go:88.2,94.8 1 0
github.com/convision/api/internal/payroll/service.go:21.77,23.2 1 0
github.com/convision/api/internal/payroll/service.go:90.74,92.2 1 0
github.com/convision/api/internal/payroll/service.go:95.63,97.16 2 0
github.com/convision/api/internal/payroll/service.go:97.16,99.3 1 0
github.com/convision/api/internal/payroll/service.go:100.2,101.25 2 0
github.com/convision/api/internal/payroll/service.go:101.25,103.25 2 0
github.com/convision/api/internal/payroll/service.go:103.25,105.4 1 0
github.com/convision/api/internal/payroll/service.go:105.9,105.35 1 0
github.com/convision/api/internal/payroll/service.go:105.35,107.4 1 0
github.com/convision/api/internal/payroll/service.go:109.2,109.17 1 0
github.com/convision/api/internal/payroll/service.go:113.82,116.16 3 0
github.com/convision/api/internal/payroll/service.go:116.16,118.3 1 0
github.com/convision/api/internal/payroll/service.go:119.2,120.15 2 0
github.com/convision/api/internal/payroll/service.go:120.15,122.3 1 0
github.com/convision/api/internal/payroll/service.go:123.2,123.112 1 0
github.com/convision/api/internal/payroll/service.go:126.42,131.2 4 0
github.com/convision/api/internal/payroll/service.go:134.106,136.65 2 0
github.com/convision/api/internal/payroll/service.go:136.65,138.3 1 0
github.com/convision/api/internal/payroll/service.go:139.2,139.63 1 0
github.com/convision/api/internal/payroll/service.go:139.63,141.3 1 0
github.com/convision/api/internal/payroll/service.go:142.2,142.29 1 0
github.com/convision/api/internal/payroll/service.go:142.29,143.63 1 0
github.com/convision/api/internal/payroll/service.go:143.63,145.4 1 0
github.com/convision/api/internal/payroll/service.go:148.2,173.45 3 0
github.com/convision/api/internal/payroll/service.go:173.45,175.3 1 0
github.com/convision/api/internal/payroll/service.go:176.2,177.33 2 0
github.com/convision/api/internal/payroll/service.go:181.92,183.16 2 0
github.com/convision/api/internal/payroll/service.go:183.16,185.3 1 0
github.com/convision/api/internal/payroll/service.go:186.2,186.30 1 0
github.com/convision/api/internal/payroll/service.go:186.30,188.3 1 0
github.com/convision/api/internal/payroll/service.go:189.2,189.40 1 0
github.com/convision/api/internal/payroll/service.go:189.40,191.3 1 0
github.com/convision/api/internal/payroll/service.go:192.2,192.34 1 0
github.com/convision/api/internal/payroll/service.go:192.34,194.3 1 0
github.com/convision/api/internal/payroll/service.go:195.2,195.29 1 0
github.com/convision/api/internal/payroll/service.go:195.29,197.3 1 0
github.com/convision/api/internal/payroll/service.go:198.2,198.32 1 0
github.com/convision/api/internal/payroll/service.go:198.32,200.3 1 0
github.com/convision/api/internal/payroll/service.go:201.2,201.31 1 0
github.com/convision/api/internal/payroll/service.go:201.31,203.3 1 0
github.com/convision/api/internal/payroll/service.go:204.2,204.26 1 0
github.com/convision/api/internal/payroll/service.go:204.26,206.3 1 0
github.com/convision/api/internal/payroll/service.go:207.2,207.30 1 0
github.com/convision/api/internal/payroll/service.go:207.30,209.3 1 0
github.com/convision/api/internal/payroll/service.go:210.2,210.30 1 0
github.com/convision/api/internal/payroll/service.go:210.30,212.3 1 0
github.com/convision/api/internal/payroll/service.go:213.2,213.34 1 0
github.com/convision/api/internal/payroll/service.go:213.34,215.3 1 0
github.com/convision/api/internal/payroll/service.go:216.2,216.35 1 0
github.com/convision/api/internal/payroll/service.go:216.35,218.3 1 0
github.com/convision/api/internal/payroll/service.go:219.2,219.31 1 0
github.com/convision/api/internal/payroll/service.go:219.31,221.3 1 0
github.com/convision/api/internal/payroll/service.go:222.2,222.34 1 0
github.com/convision/api/internal/payroll/service.go:222.34,224.3 1 0
github.com/convision/api/internal/payroll/service.go:225.2,225.24 1 0
github.com/convision/api/internal/payroll/service.go:225.24,227.3 1 0
github.com/convision/api/internal/payroll/service.go:228.2,228.27 1 0
github.com/convision/api/internal/payroll/service.go:228.27,230.3 1 0
github.com/convision/api/internal/payroll/service.go:231.2,231.23 1 0
github.com/convision/api/internal/payroll/service.go:231.23,233.3 1 0
github.com/convision/api/internal/payroll/service.go:234.2,236.45 2 0
github.com/convision/api/internal/payroll/service.go:236.45,238.3 1 0
github.com/convision/api/internal/payroll/service.go:239.2,239.33 1 0
github.com/convision/api/internal/payroll/service.go:243.54,244.50 1 0
github.com/convision/api/internal/payroll/service.go:244.50,246.3 1 0
github.com/convision/api/internal/payroll/service.go:247.2,247.30 1 0
github.com/convision/api/internal/note/service.go:23.74,25.2 1 0
github.com/convision/api/internal/note/service.go:41.110,42.14 1 0
github.com/convision/api/internal/note/service.go:42.14,44.3 1 0
github.com/convision/api/internal/note/service.go:45.2,45.34 1 0
github.com/convision/api/internal/note/service.go:45.34,47.3 1 0
github.com/convision/api/internal/note/service.go:48.2,49.9 2 0
github.com/convision/api/internal/note/service.go:49.9,51.3 1 0
github.com/convision/api/internal/note/service.go:52.2,53.16 2 0
github.com/convision/api/internal/note/service.go:53.16,55.3 1 0
github.com/convision/api/internal/note/service.go:56.2,56.81 1 0
github.com/convision/api/internal/note/service.go:60.126,62.9 2 0
github.com/convision/api/internal/note/service.go:62.9,64.3 1 0
github.com/convision/api/internal/note/service.go:65.2,71.45 2 0
github.com/convision/api/internal/note/service.go:71.45,73.3 1 0
github.com/convision/api/internal/note/service.go:74.2,74.15 1 0
github.com/convision/api/internal/order/service.go:18.75,20.2 1 0
github.com/convision/api/internal/order/service.go:81.72,83.16 2 0
github.com/convision/api/internal/order/service.go:83.16,85.3 1 0
github.com/convision/api/internal/order/service.go:86.2,87.22 2 0
github.com/convision/api/internal/order/service.go:87.22,90.3 2 0
github.com/convision/api/internal/order/service.go:91.2,91.32 1 0
github.com/convision/api/internal/order/service.go:91.32,94.3 2 0
github.com/convision/api/internal/order/service.go:95.2,95.13 1 0
github.com/convision/api/internal/order/service.go:95.13,96.46 1 0
github.com/convision/api/internal/order/service.go:96.46,98.4 1 0
github.com/convision/api/internal/order/service.go:99.3,99.32 1 0
github.com/convision/api/internal/order/service.go:101.2,101.15 1 0
github.com/convision/api/internal/order/service.go:104.80,108.16 3 0
github.com/convision/api/internal/order/service.go:108.16,110.3 1 0
github.com/convision/api/internal/order/service.go:112.2,113.32 2 0
github.com/convision/api/internal/order/service.go:113.32,115.3 1 0
github.com/convision/api/internal/order/service.go:117.2,123.8 1 0
github.com/convision/api/internal/order/service.go:126.94,129.18 3 0
github.com/convision/api/internal/order/service.go:129.18,131.3 1 0
github.com/convision/api/internal/order/service.go:131.8,131.35 1 0
github.com/convision/api/internal/order/service.go:131.35,133.3 1 0
github.com/convision/api/internal/order/service.go:135.2,136.25 2 0
github.com/convision/api/internal/order/service.go:136.25,138.3 1 0
github.com/convision/api/internal/order/service.go:141.2,143.33 3 0
github.com/convision/api/internal/order/service.go:143.33,145.14 2 0
github.com/convision/api/internal/order/service.go:145.14,147.4 1 0
github.com/convision/api/internal/order/service.go:148.3,160.20 3 0
github.com/convision/api/internal/order/service.go:163.2,183.45 5 0
github.com/convision/api/internal/order/service.go:183.45,185.3 1 0
github.com/convision/api/internal/order/service.go:187.2,188.33 2 0
github.com/convision/api/internal/order/service.go:191.90,193.16 2 0
github.com/convision/api/internal/order/service.go:193.16,195.3 1 0
github.com/convision/api/internal/order/service.go:197.2,197.26 1 0
github.com/convision/api/internal/order/service.go:197.26,199.3 1 0
github.com/convision/api/internal/order/service.go:200.2,200.32 1 0
github.com/convision/api/internal/order/service.go:200.32,202.3 1 0
github.com/convision/api/internal/order/service.go:203.2,203.31 1 0
github.com/convision/api/internal/order/service.go:203.31,205.3 1 0
github.com/convision/api/internal/order/service.go:206.2,206.24 1 0
github.com/convision/api/internal/order/service.go:206.24,208.3 1 0
github.com/convision/api/internal/order/service.go:209.2,209.31 1 0
github.com/convision/api/internal/order/service.go:209.31,211.3 1 0
github.com/convision/api/internal/order/service.go:212.2,212.23 1 0
github.com/convision/api/internal/order/service.go:212.23,214.3 1 0
github.com/convision/api/internal/order/service.go:216.2,216.45 1 0
github.com/convision/api/internal/order/service.go:216.45,218.3 1 0
github.com/convision/api/internal/order/service.go:219.2,219.31 1 0
github.com/convision/api/internal/order/service.go:222.96,224.16 2 0
github.com/convision/api/internal/order/service.go:224.16,226.3 1 0
github.com/convision/api/internal/order/service.go:228.2,229.45 2 0
github.com/convision/api/internal/order/service.go:229.45,231.3 1 0
github.com/convision/api/internal/order/service.go:232.2,232.31 1 0
github.com/convision/api/internal/order/service.go:235.110,237.16 2 0
github.com/convision/api/internal/order/service.go:237.16,239.3 1 0
github.com/convision/api/internal/order/service.go:241.2,242.45 2 0
github.com/convision/api/internal/order/service.go:242.45,244.3 1 0
github.com/convision/api/internal/order/service.go:245.2,245.31 1 0
github.com/convision/api/internal/order/service.go:248.54,250.16 2 0
github.com/convision/api/internal/order/service.go:250.16,252.3 1 0
github.com/convision/api/internal/order/service.go:253.2,253.30 1 0
github.com/convision/api/internal/optica/feature_service.go:22.19,24.2 1 0
github.com/convision/api/internal/optica/feature_service.go:27.79,29.2 1 0
github.com/convision/api/internal/optica/feature_service.go:32.90,33.61 1 0
github.com/convision/api/internal/optica/feature_service.go:33.61,35.3 1 0
github.com/convision/api/internal/optica/feature_service.go:36.2,38.12 3 0
github.com/convision/api/internal/optica/feature_service.go:42.89,43.71 1 0
github.com/convision/api/internal/optica/feature_service.go:43.71,45.3 1 0
github.com/convision/api/internal/optica/feature_service.go:46.2,47.12 2 0
github.com/convision/api/internal/optica/feature_service.go:51.45,53.2 1 0
github.com/convision/api/internal/optica/service.go:38.12,48.2 1 0
github.com/convision/api/internal/optica/service.go:74.75,75.39 1 0
github.com/convision/api/internal/optica/service.go:75.39,77.3 1 0
github.com/convision/api/internal/optica/service.go:79.2,89.46 3 0
github.com/convision/api/internal/optica/service.go:89.46,91.3 1 0
github.com/convision/api/internal/optica/service.go:94.2,94.71 1 0
github.com/convision/api/internal/optica/service.go:94.71,97.3 2 0
github.com/convision/api/internal/optica/service.go:100.2,100.54 1 0
github.com/convision/api/internal/optica/service.go:100.54,104.3 3 0
github.com/convision/api/internal/optica/service.go:107.2,107.53 1 0
github.com/convision/api/internal/optica/service.go:107.53,110.3 2 0
github.com/convision/api/internal/optica/service.go:110.17,114.3 3 0
github.com/convision/api/internal/optica/service.go:117.2,117.62 1 0
github.com/convision/api/internal/optica/service.go:117.62,119.3 1 0
github.com/convision/api/internal/optica/service.go:121.2,129.20 3 0
github.com/convision/api/internal/optica/service.go:133.76,135.2 1 0
github.com/convision/api/internal/optica/service.go:138.60,140.2 1 0
github.com/convision/api/internal/optica/service.go:143.84,145.16 2 0
github.com/convision/api/internal/optica/service.go:145.16,147.3 1 0
github.com/convision/api/internal/optica/service.go:148.2,148.23 1 0
github.com/convision/api/internal/optica/service.go:148.23,150.3 1 0
github.com/convision/api/internal/optica/service.go:151.2,151.23 1 0
github.com/convision/api/internal/optica/service.go:151.23,153.3 1 0
github.com/convision/api/internal/optica/service.go:154.2,154.27 1 0
github.com/convision/api/internal/optica/service.go:154.27,156.3 1 0
github.com/convision/api/internal/optica/service.go:157.2,157.46 1 0
github.com/convision/api/internal/optica/service.go:157.46,159.3 1 0
github.com/convision/api/internal/optica/service.go:160.2,166.20 2 0
github.com/convision/api/internal/optica/service.go:170.79,172.16 2 0
github.com/convision/api/internal/optica/service.go:172.16,174.3 1 0
github.com/convision/api/internal/optica/service.go:175.2,178.22 1 0
github.com/convision/api/internal/optica/service.go:178.22,180.3 1 0
github.com/convision/api/internal/optica/service.go:181.2,183.9 1 0
github.com/convision/api/internal/notification/service.go:17.82,19.2 1 0
github.com/convision/api/internal/notification/service.go:30.87,33.16 3 0
github.com/convision/api/internal/notification/service.go:33.16,35.3 1 0
github.com/convision/api/internal/notification/service.go:36.2,36.85 1 0
github.com/convision/api/internal/notification/service.go:40.77,42.2 1 0
github.com/convision/api/internal/notification/service.go:45.88,47.2 1 0
github.com/convision/api/internal/notification/service.go:50.91,51.50 1 0
github.com/convision/api/internal/notification/service.go:51.50,53.3 1 0
github.com/convision/api/internal/notification/service.go:54.2,54.31 1 0
github.com/convision/api/internal/notification/service.go:58.93,59.52 1 0
github.com/convision/api/internal/notification/service.go:59.52,61.3 1 0
github.com/convision/api/internal/notification/service.go:62.2,62.31 1 0
github.com/convision/api/internal/notification/service.go:66.88,67.47 1 0
github.com/convision/api/internal/notification/service.go:67.47,69.3 1 0
github.com/convision/api/internal/notification/service.go:70.2,70.31 1 0
github.com/convision/api/internal/notification/service.go:74.90,75.49 1 0
github.com/convision/api/internal/notification/service.go:75.49,77.3 1 0
github.com/convision/api/internal/notification/service.go:78.2,78.31 1 0
github.com/convision/api/internal/notification/service.go:82.46,84.2 1 0
github.com/convision/api/internal/notification/service.go:87.54,89.2 1 0
github.com/convision/api/internal/platform/auth/jwt.go:31.179,33.19 2 0
github.com/convision/api/internal/platform/auth/jwt.go:33.19,35.3 1 0
github.com/convision/api/internal/platform/auth/jwt.go:37.2,40.25 3 0
github.com/convision/api/internal/platform/auth/jwt.go:40.25,42.3 1 0
github.com/convision/api/internal/platform/auth/jwt.go:43.2,43.24 1 0
github.com/convision/api/internal/platform/auth/jwt.go:43.24,45.3 1 0
github.com/convision/api/internal/platform/auth/jwt.go:47.2,66.8 4 0
github.com/convision/api/internal/platform/auth/jwt.go:70.51,73.89 2 0
github.com/convision/api/internal/platform/auth/jwt.go:73.89,74.54 1 0
github.com/convision/api/internal/platform/auth/jwt.go:74.54,76.4 1 0
github.com/convision/api/internal/platform/auth/jwt.go:77.3,77.21 1 0
github.com/convision/api/internal/platform/auth/jwt.go:79.2,79.16 1 0
github.com/convision/api/internal/platform/auth/jwt.go:79.16,81.3 1 0
github.com/convision/api/internal/platform/auth/jwt.go:83.2,84.25 2 0
github.com/convision/api/internal/platform/auth/jwt.go:84.25,86.3 1 0
github.com/convision/api/internal/platform/auth/jwt.go:87.2,87.20 1 0
github.com/convision/api/internal/platform/auth/jwt.go:91.22,97.2 5 0
github.com/convision/api/internal/platform/auth/middleware.go:20.94,22.17 2 0
github.com/convision/api/internal/platform/auth/middleware.go:22.17,24.3 1 0
github.com/convision/api/internal/platform/auth/middleware.go:26.2,26.30 1 0
github.com/convision/api/internal/platform/auth/middleware.go:26.30,28.60 2 0
github.com/convision/api/internal/platform/auth/middleware.go:28.60,31.4 2 0
github.com/convision/api/internal/platform/auth/middleware.go:33.3,35.17 3 0
github.com/convision/api/internal/platform/auth/middleware.go:35.17,38.4 2 0
github.com/convision/api/internal/platform/auth/middleware.go:40.3,40.44 1 0
github.com/convision/api/internal/platform/auth/middleware.go:40.44,42.18 2 0
github.com/convision/api/internal/platform/auth/middleware.go:42.18,45.5 2 0
github.com/convision/api/internal/platform/auth/middleware.go:46.4,46.15 1 0
github.com/convision/api/internal/platform/auth/middleware.go:46.15,49.5 2 0
github.com/convision/api/internal/platform/auth/middleware.go:52.3,52.84 1 0
github.com/convision/api/internal/platform/auth/middleware.go:52.84,60.39 3 0
github.com/convision/api/internal/platform/auth/middleware.go:60.39,63.5 2 0
github.com/convision/api/internal/platform/auth/middleware.go:64.4,64.39 1 0
github.com/convision/api/internal/platform/auth/middleware.go:64.39,67.5 2 0
github.com/convision/api/internal/platform/auth/middleware.go:70.3,71.11 2 0
github.com/convision/api/internal/platform/auth/middleware.go:77.48,79.13 2 0
github.com/convision/api/internal/platform/auth/middleware.go:79.13,81.3 1 0
github.com/convision/api/internal/platform/auth/middleware.go:82.2,83.19 2 0
github.com/convision/api/internal/platform/auth/middleware.go:87.56,89.26 2 0
github.com/convision/api/internal/platform/auth/middleware.go:89.26,91.3 1 0
github.com/convision/api/internal/platform/auth/middleware.go:93.2,93.30 1 0
github.com/convision/api/internal/platform/auth/middleware.go:93.30,95.10 2 0
github.com/convision/api/internal/platform/auth/middleware.go:95.10,98.4 2 0
github.com/convision/api/internal/platform/auth/middleware.go:100.3,100.55 1 0
github.com/convision/api/internal/platform/auth/middleware.go:100.55,103.4 2 0
github.com/convision/api/internal/platform/auth/middleware.go:105.3,105.11 1 0
github.com/convision/api/internal/platform/auth/middleware.go:110.59,111.30 1 0
github.com/convision/api/internal/platform/auth/middleware.go:111.30,113.10 2 0
github.com/convision/api/internal/platform/auth/middleware.go:113.10,116.4 2 0
github.com/convision/api/internal/platform/auth/middleware.go:117.3,118.52 2 0
github.com/convision/api/internal/platform/auth/middleware.go:118.52,121.4 2 0
github.com/convision/api/internal/platform/auth/middleware.go:122.3,122.11 1 0
github.com/convision/api/internal/platform/auth/middleware.go:127.66,128.30 1 0
github.com/convision/api/internal/platform/auth/middleware.go:128.30,130.10 2 0
github.com/convision/api/internal/platform/auth/middleware.go:130.10,133.4 2 0
github.com/convision/api/internal/platform/auth/middleware.go:134.3,135.33 2 0
github.com/convision/api/internal/platform/auth/middleware.go:135.33,136.43 1 0
github.com/convision/api/internal/platform/auth/middleware.go:136.43,139.5 2 0
github.com/convision/api/internal/platform/auth/middleware.go:141.3,141.86 1 0
github.com/convision/api/internal/platform/auth/middleware.go:146.67,147.30 1 0
github.com/convision/api/internal/platform/auth/middleware.go:147.30,149.10 2 0
github.com/convision/api/internal/platform/auth/middleware.go:149.10,152.4 2 0
github.com/convision/api/internal/platform/auth/middleware.go:153.3,154.33 2 0
github.com/convision/api/internal/platform/auth/middleware.go:154.33,155.44 1 0
github.com/convision/api/internal/platform/auth/middleware.go:155.44,158.5 2 0
github.com/convision/api/internal/platform/auth/middleware.go:160.3,160.11 1 0
github.com/convision/api/internal/platform/auth/middleware.go:165.61,167.26 2 0
github.com/convision/api/internal/platform/auth/middleware.go:167.26,169.3 1 0
github.com/convision/api/internal/platform/auth/middleware.go:170.2,170.12 1 0
github.com/convision/api/internal/patient/service.go:21.77,23.2 1 0
github.com/convision/api/internal/patient/service.go:93.74,95.2 1 0
github.com/convision/api/internal/patient/service.go:98.82,102.16 3 0
github.com/convision/api/internal/patient/service.go:102.16,104.3 1 0
github.com/convision/api/internal/patient/service.go:106.2,107.15 2 0
github.com/convision/api/internal/patient/service.go:107.15,109.3 1 0
github.com/convision/api/internal/patient/service.go:111.2,117.8 1 0
github.com/convision/api/internal/patient/service.go:123.77,124.16 1 0
github.com/convision/api/internal/patient/service.go:124.16,126.3 1 0
github.com/convision/api/internal/patient/service.go:127.2,132.42 2 0
github.com/convision/api/internal/patient/service.go:132.42,134.3 1 0
github.com/convision/api/internal/patient/service.go:135.2,135.12 1 0
github.com/convision/api/internal/patient/service.go:139.83,141.18 2 0
github.com/convision/api/internal/patient/service.go:141.18,143.3 1 0
github.com/convision/api/internal/patient/service.go:145.2,146.27 2 0
github.com/convision/api/internal/patient/service.go:146.27,147.61 1 0
github.com/convision/api/internal/patient/service.go:147.61,149.4 1 0
github.com/convision/api/internal/patient/service.go:152.2,152.73 1 0
github.com/convision/api/internal/patient/service.go:152.73,153.93 1 0
github.com/convision/api/internal/patient/service.go:153.93,155.4 1 0
github.com/convision/api/internal/patient/service.go:155.9,160.4 1 0
github.com/convision/api/internal/patient/service.go:163.2,190.45 2 0
github.com/convision/api/internal/patient/service.go:190.45,192.3 1 0
github.com/convision/api/internal/patient/service.go:194.2,197.33 2 0
github.com/convision/api/internal/patient/service.go:201.92,203.16 2 0
github.com/convision/api/internal/patient/service.go:203.16,205.3 1 0
github.com/convision/api/internal/patient/service.go:207.2,207.27 1 0
github.com/convision/api/internal/patient/service.go:207.27,209.3 1 0
github.com/convision/api/internal/patient/service.go:210.2,210.26 1 0
github.com/convision/api/internal/patient/service.go:210.26,212.3 1 0
github.com/convision/api/internal/patient/service.go:213.2,213.23 1 0
github.com/convision/api/internal/patient/service.go:213.23,215.3 1 0
github.com/convision/api/internal/patient/service.go:216.2,216.23 1 0
github.com/convision/api/internal/patient/service.go:216.23,218.3 1 0
github.com/convision/api/internal/patient/service.go:219.2,219.32 1 0
github.com/convision/api/internal/patient/service.go:219.32,221.3 1 0
github.com/convision/api/internal/patient/service.go:222.2,222.73 1 0
github.com/convision/api/internal/patient/service.go:222.73,223.93 1 0
github.com/convision/api/internal/patient/service.go:223.93,225.4 1 0
github.com/convision/api/internal/patient/service.go:225.9,230.4 1 0
github.com/convision/api/internal/patient/service.go:232.2,232.39 1 0
github.com/convision/api/internal/patient/service.go:232.39,234.3 1 0
github.com/convision/api/internal/patient/service.go:235.2,235.27 1 0
github.com/convision/api/internal/patient/service.go:235.27,236.61 1 0
github.com/convision/api/internal/patient/service.go:236.61,238.4 1 0
github.com/convision/api/internal/patient/service.go:240.2,240.24 1 0
github.com/convision/api/internal/patient/service.go:240.24,242.3 1 0
github.com/convision/api/internal/patient/service.go:243.2,243.25 1 0
github.com/convision/api/internal/patient/service.go:243.25,245.3 1 0
github.com/convision/api/internal/patient/service.go:246.2,246.25 1 0
github.com/convision/api/internal/patient/service.go:246.25,248.3 1 0
github.com/convision/api/internal/patient/service.go:249.2,249.29 1 0
github.com/convision/api/internal/patient/service.go:249.29,251.3 1 0
github.com/convision/api/internal/patient/service.go:252.2,252.31 1 0
github.com/convision/api/internal/patient/service.go:252.31,254.3 1 0
github.com/convision/api/internal/patient/service.go:255.2,255.28 1 0
github.com/convision/api/internal/patient/service.go:255.28,257.3 1 0
github.com/convision/api/internal/patient/service.go:258.2,258.30 1 0
github.com/convision/api/internal/patient/service.go:258.30,260.3 1 0
github.com/convision/api/internal/patient/service.go:261.2,261.28 1 0
github.com/convision/api/internal/patient/service.go:261.28,263.3 1 0
github.com/convision/api/internal/patient/service.go:264.2,264.44 1 0
github.com/convision/api/internal/patient/service.go:264.44,266.3 1 0
github.com/convision/api/internal/patient/service.go:267.2,267.36 1 0
github.com/convision/api/internal/patient/service.go:267.36,269.3 1 0
github.com/convision/api/internal/patient/service.go:270.2,270.33 1 0
github.com/convision/api/internal/patient/service.go:270.33,272.3 1 0
github.com/convision/api/internal/patient/service.go:273.2,273.35 1 0
github.com/convision/api/internal/patient/service.go:273.35,275.3 1 0
github.com/convision/api/internal/patient/service.go:276.2,276.28 1 0
github.com/convision/api/internal/patient/service.go:276.28,278.3 1 0
github.com/convision/api/internal/patient/service.go:279.2,279.26 1 0
github.com/convision/api/internal/patient/service.go:279.26,281.3 1 0
github.com/convision/api/internal/patient/service.go:282.2,282.25 1 0
github.com/convision/api/internal/patient/service.go:282.25,284.3 1 0
github.com/convision/api/internal/patient/service.go:285.2,285.23 1 0
github.com/convision/api/internal/patient/service.go:285.23,287.3 1 0
github.com/convision/api/internal/patient/service.go:288.2,288.24 1 0
github.com/convision/api/internal/patient/service.go:288.24,290.3 1 0
github.com/convision/api/internal/patient/service.go:292.2,292.45 1 0
github.com/convision/api/internal/patient/service.go:292.45,294.3 1 0
github.com/convision/api/internal/patient/service.go:296.2,296.33 1 0
github.com/convision/api/internal/patient/service.go:300.54,301.50 1 0
github.com/convision/api/internal/patient/service.go:301.50,303.3 1 0
github.com/convision/api/internal/patient/service.go:304.2,304.30 1 0
github.com/convision/api/internal/product/category_service.go:22.101,24.2 1 0
github.com/convision/api/internal/product/category_service.go:57.106,60.16 3 0
github.com/convision/api/internal/product/category_service.go:60.16,62.3 1 0
github.com/convision/api/internal/product/category_service.go:63.2,69.8 1 0
github.com/convision/api/internal/product/category_service.go:72.90,74.2 1 0
github.com/convision/api/internal/product/category_service.go:76.107,78.16 2 0
github.com/convision/api/internal/product/category_service.go:78.16,80.3 1 0
github.com/convision/api/internal/product/category_service.go:81.2,81.16 1 0
github.com/convision/api/internal/product/category_service.go:81.16,83.3 1 0
github.com/convision/api/internal/product/category_service.go:85.2,92.45 2 0
github.com/convision/api/internal/product/category_service.go:92.45,94.3 1 0
github.com/convision/api/internal/product/category_service.go:95.2,95.33 1 0
github.com/convision/api/internal/product/category_service.go:98.116,100.16 2 0
github.com/convision/api/internal/product/category_service.go:100.16,102.3 1 0
github.com/convision/api/internal/product/category_service.go:103.2,103.22 1 0
github.com/convision/api/internal/product/category_service.go:103.22,105.3 1 0
github.com/convision/api/internal/product/category_service.go:106.2,106.22 1 0
github.com/convision/api/internal/product/category_service.go:106.22,108.3 1 0
github.com/convision/api/internal/product/category_service.go:109.2,113.45 4 0
github.com/convision/api/internal/product/category_service.go:113.45,115.3 1 0
github.com/convision/api/internal/product/category_service.go:116.2,116.31 1 0
github.com/convision/api/internal/product/category_service.go:119.47,124.2 4 0
github.com/convision/api/internal/product/category_service.go:126.62,127.50 1 0
github.com/convision/api/internal/product/category_service.go:127.50,129.3 1 0
github.com/convision/api/internal/product/category_service.go:130.2,130.30 1 0
github.com/convision/api/internal/product/category_service.go:133.79,135.2 1 0
github.com/convision/api/internal/product/category_service.go:137.91,139.2 1 0
github.com/convision/api/internal/product/category_service.go:141.96,143.2 1 0
github.com/convision/api/internal/product/service.go:20.117,22.2 1 0
github.com/convision/api/internal/product/service.go:26.49,27.16 1 0
github.com/convision/api/internal/product/service.go:27.16,29.3 1 0
github.com/convision/api/internal/product/service.go:30.2,31.29 2 0
github.com/convision/api/internal/product/service.go:31.29,33.3 1 0
github.com/convision/api/internal/product/service.go:34.2,34.11 1 0
github.com/convision/api/internal/product/service.go:37.46,38.14 1 0
github.com/convision/api/internal/product/service.go:38.14,40.3 1 0
github.com/convision/api/internal/product/service.go:41.2,41.34 1 0
github.com/convision/api/internal/product/service.go:41.34,43.3 1 0
github.com/convision/api/internal/product/service.go:44.2,44.22 1 0
github.com/convision/api/internal/product/service.go:120.82,123.16 3 0
github.com/convision/api/internal/product/service.go:123.16,125.3 1 0
github.com/convision/api/internal/product/service.go:126.2,132.8 1 0
github.com/convision/api/internal/product/service.go:135.74,137.2 1 0
github.com/convision/api/internal/product/service.go:139.83,141.18 2 0
github.com/convision/api/internal/product/service.go:141.18,143.3 1 0
github.com/convision/api/internal/product/service.go:145.2,146.24 2 0
github.com/convision/api/internal/product/service.go:146.24,148.3 1 0
github.com/convision/api/internal/product/service.go:149.2,149.28 1 0
github.com/convision/api/internal/product/service.go:149.28,151.3 1 0
github.com/convision/api/internal/product/service.go:152.2,152.16 1 0
github.com/convision/api/internal/product/service.go:152.16,154.3 1 0
github.com/convision/api/internal/product/service.go:156.2,157.23 2 0
github.com/convision/api/internal/product/service.go:157.23,159.3 1 0
github.com/convision/api/internal/product/service.go:161.2,162.23 2 0
github.com/convision/api/internal/product/service.go:162.23,164.3 1 0
github.com/convision/api/internal/product/service.go:166.2,177.45 2 0
github.com/convision/api/internal/product/service.go:177.45,179.3 1 0
github.com/convision/api/internal/product/service.go:180.2,180.33 1 0
github.com/convision/api/internal/product/service.go:183.92,185.16 2 0
github.com/convision/api/internal/product/service.go:185.16,187.3 1 0
github.com/convision/api/internal/product/service.go:189.2,189.28 1 0
github.com/convision/api/internal/product/service.go:189.28,191.3 1 0
github.com/convision/api/internal/product/service.go:192.2,192.30 1 0
github.com/convision/api/internal/product/service.go:192.30,194.3 1 0
github.com/convision/api/internal/product/service.go:195.2,195.29 1 0
github.com/convision/api/internal/product/service.go:195.29,197.3 1 0
github.com/convision/api/internal/product/service.go:198.2,198.49 1 0
github.com/convision/api/internal/product/service.go:198.49,200.3 1 0
github.com/convision/api/internal/product/service.go:201.2,201.24 1 0
github.com/convision/api/internal/product/service.go:201.24,203.3 1 0
github.com/convision/api/internal/product/service.go:204.2,204.28 1 0
github.com/convision/api/internal/product/service.go:204.28,206.3 1 0
github.com/convision/api/internal/product/service.go:207.2,207.23 1 0
github.com/convision/api/internal/product/service.go:207.23,209.3 1 0
github.com/convision/api/internal/product/service.go:210.2,210.36 1 0
github.com/convision/api/internal/product/service.go:210.36,212.3 1 0
github.com/convision/api/internal/product/service.go:213.2,213.29 1 0
github.com/convision/api/internal/product/service.go:213.29,215.3 1 0
github.com/convision/api/internal/product/service.go:216.2,216.26 1 0
github.com/convision/api/internal/product/service.go:216.26,218.3 1 0
github.com/convision/api/internal/product/service.go:219.2,219.29 1 0
github.com/convision/api/internal/product/service.go:219.29,221.3 1 0
github.com/convision/api/internal/product/service.go:222.2,222.24 1 0
github.com/convision/api/internal/product/service.go:222.24,224.3 1 0
github.com/convision/api/internal/product/service.go:226.2,226.45 1 0
github.com/convision/api/internal/product/service.go:226.45,228.3 1 0
github.com/convision/api/internal/product/service.go:229.2,229.31 1 0
github.com/convision/api/internal/product/service.go:232.54,233.50 1 0
github.com/convision/api/internal/product/service.go:233.50,235.3 1 0
github.com/convision/api/internal/product/service.go:237.2,238.16 2 0
github.com/convision/api/internal/product/service.go:238.16,240.3 1 0
github.com/convision/api/internal/product/service.go:241.2,241.30 1 0
github.com/convision/api/internal/product/service.go:241.30,242.25 1 0
github.com/convision/api/internal/product/service.go:242.25,247.4 1 0
github.com/convision/api/internal/product/service.go:250.2,251.16 2 0
github.com/convision/api/internal/product/service.go:251.16,253.3 1 0
github.com/convision/api/internal/product/service.go:254.2,254.30 1 0
github.com/convision/api/internal/product/service.go:254.30,259.3 1 0
github.com/convision/api/internal/product/service.go:260.2,260.30 1 0
github.com/convision/api/internal/product/service.go:263.103,266.16 3 0
github.com/convision/api/internal/product/service.go:266.16,268.3 1 0
github.com/convision/api/internal/product/service.go:269.2,275.8 1 0
github.com/convision/api/internal/product/service.go:278.91,279.101 1 0
github.com/convision/api/internal/product/service.go:279.101,281.3 1 0
github.com/convision/api/internal/product/service.go:282.2,282.49 1 0
github.com/convision/api/internal/product/service.go:294.134,297.16 3 0
github.com/convision/api/internal/product/service.go:297.16,299.3 1 0
github.com/convision/api/internal/product/service.go:300.2,306.8 1 0
github.com/convision/api/internal/product/service.go:309.107,311.2 1 0
github.com/convision/api/internal/product/service.go:313.100,314.50 1 0
github.com/convision/api/internal/product/service.go:314.50,316.3 1 0
github.com/convision/api/internal/product/service.go:317.2,317.38 1 0
github.com/convision/api/internal/product/service.go:320.110,322.16 2 0
github.com/convision/api/internal/product/service.go:322.16,324.3 1 0
github.com/convision/api/internal/product/service.go:326.2,327.16 2 0
github.com/convision/api/internal/product/service.go:327.16,329.32 2 0
github.com/convision/api/internal/product/service.go:329.32,335.4 1 0
github.com/convision/api/internal/product/service.go:336.3,336.18 1 0
github.com/convision/api/internal/product/service.go:339.2,345.8 2 0
github.com/convision/api/internal/product/service.go:358.108,361.16 3 0
github.com/convision/api/internal/product/service.go:361.16,363.3 1 0
github.com/convision/api/internal/product/service.go:364.2,370.8 1 0
github.com/convision/api/internal/product/service.go:373.72,376.2 2 0
github.com/convision/api/internal/product/service.go:378.102,380.16 2 0
github.com/convision/api/internal/product/service.go:380.16,382.3 1 0
github.com/convision/api/internal/product/service.go:384.2,385.16 2 0
github.com/convision/api/internal/product/service.go:385.16,387.32 2 0
github.com/convision/api/internal/product/service.go:387.32,394.4 1 0
github.com/convision/api/internal/product/service.go:395.3,395.18 1 0
github.com/convision/api/internal/product/service.go:398.2,404.8 2 0
github.com/convision/api/internal/platform/tenant/provisioner.go:29.35,31.2 1 0
github.com/convision/api/internal/platform/tenant/provisioner.go:36.65,41.16 4 0
github.com/convision/api/internal/platform/tenant/provisioner.go:41.16,43.3 1 0
github.com/convision/api/internal/platform/tenant/provisioner.go:44.2,51.16 3 0
github.com/convision/api/internal/platform/tenant/provisioner.go:51.16,53.3 1 0
github.com/convision/api/internal/platform/tenant/provisioner.go:56.2,56.84 1 0
github.com/convision/api/internal/platform/tenant/provisioner.go:56.84,58.3 1 0
github.com/convision/api/internal/platform/tenant/provisioner.go:60.2,60.35 1 0
github.com/convision/api/internal/platform/tenant/provisioner.go:60.35,62.3 1 0
github.com/convision/api/internal/platform/tenant/provisioner.go:66.2,66.42 1 0
github.com/convision/api/internal/platform/tenant/provisioner.go:66.42,68.3 1 0
github.com/convision/api/internal/platform/tenant/provisioner.go:70.2,71.15 2 0
github.com/convision/api/internal/platform/tenant/provisioner.go:75.50,78.16 2 0
github.com/convision/api/internal/platform/tenant/provisioner.go:78.16,80.3 1 0
github.com/convision/api/internal/platform/tenant/provisioner.go:81.2,82.12 2 0
github.com/convision/api/internal/platform/tenant/provisioner.go:82.12,84.3 1 0
github.com/convision/api/internal/platform/tenant/provisioner.go:85.2,85.12 1 0
github.com/convision/api/internal/platform/tenant/provisioner.go:89.51,93.2 2 0
github.com/convision/api/internal/platform/tenant/provisioner.go:97.53,100.16 3 0
github.com/convision/api/internal/platform/tenant/provisioner.go:100.16,102.3 1 0
github.com/convision/api/internal/platform/tenant/provisioner.go:103.2,105.100 2 0
github.com/convision/api/internal/platform/tenant/provisioner.go:105.100,107.3 1 0
github.com/convision/api/internal/platform/tenant/provisioner.go:108.2,108.95 1 0
github.com/convision/api/internal/platform/tenant/provisioner.go:108.95,110.3 1 0
github.com/convision/api/internal/platform/tenant/provisioner.go:111.2,111.20 1 0
github.com/convision/api/internal/platform/tenant/provisioner.go:115.52,120.26 4 0
github.com/convision/api/internal/platform/tenant/provisioner.go:120.26,122.23 2 0
github.com/convision/api/internal/platform/tenant/provisioner.go:122.23,123.12 1 0
github.com/convision/api/internal/platform/tenant/provisioner.go:126.3,127.17 2 0
github.com/convision/api/internal/platform/tenant/provisioner.go:127.17,129.4 1 0
github.com/convision/api/internal/platform/tenant/provisioner.go:131.3,132.17 2 0
github.com/convision/api/internal/platform/tenant/provisioner.go:132.17,134.4 1 0
github.com/convision/api/internal/platform/tenant/provisioner.go:136.3,136.90 1 0
github.com/convision/api/internal/platform/tenant/provisioner.go:136.90,139.4 2 0
github.com/convision/api/internal/platform/tenant/provisioner.go:140.3,140.52 1 0
github.com/convision/api/internal/platform/tenant/provisioner.go:140.52,143.4 2 0
github.com/convision/api/internal/platform/tenant/provisioner.go:144.3,147.17 1 0
github.com/convision/api/internal/platform/tenant/provisioner.go:147.17,150.4 2 0
github.com/convision/api/internal/platform/tenant/provisioner.go:151.3,151.36 1 0
github.com/convision/api/internal/platform/tenant/provisioner.go:151.36,153.4 1 0
github.com/convision/api/internal/platform/tenant/provisioner.go:154.3,154.60 1 0
github.com/convision/api/internal/platform/tenant/provisioner.go:156.2,156.12 1 0
github.com/convision/api/internal/platform/tenant/provisioner.go:159.60,165.40 2 0
github.com/convision/api/internal/platform/tenant/provisioner.go:165.40,167.3 1 0
github.com/convision/api/internal/platform/tenant/provisioner.go:170.72,172.16 2 0
github.com/convision/api/internal/platform/tenant/provisioner.go:172.16,174.3 1 0
github.com/convision/api/internal/platform/tenant/provisioner.go:175.2,177.18 3 0
github.com/convision/api/internal/platform/tenant/provisioner.go:177.18,181.3 3 0
github.com/convision/api/internal/platform/tenant/provisioner.go:182.2,182.10 1 0
github.com/convision/api/internal/platform/tenant/provisioner.go:185.49,187.16 2 0
github.com/convision/api/internal/platform/tenant/provisioner.go:187.16,189.3 1 0
github.com/convision/api/internal/platform/tenant/provisioner.go:190.2,191.28 2 0
github.com/convision/api/internal/platform/tenant/provisioner.go:191.28,192.59 1 0
github.com/convision/api/internal/platform/tenant/provisioner.go:192.59,194.4 1 0
github.com/convision/api/internal/platform/tenant/provisioner.go:196.2,197.14 2 0
github.com/convision/api/internal/platform/tenant/provisioner.go:202.57,204.14 2 0
github.com/convision/api/internal/platform/tenant/provisioner.go:204.14,206.3 1 0
github.com/convision/api/internal/platform/tenant/provisioner.go:207.2,207.19 1 0
github.com/convision/api/internal/platform/tenant/provisioner.go:210.34,211.71 1 0
github.com/convision/api/internal/platform/tenant/provisioner.go:211.71,213.3 1 0
github.com/convision/api/internal/platform/tenant/provisioner.go:214.2,214.25 1 0
github.com/convision/api/internal/platform/tenant/provisioner.go:217.28,219.2 1 0
github.com/convision/api/internal/prescription/service.go:20.82,22.2 1 0
github.com/convision/api/internal/prescription/service.go:93.46,94.14 1 0
github.com/convision/api/internal/prescription/service.go:94.14,96.3 1 0
github.com/convision/api/internal/prescription/service.go:97.2,97.34 1 0
github.com/convision/api/internal/prescription/service.go:97.34,99.3 1 0
github.com/convision/api/internal/prescription/service.go:100.2,100.22 1 0
github.com/convision/api/internal/prescription/service.go:104.79,106.2 1 0
github.com/convision/api/internal/prescription/service.go:109.91,112.16 3 0
github.com/convision/api/internal/prescription/service.go:112.16,114.3 1 0
github.com/convision/api/internal/prescription/service.go:115.2,116.18 2 0
github.com/convision/api/internal/prescription/service.go:116.18,118.3 1 0
github.com/convision/api/internal/prescription/service.go:119.2,119.112 1 0
github.com/convision/api/internal/prescription/service.go:123.102,126.16 3 0
github.com/convision/api/internal/prescription/service.go:126.16,128.3 1 0
github.com/convision/api/internal/prescription/service.go:129.2,130.18 2 0
github.com/convision/api/internal/prescription/service.go:130.18,132.3 1 0
github.com/convision/api/internal/prescription/service.go:133.2,133.108 1 0
github.com/convision/api/internal/prescription/service.go:137.88,140.57 1 0
github.com/convision/api/internal/prescription/service.go:140.57,145.3 1 0
github.com/convision/api/internal/prescription/service.go:146.2,174.22 2 0
github.com/convision/api/internal/prescription/service.go:174.22,176.17 2 0
github.com/convision/api/internal/prescription/service.go:176.17,178.4 1 0
github.com/convision/api/internal/prescription/service.go:181.2,181.45 1 0
github.com/convision/api/internal/prescription/service.go:181.45,183.3 1 0
github.com/convision/api/internal/prescription/service.go:185.2,186.33 2 0
github.com/convision/api/internal/prescription/service.go:190.97,192.16 2 0
github.com/convision/api/internal/prescription/service.go:192.16,194.3 1 0
github.com/convision/api/internal/prescription/service.go:196.2,196.32 1 0
github.com/convision/api/internal/prescription/service.go:196.32,198.3 1 0
github.com/convision/api/internal/prescription/service.go:199.2,199.26 1 0
github.com/convision/api/internal/prescription/service.go:199.26,201.3 1 0
github.com/convision/api/internal/prescription/service.go:202.2,202.29 1 0
github.com/convision/api/internal/prescription/service.go:202.29,204.3 1 0
github.com/convision/api/internal/prescription/service.go:205.2,205.22 1 0
github.com/convision/api/internal/prescription/service.go:205.22,207.17 2 0
github.com/convision/api/internal/prescription/service.go:207.17,209.4 1 0
github.com/convision/api/internal/prescription/service.go:211.2,227.32 17 0
github.com/convision/api/internal/prescription/service.go:227.32,229.3 1 0
github.com/convision/api/internal/prescription/service.go:230.2,230.27 1 0
github.com/convision/api/internal/prescription/service.go:230.27,232.3 1 0
github.com/convision/api/internal/prescription/service.go:233.2,233.32 1 0
github.com/convision/api/internal/prescription/service.go:233.32,235.3 1 0
github.com/convision/api/internal/prescription/service.go:236.2,236.30 1 0
github.com/convision/api/internal/prescription/service.go:236.30,238.3 1 0
github.com/convision/api/internal/prescription/service.go:239.2,239.29 1 0
github.com/convision/api/internal/prescription/service.go:239.29,241.3 1 0
github.com/convision/api/internal/prescription/service.go:242.2,242.28 1 0
github.com/convision/api/internal/prescription/service.go:242.28,244.3 1 0
github.com/convision/api/internal/prescription/service.go:246.2,246.45 1 0
github.com/convision/api/internal/prescription/service.go:246.45,248.3 1 0
github.com/convision/api/internal/prescription/service.go:250.2,251.33 2 0
github.com/convision/api/internal/prescription/service.go:255.54,256.50 1 0
github.com/convision/api/internal/prescription/service.go:256.50,258.3 1 0
github.com/convision/api/internal/prescription/service.go:259.2,259.30 1 0
github.com/convision/api/internal/purchase/service.go:22.78,24.2 1 0
github.com/convision/api/internal/purchase/service.go:83.75,85.2 1 0
github.com/convision/api/internal/purchase/service.go:88.83,91.16 3 0
github.com/convision/api/internal/purchase/service.go:91.16,93.3 1 0
github.com/convision/api/internal/purchase/service.go:94.2,95.15 2 0
github.com/convision/api/internal/purchase/service.go:95.15,97.3 1 0
github.com/convision/api/internal/purchase/service.go:98.2,98.112 1 0
github.com/convision/api/internal/purchase/service.go:102.107,104.30 2 0
github.com/convision/api/internal/purchase/service.go:104.30,106.17 2 0
github.com/convision/api/internal/purchase/service.go:106.17,108.4 1 0
github.com/convision/api/internal/purchase/service.go:109.3,109.20 1 0
github.com/convision/api/internal/purchase/service.go:112.2,113.32 2 0
github.com/convision/api/internal/purchase/service.go:113.32,115.17 2 0
github.com/convision/api/internal/purchase/service.go:115.17,117.4 1 0
github.com/convision/api/internal/purchase/service.go:118.3,118.22 1 0
github.com/convision/api/internal/purchase/service.go:121.2,122.33 2 0
github.com/convision/api/internal/purchase/service.go:122.33,135.3 1 0
github.com/convision/api/internal/purchase/service.go:137.2,157.45 2 0
github.com/convision/api/internal/purchase/service.go:157.45,159.3 1 0
github.com/convision/api/internal/purchase/service.go:161.2,162.33 2 0
github.com/convision/api/internal/purchase/service.go:166.93,168.16 2 0
github.com/convision/api/internal/purchase/service.go:168.16,170.3 1 0
github.com/convision/api/internal/purchase/service.go:171.2,171.29 1 0
github.com/convision/api/internal/purchase/service.go:171.29,173.3 1 0
github.com/convision/api/internal/purchase/service.go:174.2,174.30 1 0
github.com/convision/api/internal/purchase/service.go:174.30,176.17 2 0
github.com/convision/api/internal/purchase/service.go:176.17,178.4 1 0
github.com/convision/api/internal/purchase/service.go:179.3,179.22 1 0
github.com/convision/api/internal/purchase/service.go:181.2,181.31 1 0
github.com/convision/api/internal/purchase/service.go:181.31,183.3 1 0
github.com/convision/api/internal/purchase/service.go:184.2,184.25 1 0
github.com/convision/api/internal/purchase/service.go:184.25,186.3 1 0
github.com/convision/api/internal/purchase/service.go:187.2,187.27 1 0
github.com/convision/api/internal/purchase/service.go:187.27,189.3 1 0
github.com/convision/api/internal/purchase/service.go:190.2,190.28 1 0
github.com/convision/api/internal/purchase/service.go:190.28,192.3 1 0
github.com/convision/api/internal/purchase/service.go:193.2,193.34 1 0
github.com/convision/api/internal/purchase/service.go:193.34,195.3 1 0
github.com/convision/api/internal/purchase/service.go:196.2,196.30 1 0
github.com/convision/api/internal/purchase/service.go:196.30,198.3 1 0
github.com/convision/api/internal/purchase/service.go:199.2,199.30 1 0
github.com/convision/api/internal/purchase/service.go:199.30,201.3 1 0
github.com/convision/api/internal/purchase/service.go:202.2,202.23 1 0
github.com/convision/api/internal/purchase/service.go:202.23,204.3 1 0
github.com/convision/api/internal/purchase/service.go:205.2,205.32 1 0
github.com/convision/api/internal/purchase/service.go:205.32,207.17 2 0
github.com/convision/api/internal/purchase/service.go:207.17,209.4 1 0
github.com/convision/api/internal/purchase/service.go:210.3,210.24 1 0
github.com/convision/api/internal/purchase/service.go:213.2,213.45 1 0
github.com/convision/api/internal/purchase/service.go:213.45,215.3 1 0
github.com/convision/api/internal/purchase/service.go:216.2,216.31 1 0
github.com/convision/api/internal/purchase/service.go:220.54,221.50 1 0
github.com/convision/api/internal/purchase/service.go:221.50,223.3 1 0
github.com/convision/api/internal/purchase/service.go:224.2,224.30 1 0
github.com/convision/api/internal/purchase/service.go:228.75,230.16 2 0
github.com/convision/api/internal/purchase/service.go:230.16,232.3 1 0
github.com/convision/api/internal/purchase/service.go:233.2,234.45 2 0
github.com/convision/api/internal/purchase/service.go:234.45,236.3 1 0
github.com/convision/api/internal/purchase/service.go:237.2,238.31 2 0
github.com/convision/api/internal/purchase/service.go:242.45,244.2 1 0
github.com/convision/api/internal/platform/storage/postgres/appointment_repository.go:18.56,20.2 1 0
github.com/convision/api/internal/platform/storage/postgres/appointment_repository.go:22.68,30.2 1 0
github.com/convision/api/internal/platform/storage/postgres/appointment_repository.go:32.92,35.16 3 0
github.com/convision/api/internal/platform/storage/postgres/appointment_repository.go:35.16,36.45 1 0
github.com/convision/api/internal/platform/storage/postgres/appointment_repository.go:36.45,38.4 1 0
github.com/convision/api/internal/platform/storage/postgres/appointment_repository.go:39.3,39.18 1 0
github.com/convision/api/internal/platform/storage/postgres/appointment_repository.go:41.2,41.16 1 0
github.com/convision/api/internal/platform/storage/postgres/appointment_repository.go:44.134,50.2 2 0
github.com/convision/api/internal/platform/storage/postgres/appointment_repository.go:52.140,58.2 2 0
github.com/convision/api/internal/platform/storage/postgres/appointment_repository.go:60.82,62.2 1 0
github.com/convision/api/internal/platform/storage/postgres/appointment_repository.go:64.82,82.2 1 0
github.com/convision/api/internal/platform/storage/postgres/appointment_repository.go:84.68,86.2 1 0
github.com/convision/api/internal/platform/storage/postgres/appointment_repository.go:91.135,98.25 4 0
github.com/convision/api/internal/platform/storage/postgres/appointment_repository.go:98.25,100.3 1 0
github.com/convision/api/internal/platform/storage/postgres/appointment_repository.go:100.8,102.3 1 0
github.com/convision/api/internal/platform/storage/postgres/appointment_repository.go:104.2,105.46 2 0
github.com/convision/api/internal/platform/storage/postgres/appointment_repository.go:105.46,107.3 1 0
github.com/convision/api/internal/platform/storage/postgres/appointment_repository.go:108.2,108.23 1 0
github.com/convision/api/internal/platform/storage/postgres/appointment_repository.go:113.120,120.22 2 0
github.com/convision/api/internal/platform/storage/postgres/appointment_repository.go:120.22,122.3 1 0
github.com/convision/api/internal/platform/storage/postgres/appointment_repository.go:123.2,123.27 1 0
github.com/convision/api/internal/platform/storage/postgres/appointment_repository.go:123.27,125.3 1 0
github.com/convision/api/internal/platform/storage/postgres/appointment_repository.go:126.2,126.12 1 0
github.com/convision/api/internal/platform/storage/postgres/appointment_repository.go:132.166,151.16 4 0
github.com/convision/api/internal/platform/storage/postgres/appointment_repository.go:151.16,154.3 2 0
github.com/convision/api/internal/platform/storage/postgres/appointment_repository.go:155.2,155.14 1 0
github.com/convision/api/internal/platform/storage/postgres/appointment_repository.go:155.14,158.3 2 0
github.com/convision/api/internal/platform/storage/postgres/appointment_repository.go:159.2,159.28 1 0
github.com/convision/api/internal/platform/storage/postgres/appointment_repository.go:159.28,162.3 2 0
github.com/convision/api/internal/platform/storage/postgres/appointment_repository.go:163.2,163.39 1 0
github.com/convision/api/internal/platform/storage/postgres/appointment_repository.go:163.39,166.3 2 0
github.com/convision/api/internal/platform/storage/postgres/appointment_repository.go:168.2,191.66 4 0
github.com/convision/api/internal/platform/storage/postgres/appointment_repository.go:191.66,193.3 1 0
github.com/convision/api/internal/platform/storage/postgres/appointment_repository.go:195.2,196.26 2 0
github.com/convision/api/internal/platform/storage/postgres/appointment_repository.go:196.26,208.3 1 0
github.com/convision/api/internal/platform/storage/postgres/appointment_repository.go:209.2,209.20 1 0
github.com/convision/api/internal/platform/storage/postgres/appointment_repository.go:221.17,232.19 5 0
github.com/convision/api/internal/platform/storage/postgres/appointment_repository.go:232.19,234.3 1 0
github.com/convision/api/internal/platform/storage/postgres/appointment_repository.go:236.2,237.46 2 0
github.com/convision/api/internal/platform/storage/postgres/appointment_repository.go:237.46,239.3 1 0
github.com/convision/api/internal/platform/storage/postgres/appointment_repository.go:240.2,240.23 1 0
github.com/convision/api/internal/platform/storage/postgres/appointment_repository.go:248.127,262.16 7 0
github.com/convision/api/internal/platform/storage/postgres/appointment_repository.go:262.16,264.3 1 0
github.com/convision/api/internal/platform/storage/postgres/appointment_repository.go:266.2,267.33 2 0
github.com/convision/api/internal/platform/storage/postgres/appointment_repository.go:267.33,268.27 1 0
github.com/convision/api/internal/platform/storage/postgres/appointment_repository.go:268.27,270.4 1 0
github.com/convision/api/internal/platform/storage/postgres/appointment_repository.go:272.2,272.19 1 0
github.com/convision/api/internal/platform/storage/postgres/appointment_repository.go:277.116,282.16 3 0
github.com/convision/api/internal/platform/storage/postgres/appointment_repository.go:282.16,283.45 1 0
github.com/convision/api/internal/platform/storage/postgres/appointment_repository.go:283.45,285.4 1 0
github.com/convision/api/internal/platform/storage/postgres/appointment_repository.go:286.3,286.18 1 0
github.com/convision/api/internal/platform/storage/postgres/appointment_repository.go:288.2,288.16 1 0
github.com/convision/api/internal/platform/storage/postgres/appointment_repository.go:291.117,298.23 5 0
github.com/convision/api/internal/platform/storage/postgres/appointment_repository.go:298.23,300.3 1 0
github.com/convision/api/internal/platform/storage/postgres/appointment_repository.go:301.2,301.20 1 0
github.com/convision/api/internal/platform/storage/postgres/appointment_repository.go:301.20,303.3 1 0
github.com/convision/api/internal/platform/storage/postgres/appointment_repository.go:304.2,304.27 1 0
github.com/convision/api/internal/platform/storage/postgres/appointment_repository.go:304.27,306.3 1 0
github.com/convision/api/internal/platform/storage/postgres/appointment_repository.go:307.2,307.24 1 0
github.com/convision/api/internal/platform/storage/postgres/appointment_repository.go:307.24,309.3 1 0
github.com/convision/api/internal/platform/storage/postgres/appointment_repository.go:310.2,310.24 1 0
github.com/convision/api/internal/platform/storage/postgres/appointment_repository.go:310.24,312.3 1 0
github.com/convision/api/internal/platform/storage/postgres/appointment_repository.go:313.2,313.30 1 0
github.com/convision/api/internal/platform/storage/postgres/appointment_repository.go:313.30,315.3 1 0
github.com/convision/api/internal/platform/storage/postgres/appointment_repository.go:318.2,318.23 1 0
github.com/convision/api/internal/platform/storage/postgres/appointment_repository.go:318.23,320.3 1 0
github.com/convision/api/internal/platform/storage/postgres/appointment_repository.go:322.2,322.21 1 0
github.com/convision/api/internal/platform/storage/postgres/appointment_repository.go:322.21,324.3 1 0
github.com/convision/api/internal/platform/storage/postgres/appointment_repository.go:326.2,326.27 1 0
github.com/convision/api/internal/platform/storage/postgres/appointment_repository.go:326.27,333.3 2 0
github.com/convision/api/internal/platform/storage/postgres/appointment_repository.go:335.2,335.25 1 0
github.com/convision/api/internal/platform/storage/postgres/appointment_repository.go:335.25,340.3 1 0
github.com/convision/api/internal/platform/storage/postgres/appointment_repository.go:342.2,342.21 1 0
github.com/convision/api/internal/platform/storage/postgres/appointment_repository.go:342.21,344.3 1 0
github.com/convision/api/internal/platform/storage/postgres/appointment_repository.go:346.2,346.46 1 0
github.com/convision/api/internal/platform/storage/postgres/appointment_repository.go:346.46,348.3 1 0
github.com/convision/api/internal/platform/storage/postgres/appointment_repository.go:350.2,355.16 2 0
github.com/convision/api/internal/platform/storage/postgres/appointment_repository.go:355.16,357.3 1 0
github.com/convision/api/internal/platform/storage/postgres/appointment_repository.go:359.2,359.33 1 0
github.com/convision/api/internal/platform/storage/postgres/branch_repository.go:13.52,15.2 1 0
github.com/convision/api/internal/platform/storage/postgres/branch_repository.go:17.82,19.47 2 0
github.com/convision/api/internal/platform/storage/postgres/branch_repository.go:19.47,20.45 1 0
github.com/convision/api/internal/platform/storage/postgres/branch_repository.go:20.45,22.4 1 0
github.com/convision/api/internal/platform/storage/postgres/branch_repository.go:23.3,23.18 1 0
github.com/convision/api/internal/platform/storage/postgres/branch_repository.go:25.2,25.16 1 0
github.com/convision/api/internal/platform/storage/postgres/branch_repository.go:28.89,32.31 2 0
github.com/convision/api/internal/platform/storage/postgres/branch_repository.go:32.31,33.45 1 0
github.com/convision/api/internal/platform/storage/postgres/branch_repository.go:33.45,35.4 1 0
github.com/convision/api/internal/platform/storage/postgres/branch_repository.go:36.3,36.18 1 0
github.com/convision/api/internal/platform/storage/postgres/branch_repository.go:38.2,38.16 1 0
github.com/convision/api/internal/platform/storage/postgres/branch_repository.go:41.88,43.16 2 0
github.com/convision/api/internal/platform/storage/postgres/branch_repository.go:43.16,45.3 1 0
github.com/convision/api/internal/platform/storage/postgres/branch_repository.go:46.2,46.17 1 0
github.com/convision/api/internal/platform/storage/postgres/branch_repository.go:46.17,48.3 1 0
github.com/convision/api/internal/platform/storage/postgres/branch_repository.go:49.2,49.15 1 0
github.com/convision/api/internal/platform/storage/postgres/branch_repository.go:52.75,56.37 2 0
github.com/convision/api/internal/platform/storage/postgres/branch_repository.go:56.37,58.3 1 0
github.com/convision/api/internal/platform/storage/postgres/branch_repository.go:59.2,59.22 1 0
github.com/convision/api/internal/platform/storage/postgres/branch_repository.go:62.92,69.37 2 0
github.com/convision/api/internal/platform/storage/postgres/branch_repository.go:69.37,71.3 1 0
github.com/convision/api/internal/platform/storage/postgres/branch_repository.go:72.2,72.22 1 0
github.com/convision/api/internal/platform/storage/postgres/branch_repository.go:75.92,81.2 3 0
github.com/convision/api/internal/platform/storage/postgres/branch_repository.go:83.108,86.48 2 0
github.com/convision/api/internal/platform/storage/postgres/branch_repository.go:86.48,88.4 1 0
github.com/convision/api/internal/platform/storage/postgres/branch_repository.go:91.2,91.16 1 0
github.com/convision/api/internal/platform/storage/postgres/branch_repository.go:91.16,93.3 1 0
github.com/convision/api/internal/platform/storage/postgres/branch_repository.go:94.2,94.18 1 0
github.com/convision/api/internal/platform/storage/postgres/branch_repository.go:97.101,99.73 2 0
github.com/convision/api/internal/platform/storage/postgres/branch_repository.go:99.73,101.3 1 0
github.com/convision/api/internal/platform/storage/postgres/branch_repository.go:102.2,103.25 2 0
github.com/convision/api/internal/platform/storage/postgres/branch_repository.go:103.25,105.3 1 0
github.com/convision/api/internal/platform/storage/postgres/branch_repository.go:106.2,106.15 1 0
github.com/convision/api/internal/platform/storage/postgres/branch_repository.go:109.72,111.2 1 0
github.com/convision/api/internal/platform/storage/postgres/branch_repository.go:113.72,123.2 1 0
github.com/convision/api/internal/platform/storage/postgres/branch_repository.go:125.117,126.48 1 0
github.com/convision/api/internal/platform/storage/postgres/branch_repository.go:126.48,127.92 1 0
github.com/convision/api/internal/platform/storage/postgres/branch_repository.go:127.92,129.4 1 0
github.com/convision/api/internal/platform/storage/postgres/branch_repository.go:130.3,130.33 1 0
github.com/convision/api/internal/platform/storage/postgres/branch_repository.go:130.33,136.47 2 0
github.com/convision/api/internal/platform/storage/postgres/branch_repository.go:136.47,138.5 1 0
github.com/convision/api/internal/platform/storage/postgres/branch_repository.go:140.3,140.13 1 0
github.com/convision/api/internal/platform/storage/postgres/bulk_import_log_repository.go:11.71,14.2 2 0
github.com/convision/api/internal/platform/storage/postgres/bulk_import_log_repository.go:16.88,18.2 1 0
github.com/convision/api/internal/platform/storage/postgres/bulk_import_log_repository.go:20.131,25.22 4 0
github.com/convision/api/internal/platform/storage/postgres/bulk_import_log_repository.go:25.22,27.3 1 0
github.com/convision/api/internal/platform/storage/postgres/bulk_import_log_repository.go:29.2,29.46 1 0
github.com/convision/api/internal/platform/storage/postgres/bulk_import_log_repository.go:29.46,31.3 1 0
github.com/convision/api/internal/platform/storage/postgres/bulk_import_log_repository.go:33.2,34.101 2 0
github.com/convision/api/internal/platform/storage/postgres/bulk_import_log_repository.go:34.101,36.3 1 0
github.com/convision/api/internal/platform/storage/postgres/bulk_import_log_repository.go:38.2,38.25 1 0
github.com/convision/api/internal/platform/storage/postgres/cash_register_close_repository.go:16.68,18.2 1 0
github.com/convision/api/internal/platform/storage/postgres/cash_register_close_repository.go:20.104,24.46 2 0
github.com/convision/api/internal/platform/storage/postgres/cash_register_close_repository.go:24.46,26.4 1 0
github.com/convision/api/internal/platform/storage/postgres/cash_register_close_repository.go:27.50,29.4 1 0
github.com/convision/api/internal/platform/storage/postgres/cash_register_close_repository.go:30.55,32.4 1 0
github.com/convision/api/internal/platform/storage/postgres/cash_register_close_repository.go:34.2,34.44 1 0
github.com/convision/api/internal/platform/storage/postgres/cash_register_close_repository.go:34.44,36.3 1 0
github.com/convision/api/internal/platform/storage/postgres/cash_register_close_repository.go:37.2,37.19 1 0
github.com/convision/api/internal/platform/storage/postgres/cash_register_close_repository.go:43.151,58.16 3 0
github.com/convision/api/internal/platform/storage/postgres/cash_register_close_repository.go:58.16,60.3 1 0
github.com/convision/api/internal/platform/storage/postgres/cash_register_close_repository.go:61.2,61.23 1 0
github.com/convision/api/internal/platform/storage/postgres/cash_register_close_repository.go:61.23,63.3 1 0
github.com/convision/api/internal/platform/storage/postgres/cash_register_close_repository.go:64.2,64.37 1 0
github.com/convision/api/internal/platform/storage/postgres/cash_register_close_repository.go:67.166,75.30 5 0
github.com/convision/api/internal/platform/storage/postgres/cash_register_close_repository.go:75.30,77.3 1 0
github.com/convision/api/internal/platform/storage/postgres/cash_register_close_repository.go:77.8,77.28 1 0
github.com/convision/api/internal/platform/storage/postgres/cash_register_close_repository.go:77.28,79.3 1 0
github.com/convision/api/internal/platform/storage/postgres/cash_register_close_repository.go:81.2,81.23 1 0
github.com/convision/api/internal/platform/storage/postgres/cash_register_close_repository.go:81.23,83.3 1 0
github.com/convision/api/internal/platform/storage/postgres/cash_register_close_repository.go:84.2,84.20 1 0
github.com/convision/api/internal/platform/storage/postgres/cash_register_close_repository.go:84.20,86.3 1 0
github.com/convision/api/internal/platform/storage/postgres/cash_register_close_repository.go:87.2,87.23 1 0
github.com/convision/api/internal/platform/storage/postgres/cash_register_close_repository.go:87.23,89.3 1 0
github.com/convision/api/internal/platform/storage/postgres/cash_register_close_repository.go:90.2,90.22 1 0
github.com/convision/api/internal/platform/storage/postgres/cash_register_close_repository.go:90.22,92.3 1 0
github.com/convision/api/internal/platform/storage/postgres/cash_register_close_repository.go:93.2,93.20 1 0
github.com/convision/api/internal/platform/storage/postgres/cash_register_close_repository.go:93.20,95.3 1 0
github.com/convision/api/internal/platform/storage/postgres/cash_register_close_repository.go:97.2,97.46 1 0
github.com/convision/api/internal/platform/storage/postgres/cash_register_close_repository.go:97.46,99.3 1 0
github.com/convision/api/internal/platform/storage/postgres/cash_register_close_repository.go:101.2,103.46 1 0
github.com/convision/api/internal/platform/storage/postgres/cash_register_close_repository.go:103.46,105.4 1 0
github.com/convision/api/internal/platform/storage/postgres/cash_register_close_repository.go:111.2,111.28 1 0
github.com/convision/api/internal/platform/storage/postgres/cash_register_close_repository.go:116.162,121.18 3 0
github.com/convision/api/internal/platform/storage/postgres/cash_register_close_repository.go:121.18,123.3 1 0
github.com/convision/api/internal/platform/storage/postgres/cash_register_close_repository.go:124.2,125.46 1 0
github.com/convision/api/internal/platform/storage/postgres/cash_register_close_repository.go:125.46,127.4 1 0
github.com/convision/api/internal/platform/storage/postgres/cash_register_close_repository.go:130.2,130.21 1 0
github.com/convision/api/internal/platform/storage/postgres/cash_register_close_repository.go:134.157,141.18 3 0
github.com/convision/api/internal/platform/storage/postgres/cash_register_close_repository.go:141.18,143.3 1 0
github.com/convision/api/internal/platform/storage/postgres/cash_register_close_repository.go:144.2,145.46 1 0
github.com/convision/api/internal/platform/storage/postgres/cash_register_close_repository.go:145.46,147.4 1 0
github.com/convision/api/internal/platform/storage/postgres/cash_register_close_repository.go:148.56,150.4 1 0
github.com/convision/api/internal/platform/storage/postgres/cash_register_close_repository.go:151.50,153.4 1 0
github.com/convision/api/internal/platform/storage/postgres/cash_register_close_repository.go:154.56,156.4 1 0
github.com/convision/api/internal/platform/storage/postgres/cash_register_close_repository.go:157.55,159.4 1 0
github.com/convision/api/internal/platform/storage/postgres/cash_register_close_repository.go:161.2,162.21 2 0
github.com/convision/api/internal/platform/storage/postgres/cash_register_close_repository.go:166.177,167.48 1 0
github.com/convision/api/internal/platform/storage/postgres/cash_register_close_repository.go:167.48,168.44 1 0
github.com/convision/api/internal/platform/storage/postgres/cash_register_close_repository.go:168.44,170.4 1 0
github.com/convision/api/internal/platform/storage/postgres/cash_register_close_repository.go:172.3,172.24 1 0
github.com/convision/api/internal/platform/storage/postgres/cash_register_close_repository.go:172.24,173.28 1 0
github.com/convision/api/internal/platform/storage/postgres/cash_register_close_repository.go:173.28,175.5 1 0
github.com/convision/api/internal/platform/storage/postgres/cash_register_close_repository.go:176.4,176.53 1 0
github.com/convision/api/internal/platform/storage/postgres/cash_register_close_repository.go:176.53,178.5 1 0
github.com/convision/api/internal/platform/storage/postgres/cash_register_close_repository.go:181.3,181.22 1 0
github.com/convision/api/internal/platform/storage/postgres/cash_register_close_repository.go:181.22,182.26 1 0
github.com/convision/api/internal/platform/storage/postgres/cash_register_close_repository.go:182.26,184.5 1 0
github.com/convision/api/internal/platform/storage/postgres/cash_register_close_repository.go:185.4,185.51 1 0
github.com/convision/api/internal/platform/storage/postgres/cash_register_close_repository.go:185.51,187.5 1 0
github.com/convision/api/internal/platform/storage/postgres/cash_register_close_repository.go:190.3,190.13 1 0
github.com/convision/api/internal/platform/storage/postgres/cash_register_close_repository.go:195.179,196.48 1 0
github.com/convision/api/internal/platform/storage/postgres/cash_register_close_repository.go:196.48,210.25 1 0
github.com/convision/api/internal/platform/storage/postgres/cash_register_close_repository.go:210.25,212.4 1 0
github.com/convision/api/internal/platform/storage/postgres/cash_register_close_repository.go:214.3,214.22 1 0
github.com/convision/api/internal/platform/storage/postgres/cash_register_close_repository.go:214.22,215.120 1 0
github.com/convision/api/internal/platform/storage/postgres/cash_register_close_repository.go:215.120,217.5 1 0
github.com/convision/api/internal/platform/storage/postgres/cash_register_close_repository.go:218.4,218.26 1 0
github.com/convision/api/internal/platform/storage/postgres/cash_register_close_repository.go:218.26,219.30 1 0
github.com/convision/api/internal/platform/storage/postgres/cash_register_close_repository.go:219.30,221.6 1 0
github.com/convision/api/internal/platform/storage/postgres/cash_register_close_repository.go:222.5,222.53 1 0
github.com/convision/api/internal/platform/storage/postgres/cash_register_close_repository.go:222.53,224.6 1 0
github.com/convision/api/internal/platform/storage/postgres/cash_register_close_repository.go:228.3,228.20 1 0
github.com/convision/api/internal/platform/storage/postgres/cash_register_close_repository.go:228.20,229.117 1 0
github.com/convision/api/internal/platform/storage/postgres/cash_register_close_repository.go:229.117,231.5 1 0
github.com/convision/api/internal/platform/storage/postgres/cash_register_close_repository.go:232.4,232.24 1 0
github.com/convision/api/internal/platform/storage/postgres/cash_register_close_repository.go:232.24,233.28 1 0
github.com/convision/api/internal/platform/storage/postgres/cash_register_close_repository.go:233.28,235.6 1 0
github.com/convision/api/internal/platform/storage/postgres/cash_register_close_repository.go:236.5,236.51 1 0
github.com/convision/api/internal/platform/storage/postgres/cash_register_close_repository.go:236.51,238.6 1 0
github.com/convision/api/internal/platform/storage/postgres/cash_register_close_repository.go:242.3,242.13 1 0
github.com/convision/api/internal/platform/storage/postgres/cash_register_close_repository.go:246.74,248.48 2 0
github.com/convision/api/internal/platform/storage/postgres/cash_register_close_repository.go:248.48,249.117 1 0
github.com/convision/api/internal/platform/storage/postgres/cash_register_close_repository.go:249.117,251.4 1 0
github.com/convision/api/internal/platform/storage/postgres/cash_register_close_repository.go:252.3,252.123 1 0
github.com/convision/api/internal/platform/storage/postgres/cash_register_close_repository.go:252.123,254.4 1 0
github.com/convision/api/internal/platform/storage/postgres/cash_register_close_repository.go:255.3,255.114 1 0
github.com/convision/api/internal/platform/storage/postgres/cash_register_close_repository.go:255.114,257.4 1 0
github.com/convision/api/internal/platform/storage/postgres/cash_register_close_repository.go:258.3,259.23 2 0
github.com/convision/api/internal/platform/storage/postgres/cash_register_close_repository.go:259.23,261.4 1 0
github.com/convision/api/internal/platform/storage/postgres/cash_register_close_repository.go:262.3,263.13 2 0
github.com/convision/api/internal/platform/storage/postgres/cash_register_close_repository.go:265.2,265.16 1 0
github.com/convision/api/internal/platform/storage/postgres/cash_register_close_repository.go:265.16,267.3 1 0
github.com/convision/api/internal/platform/storage/postgres/cash_register_close_repository.go:268.2,268.19 1 0
github.com/convision/api/internal/platform/storage/postgres/cash_register_close_repository.go:268.19,270.3 1 0
github.com/convision/api/internal/platform/storage/postgres/cash_register_close_repository.go:271.2,271.12 1 0
github.com/convision/api/internal/platform/storage/postgres/cash_register_close_repository.go:275.141,276.48 1 0
github.com/convision/api/internal/platform/storage/postgres/cash_register_close_repository.go:276.48,277.128 1 0
github.com/convision/api/internal/platform/storage/postgres/cash_register_close_repository.go:277.128,279.4 1 0
github.com/convision/api/internal/platform/storage/postgres/cash_register_close_repository.go:281.3,282.24 2 0
github.com/convision/api/internal/platform/storage/postgres/cash_register_close_repository.go:282.24,283.28 1 0
github.com/convision/api/internal/platform/storage/postgres/cash_register_close_repository.go:283.28,286.5 2 0
github.com/convision/api/internal/platform/storage/postgres/cash_register_close_repository.go:287.4,287.53 1 0
github.com/convision/api/internal/platform/storage/postgres/cash_register_close_repository.go:287.53,289.5 1 0
github.com/convision/api/internal/platform/storage/postgres/cash_register_close_repository.go:292.3,299.25 2 0
github.com/convision/api/internal/platform/storage/postgres/cash_register_close_repository.go:299.25,301.4 1 0
github.com/convision/api/internal/platform/storage/postgres/cash_register_close_repository.go:303.3,303.13 1 0
github.com/convision/api/internal/platform/storage/postgres/cash_transfer_repository.go:15.58,17.2 1 0
github.com/convision/api/internal/platform/storage/postgres/cash_transfer_repository.go:19.94,23.44 3 0
github.com/convision/api/internal/platform/storage/postgres/cash_transfer_repository.go:23.44,25.3 1 0
github.com/convision/api/internal/platform/storage/postgres/cash_transfer_repository.go:26.2,26.16 1 0
github.com/convision/api/internal/platform/storage/postgres/cash_transfer_repository.go:29.84,31.2 1 0
github.com/convision/api/internal/platform/storage/postgres/cash_transfer_repository.go:33.84,46.2 1 0
github.com/convision/api/internal/platform/storage/postgres/cash_transfer_repository.go:48.69,50.2 1 0
github.com/convision/api/internal/platform/storage/postgres/cash_transfer_repository.go:52.120,58.20 5 0
github.com/convision/api/internal/platform/storage/postgres/cash_transfer_repository.go:58.20,60.3 1 0
github.com/convision/api/internal/platform/storage/postgres/cash_transfer_repository.go:61.2,61.18 1 0
github.com/convision/api/internal/platform/storage/postgres/cash_transfer_repository.go:61.18,63.3 1 0
github.com/convision/api/internal/platform/storage/postgres/cash_transfer_repository.go:65.2,65.46 1 0
github.com/convision/api/internal/platform/storage/postgres/cash_transfer_repository.go:65.46,67.3 1 0
github.com/convision/api/internal/platform/storage/postgres/cash_transfer_repository.go:68.2,70.28 2 0
github.com/convision/api/internal/platform/storage/postgres/catalog_repository.go:15.44,15.73 1 0
github.com/convision/api/internal/platform/storage/postgres/catalog_repository.go:17.80,20.44 3 0
github.com/convision/api/internal/platform/storage/postgres/catalog_repository.go:20.44,22.3 1 0
github.com/convision/api/internal/platform/storage/postgres/catalog_repository.go:23.2,23.16 1 0
github.com/convision/api/internal/platform/storage/postgres/catalog_repository.go:26.86,30.44 3 0
github.com/convision/api/internal/platform/storage/postgres/catalog_repository.go:30.44,32.3 1 0
github.com/convision/api/internal/platform/storage/postgres/catalog_repository.go:33.2,33.16 1 0
github.com/convision/api/internal/platform/storage/postgres/catalog_repository.go:36.70,38.2 1 0
github.com/convision/api/internal/platform/storage/postgres/catalog_repository.go:40.70,45.2 1 0
github.com/convision/api/internal/platform/storage/postgres/catalog_repository.go:47.62,49.2 1 0
github.com/convision/api/internal/platform/storage/postgres/catalog_repository.go:51.96,56.46 4 0
github.com/convision/api/internal/platform/storage/postgres/catalog_repository.go:56.46,58.3 1 0
github.com/convision/api/internal/platform/storage/postgres/catalog_repository.go:59.2,63.25 3 0
github.com/convision/api/internal/platform/storage/postgres/catalog_repository.go:70.50,70.82 1 0
github.com/convision/api/internal/platform/storage/postgres/catalog_repository.go:72.86,75.44 3 0
github.com/convision/api/internal/platform/storage/postgres/catalog_repository.go:75.44,77.3 1 0
github.com/convision/api/internal/platform/storage/postgres/catalog_repository.go:78.2,78.16 1 0
github.com/convision/api/internal/platform/storage/postgres/catalog_repository.go:81.92,85.44 3 0
github.com/convision/api/internal/platform/storage/postgres/catalog_repository.go:85.44,87.3 1 0
github.com/convision/api/internal/platform/storage/postgres/catalog_repository.go:88.2,88.16 1 0
github.com/convision/api/internal/platform/storage/postgres/catalog_repository.go:91.76,93.2 1 0
github.com/convision/api/internal/platform/storage/postgres/catalog_repository.go:95.76,99.2 1 0
github.com/convision/api/internal/platform/storage/postgres/catalog_repository.go:101.65,103.2 1 0
github.com/convision/api/internal/platform/storage/postgres/catalog_repository.go:105.102,109.46 4 0
github.com/convision/api/internal/platform/storage/postgres/catalog_repository.go:109.46,111.3 1 0
github.com/convision/api/internal/platform/storage/postgres/catalog_repository.go:112.2,115.25 3 0
github.com/convision/api/internal/platform/storage/postgres/catalog_repository.go:122.50,122.82 1 0
github.com/convision/api/internal/platform/storage/postgres/catalog_repository.go:124.86,127.44 3 0
github.com/convision/api/internal/platform/storage/postgres/catalog_repository.go:127.44,129.3 1 0
github.com/convision/api/internal/platform/storage/postgres/catalog_repository.go:130.2,130.16 1 0
github.com/convision/api/internal/platform/storage/postgres/catalog_repository.go:133.92,137.44 3 0
github.com/convision/api/internal/platform/storage/postgres/catalog_repository.go:137.44,139.3 1 0
github.com/convision/api/internal/platform/storage/postgres/catalog_repository.go:140.2,140.16 1 0
github.com/convision/api/internal/platform/storage/postgres/catalog_repository.go:143.76,145.2 1 0
github.com/convision/api/internal/platform/storage/postgres/catalog_repository.go:147.76,151.2 1 0
github.com/convision/api/internal/platform/storage/postgres/catalog_repository.go:153.65,155.2 1 0
github.com/convision/api/internal/platform/storage/postgres/catalog_repository.go:157.102,161.46 4 0
github.com/convision/api/internal/platform/storage/postgres/catalog_repository.go:161.46,163.3 1 0
github.com/convision/api/internal/platform/storage/postgres/catalog_repository.go:164.2,167.25 3 0
github.com/convision/api/internal/platform/storage/postgres/catalog_repository.go:174.52,174.85 1 0
github.com/convision/api/internal/platform/storage/postgres/catalog_repository.go:176.88,179.44 3 0
github.com/convision/api/internal/platform/storage/postgres/catalog_repository.go:179.44,181.3 1 0
github.com/convision/api/internal/platform/storage/postgres/catalog_repository.go:182.2,182.16 1 0
github.com/convision/api/internal/platform/storage/postgres/catalog_repository.go:185.94,189.44 3 0
github.com/convision/api/internal/platform/storage/postgres/catalog_repository.go:189.44,191.3 1 0
github.com/convision/api/internal/platform/storage/postgres/catalog_repository.go:192.2,192.16 1 0
github.com/convision/api/internal/platform/storage/postgres/catalog_repository.go:195.78,197.2 1 0
github.com/convision/api/internal/platform/storage/postgres/catalog_repository.go:199.78,203.2 1 0
github.com/convision/api/internal/platform/storage/postgres/catalog_repository.go:205.66,207.2 1 0
github.com/convision/api/internal/platform/storage/postgres/catalog_repository.go:209.104,213.46 4 0
github.com/convision/api/internal/platform/storage/postgres/catalog_repository.go:213.46,215.3 1 0
github.com/convision/api/internal/platform/storage/postgres/catalog_repository.go:216.2,219.25 3 0
github.com/convision/api/internal/platform/storage/postgres/catalog_repository.go:226.52,226.85 1 0
github.com/convision/api/internal/platform/storage/postgres/catalog_repository.go:228.88,231.44 3 0
github.com/convision/api/internal/platform/storage/postgres/catalog_repository.go:231.44,233.3 1 0
github.com/convision/api/internal/platform/storage/postgres/catalog_repository.go:234.2,234.16 1 0
github.com/convision/api/internal/platform/storage/postgres/catalog_repository.go:237.94,241.44 3 0
github.com/convision/api/internal/platform/storage/postgres/catalog_repository.go:241.44,243.3 1 0
github.com/convision/api/internal/platform/storage/postgres/catalog_repository.go:244.2,244.16 1 0
github.com/convision/api/internal/platform/storage/postgres/catalog_repository.go:247.78,249.2 1 0
github.com/convision/api/internal/platform/storage/postgres/catalog_repository.go:251.78,255.2 1 0
github.com/convision/api/internal/platform/storage/postgres/catalog_repository.go:257.66,259.2 1 0
github.com/convision/api/internal/platform/storage/postgres/catalog_repository.go:261.104,265.46 4 0
github.com/convision/api/internal/platform/storage/postgres/catalog_repository.go:265.46,267.3 1 0
github.com/convision/api/internal/platform/storage/postgres/catalog_repository.go:268.2,271.25 3 0
github.com/convision/api/internal/platform/storage/postgres/catalog_repository.go:278.58,280.2 1 0
github.com/convision/api/internal/platform/storage/postgres/catalog_repository.go:282.94,285.44 3 0
github.com/convision/api/internal/platform/storage/postgres/catalog_repository.go:285.44,287.3 1 0
github.com/convision/api/internal/platform/storage/postgres/catalog_repository.go:288.2,288.16 1 0
github.com/convision/api/internal/platform/storage/postgres/catalog_repository.go:291.100,295.44 3 0
github.com/convision/api/internal/platform/storage/postgres/catalog_repository.go:295.44,297.3 1 0
github.com/convision/api/internal/platform/storage/postgres/catalog_repository.go:298.2,298.16 1 0
github.com/convision/api/internal/platform/storage/postgres/catalog_repository.go:301.84,303.2 1 0
github.com/convision/api/internal/platform/storage/postgres/catalog_repository.go:305.84,309.2 1 0
github.com/convision/api/internal/platform/storage/postgres/catalog_repository.go:311.69,313.2 1 0
github.com/convision/api/internal/platform/storage/postgres/catalog_repository.go:315.110,319.46 4 0
github.com/convision/api/internal/platform/storage/postgres/catalog_repository.go:319.46,321.3 1 0
github.com/convision/api/internal/platform/storage/postgres/catalog_repository.go:322.2,325.25 3 0
github.com/convision/api/internal/platform/storage/postgres/catalog_repository.go:332.60,334.2 1 0
github.com/convision/api/internal/platform/storage/postgres/catalog_repository.go:336.96,340.44 3 0
github.com/convision/api/internal/platform/storage/postgres/catalog_repository.go:340.44,342.3 1 0
github.com/convision/api/internal/platform/storage/postgres/catalog_repository.go:343.2,343.16 1 0
github.com/convision/api/internal/platform/storage/postgres/catalog_repository.go:346.86,348.2 1 0
github.com/convision/api/internal/platform/storage/postgres/catalog_repository.go:350.86,355.2 1 0
github.com/convision/api/internal/platform/storage/postgres/catalog_repository.go:357.70,359.2 1 0
github.com/convision/api/internal/platform/storage/postgres/catalog_repository.go:361.112,365.46 4 0
github.com/convision/api/internal/platform/storage/postgres/catalog_repository.go:365.46,367.3 1 0
github.com/convision/api/internal/platform/storage/postgres/catalog_repository.go:368.2,371.25 3 0
github.com/convision/api/internal/platform/storage/postgres/catalog_repository.go:375.92,383.2 3 0
github.com/convision/api/internal/platform/storage/postgres/clinical_history_repository.go:15.64,17.2 1 0
github.com/convision/api/internal/platform/storage/postgres/clinical_history_repository.go:19.72,24.2 1 0
github.com/convision/api/internal/platform/storage/postgres/clinical_history_repository.go:26.73,31.2 1 0
github.com/convision/api/internal/platform/storage/postgres/clinical_history_repository.go:33.100,36.16 3 0
github.com/convision/api/internal/platform/storage/postgres/clinical_history_repository.go:36.16,37.45 1 0
github.com/convision/api/internal/platform/storage/postgres/clinical_history_repository.go:37.45,39.4 1 0
github.com/convision/api/internal/platform/storage/postgres/clinical_history_repository.go:40.3,40.18 1 0
github.com/convision/api/internal/platform/storage/postgres/clinical_history_repository.go:42.2,42.16 1 0
github.com/convision/api/internal/platform/storage/postgres/clinical_history_repository.go:45.142,49.46 3 0
github.com/convision/api/internal/platform/storage/postgres/clinical_history_repository.go:49.46,51.3 1 0
github.com/convision/api/internal/platform/storage/postgres/clinical_history_repository.go:53.2,56.30 4 0
github.com/convision/api/internal/platform/storage/postgres/clinical_history_repository.go:59.120,62.16 3 0
github.com/convision/api/internal/platform/storage/postgres/clinical_history_repository.go:62.16,63.45 1 0
github.com/convision/api/internal/platform/storage/postgres/clinical_history_repository.go:63.45,65.4 1 0
github.com/convision/api/internal/platform/storage/postgres/clinical_history_repository.go:66.3,66.18 1 0
github.com/convision/api/internal/platform/storage/postgres/clinical_history_repository.go:68.2,68.16 1 0
github.com/convision/api/internal/platform/storage/postgres/clinical_history_repository.go:71.129,74.24 3 0
github.com/convision/api/internal/platform/storage/postgres/clinical_history_repository.go:74.24,76.3 1 0
github.com/convision/api/internal/platform/storage/postgres/clinical_history_repository.go:77.2,77.24 1 0
github.com/convision/api/internal/platform/storage/postgres/clinical_history_repository.go:77.24,79.3 1 0
github.com/convision/api/internal/platform/storage/postgres/clinical_history_repository.go:81.2,82.46 2 0
github.com/convision/api/internal/platform/storage/postgres/clinical_history_repository.go:82.46,84.3 1 0
github.com/convision/api/internal/platform/storage/postgres/clinical_history_repository.go:86.2,88.30 3 0
github.com/convision/api/internal/platform/storage/postgres/clinical_history_repository.go:91.90,93.2 1 0
github.com/convision/api/internal/platform/storage/postgres/clinical_history_repository.go:95.90,149.2 1 0
github.com/convision/api/internal/platform/storage/postgres/clinical_history_repository.go:151.72,153.2 1 0
github.com/convision/api/internal/platform/storage/postgres/clinical_history_repository.go:159.68,161.2 1 0
github.com/convision/api/internal/platform/storage/postgres/clinical_history_repository.go:163.74,168.2 1 0
github.com/convision/api/internal/platform/storage/postgres/clinical_history_repository.go:170.104,173.16 3 0
github.com/convision/api/internal/platform/storage/postgres/clinical_history_repository.go:173.16,174.45 1 0
github.com/convision/api/internal/platform/storage/postgres/clinical_history_repository.go:174.45,176.4 1 0
github.com/convision/api/internal/platform/storage/postgres/clinical_history_repository.go:177.3,177.18 1 0
github.com/convision/api/internal/platform/storage/postgres/clinical_history_repository.go:179.2,179.16 1 0
github.com/convision/api/internal/platform/storage/postgres/clinical_history_repository.go:182.154,186.46 3 0
github.com/convision/api/internal/platform/storage/postgres/clinical_history_repository.go:186.46,188.3 1 0
github.com/convision/api/internal/platform/storage/postgres/clinical_history_repository.go:190.2,193.31 4 0
github.com/convision/api/internal/platform/storage/postgres/clinical_history_repository.go:196.94,198.2 1 0
github.com/convision/api/internal/platform/storage/postgres/clinical_history_repository.go:200.94,223.2 1 0
github.com/convision/api/internal/platform/storage/postgres/clinical_history_repository.go:225.74,227.2 1 0
github.com/convision/api/internal/platform/storage/postgres/clinical_record_repository.go:15.46,16.14 1 0
github.com/convision/api/internal/platform/storage/postgres/clinical_record_repository.go:16.14,18.3 1 0
github.com/convision/api/internal/platform/storage/postgres/clinical_record_repository.go:19.2,20.16 2 0
github.com/convision/api/internal/platform/storage/postgres/clinical_record_repository.go:20.16,22.3 1 0
github.com/convision/api/internal/platform/storage/postgres/clinical_record_repository.go:23.2,23.18 1 0
github.com/convision/api/internal/platform/storage/postgres/clinical_record_repository.go:30.62,32.2 1 0
github.com/convision/api/internal/platform/storage/postgres/clinical_record_repository.go:34.120,43.16 3 0
github.com/convision/api/internal/platform/storage/postgres/clinical_record_repository.go:43.16,44.45 1 0
github.com/convision/api/internal/platform/storage/postgres/clinical_record_repository.go:44.45,46.4 1 0
github.com/convision/api/internal/platform/storage/postgres/clinical_record_repository.go:47.3,47.18 1 0
github.com/convision/api/internal/platform/storage/postgres/clinical_record_repository.go:49.2,49.18 1 0
github.com/convision/api/internal/platform/storage/postgres/clinical_record_repository.go:52.124,60.16 3 0
github.com/convision/api/internal/platform/storage/postgres/clinical_record_repository.go:60.16,61.45 1 0
github.com/convision/api/internal/platform/storage/postgres/clinical_record_repository.go:61.45,63.4 1 0
github.com/convision/api/internal/platform/storage/postgres/clinical_record_repository.go:64.3,64.18 1 0
github.com/convision/api/internal/platform/storage/postgres/clinical_record_repository.go:66.2,66.18 1 0
github.com/convision/api/internal/platform/storage/postgres/clinical_record_repository.go:69.90,71.2 1 0
github.com/convision/api/internal/platform/storage/postgres/clinical_record_repository.go:73.132,79.16 5 0
github.com/convision/api/internal/platform/storage/postgres/clinical_record_repository.go:79.16,80.45 1 0
github.com/convision/api/internal/platform/storage/postgres/clinical_record_repository.go:80.45,82.4 1 0
github.com/convision/api/internal/platform/storage/postgres/clinical_record_repository.go:83.3,83.13 1 0
github.com/convision/api/internal/platform/storage/postgres/clinical_record_repository.go:86.2,141.10 2 0
github.com/convision/api/internal/platform/storage/postgres/clinical_record_repository.go:144.130,150.16 5 0
github.com/convision/api/internal/platform/storage/postgres/clinical_record_repository.go:150.16,151.45 1 0
github.com/convision/api/internal/platform/storage/postgres/clinical_record_repository.go:151.45,153.4 1 0
github.com/convision/api/internal/platform/storage/postgres/clinical_record_repository.go:154.3,154.13 1 0
github.com/convision/api/internal/platform/storage/postgres/clinical_record_repository.go:157.2,175.10 2 0
github.com/convision/api/internal/platform/storage/postgres/clinical_record_repository.go:178.144,184.16 5 0
github.com/convision/api/internal/platform/storage/postgres/clinical_record_repository.go:184.16,185.45 1 0
github.com/convision/api/internal/platform/storage/postgres/clinical_record_repository.go:185.45,187.4 1 0
github.com/convision/api/internal/platform/storage/postgres/clinical_record_repository.go:188.3,188.13 1 0
github.com/convision/api/internal/platform/storage/postgres/clinical_record_repository.go:191.2,212.10 2 0
github.com/convision/api/internal/platform/storage/postgres/clinical_record_repository.go:215.120,219.65 2 0
github.com/convision/api/internal/platform/storage/postgres/clinical_record_repository.go:219.65,221.3 1 0
github.com/convision/api/internal/platform/storage/postgres/clinical_record_repository.go:222.2,227.11 1 0
github.com/convision/api/internal/platform/storage/postgres/clinical_record_repository.go:230.130,236.16 5 0
github.com/convision/api/internal/platform/storage/postgres/clinical_record_repository.go:236.16,237.45 1 0
github.com/convision/api/internal/platform/storage/postgres/clinical_record_repository.go:237.45,239.4 1 0
github.com/convision/api/internal/platform/storage/postgres/clinical_record_repository.go:240.3,240.13 1 0
github.com/convision/api/internal/platform/storage/postgres/clinical_record_repository.go:243.2,273.10 2 0
github.com/convision/api/internal/platform/storage/postgres/daily_activity_repository.go:15.60,17.2 1 0
github.com/convision/api/internal/platform/storage/postgres/daily_activity_repository.go:19.102,22.44 3 0
github.com/convision/api/internal/platform/storage/postgres/daily_activity_repository.go:22.44,24.3 1 0
github.com/convision/api/internal/platform/storage/postgres/daily_activity_repository.go:25.2,25.21 1 0
github.com/convision/api/internal/platform/storage/postgres/daily_activity_repository.go:28.129,32.44 3 0
github.com/convision/api/internal/platform/storage/postgres/daily_activity_repository.go:32.44,34.3 1 0
github.com/convision/api/internal/platform/storage/postgres/daily_activity_repository.go:35.2,35.21 1 0
github.com/convision/api/internal/platform/storage/postgres/daily_activity_repository.go:38.97,40.2 1 0
github.com/convision/api/internal/platform/storage/postgres/daily_activity_repository.go:42.97,89.2 1 0
github.com/convision/api/internal/platform/storage/postgres/daily_activity_repository.go:91.129,98.23 5 0
github.com/convision/api/internal/platform/storage/postgres/daily_activity_repository.go:98.23,100.3 1 0
github.com/convision/api/internal/platform/storage/postgres/daily_activity_repository.go:101.2,101.21 1 0
github.com/convision/api/internal/platform/storage/postgres/daily_activity_repository.go:101.21,103.3 1 0
github.com/convision/api/internal/platform/storage/postgres/daily_activity_repository.go:104.2,104.22 1 0
github.com/convision/api/internal/platform/storage/postgres/daily_activity_repository.go:104.22,106.3 1 0
github.com/convision/api/internal/platform/storage/postgres/daily_activity_repository.go:107.2,107.20 1 0
github.com/convision/api/internal/platform/storage/postgres/daily_activity_repository.go:107.20,109.3 1 0
github.com/convision/api/internal/platform/storage/postgres/daily_activity_repository.go:110.2,110.20 1 0
github.com/convision/api/internal/platform/storage/postgres/daily_activity_repository.go:110.20,112.3 1 0
github.com/convision/api/internal/platform/storage/postgres/daily_activity_repository.go:114.2,114.46 1 0
github.com/convision/api/internal/platform/storage/postgres/daily_activity_repository.go:114.46,116.3 1 0
github.com/convision/api/internal/platform/storage/postgres/daily_activity_repository.go:117.2,122.28 2 0
github.com/convision/api/internal/platform/storage/postgres/daily_report_edit_log_repository.go:13.70,15.2 1 0
github.com/convision/api/internal/platform/storage/postgres/daily_report_edit_log_repository.go:17.100,19.2 1 0
github.com/convision/api/internal/platform/storage/postgres/daily_report_edit_log_repository.go:21.121,29.2 3 0
github.com/convision/api/internal/platform/storage/postgres/dashboard_repository.go:68.52,70.2 1 0
github.com/convision/api/internal/platform/storage/postgres/dashboard_repository.go:73.79,108.18 16 0
github.com/convision/api/internal/platform/storage/postgres/dashboard_repository.go:108.18,110.3 1 0
github.com/convision/api/internal/platform/storage/postgres/dashboard_repository.go:111.2,116.25 5 0
github.com/convision/api/internal/platform/storage/postgres/dashboard_repository.go:116.25,123.22 5 0
github.com/convision/api/internal/platform/storage/postgres/dashboard_repository.go:123.22,125.4 1 0
github.com/convision/api/internal/platform/storage/postgres/dashboard_repository.go:129.2,130.30 2 0
github.com/convision/api/internal/platform/storage/postgres/dashboard_repository.go:130.30,131.18 1 0
github.com/convision/api/internal/platform/storage/postgres/dashboard_repository.go:131.18,133.4 1 0
github.com/convision/api/internal/platform/storage/postgres/dashboard_repository.go:136.2,137.25 2 0
github.com/convision/api/internal/platform/storage/postgres/dashboard_repository.go:137.25,139.18 2 0
github.com/convision/api/internal/platform/storage/postgres/dashboard_repository.go:139.18,141.4 1 0
github.com/convision/api/internal/platform/storage/postgres/dashboard_repository.go:142.3,147.4 1 0
github.com/convision/api/internal/platform/storage/postgres/dashboard_repository.go:151.2,169.32 5 0
github.com/convision/api/internal/platform/storage/postgres/dashboard_repository.go:169.32,178.3 2 0
github.com/convision/api/internal/platform/storage/postgres/dashboard_repository.go:180.2,180.40 1 0
github.com/convision/api/internal/platform/storage/postgres/dashboard_repository.go:180.40,181.15 1 0
github.com/convision/api/internal/platform/storage/postgres/dashboard_repository.go:181.15,183.4 1 0
github.com/convision/api/internal/platform/storage/postgres/dashboard_repository.go:184.3,184.12 1 0
github.com/convision/api/internal/platform/storage/postgres/dashboard_repository.go:187.2,196.8 1 0
github.com/convision/api/internal/platform/storage/postgres/db.go:19.46,21.19 2 0
github.com/convision/api/internal/platform/storage/postgres/db.go:21.19,23.3 1 0
github.com/convision/api/internal/platform/storage/postgres/db.go:24.2,35.37 3 0
github.com/convision/api/internal/platform/storage/postgres/db.go:35.37,37.3 1 0
github.com/convision/api/internal/platform/storage/postgres/db.go:39.2,42.16 2 0
github.com/convision/api/internal/platform/storage/postgres/db.go:42.16,44.3 1 0
github.com/convision/api/internal/platform/storage/postgres/db.go:46.2,47.16 2 0
github.com/convision/api/internal/platform/storage/postgres/db.go:47.16,49.3 1 0
github.com/convision/api/internal/platform/storage/postgres/db.go:51.2,56.16 5 0
github.com/convision/api/internal/platform/storage/postgres/db.go:59.64,75.2 1 0
github.com/convision/api/internal/platform/storage/postgres/db.go:80.60,128.2 1 0
github.com/convision/api/internal/platform/storage/postgres/db.go:132.33,133.67 1 0
github.com/convision/api/internal/platform/storage/postgres/db.go:133.67,135.3 1 0
github.com/convision/api/internal/platform/storage/postgres/db.go:136.2,233.16 1 0
github.com/convision/api/internal/platform/storage/postgres/db.go:233.16,235.3 1 0
github.com/convision/api/internal/platform/storage/postgres/db.go:236.2,236.47 1 0
github.com/convision/api/internal/platform/storage/postgres/db.go:242.64,244.16 2 0
github.com/convision/api/internal/platform/storage/postgres/db.go:244.16,246.3 1 0
github.com/convision/api/internal/platform/storage/postgres/db.go:247.2,248.16 2 0
github.com/convision/api/internal/platform/storage/postgres/db.go:248.16,250.3 1 0
github.com/convision/api/internal/platform/storage/postgres/db.go:251.2,254.64 2 0
github.com/convision/api/internal/platform/storage/postgres/db.go:254.64,256.3 1 0
github.com/convision/api/internal/platform/storage/postgres/db.go:258.2,261.16 2 0
github.com/convision/api/internal/platform/storage/postgres/db.go:261.16,263.3 1 0
github.com/convision/api/internal/platform/storage/postgres/db.go:265.2,357.16 1 0
github.com/convision/api/internal/platform/storage/postgres/db.go:357.16,359.3 1 0
github.com/convision/api/internal/platform/storage/postgres/db.go:360.2,360.53 1 0
github.com/convision/api/internal/platform/storage/postgres/db.go:366.86,368.16 2 0
github.com/convision/api/internal/platform/storage/postgres/db.go:368.16,370.3 1 0
github.com/convision/api/internal/platform/storage/postgres/db.go:371.2,372.16 2 0
github.com/convision/api/internal/platform/storage/postgres/db.go:372.16,374.3 1 0
github.com/convision/api/internal/platform/storage/postgres/db.go:375.2,375.20 1 0
github.com/convision/api/internal/platform/storage/postgres/db.go:375.20,375.40 1 0
github.com/convision/api/internal/platform/storage/postgres/db.go:376.2,376.99 1 0
github.com/convision/api/internal/platform/storage/postgres/db.go:376.99,379.3 2 0
github.com/convision/api/internal/platform/storage/postgres/db.go:380.2,383.16 2 0
github.com/convision/api/internal/platform/storage/postgres/db.go:383.16,386.3 2 0
github.com/convision/api/internal/platform/storage/postgres/db.go:387.2,387.31 1 0
github.com/convision/api/internal/platform/storage/postgres/db.go:393.49,395.148 2 0
github.com/convision/api/internal/platform/storage/postgres/db.go:395.148,397.3 1 0
github.com/convision/api/internal/platform/storage/postgres/db.go:398.2,398.28 1 0
github.com/convision/api/internal/platform/storage/postgres/db.go:398.28,399.52 1 0
github.com/convision/api/internal/platform/storage/postgres/db.go:399.52,401.4 1 0
github.com/convision/api/internal/platform/storage/postgres/db.go:403.2,403.12 1 0
github.com/convision/api/internal/platform/storage/postgres/dev_appointments.go:12.72,14.98 2 0
github.com/convision/api/internal/platform/storage/postgres/dev_appointments.go:14.98,16.3 1 0
github.com/convision/api/internal/platform/storage/postgres/dev_appointments.go:17.2,17.27 1 0
github.com/convision/api/internal/platform/storage/postgres/dev_appointments.go:17.27,20.3 2 0
github.com/convision/api/internal/platform/storage/postgres/dev_appointments.go:22.2,23.48 2 0
github.com/convision/api/internal/platform/storage/postgres/dev_appointments.go:23.48,26.3 2 0
github.com/convision/api/internal/platform/storage/postgres/dev_appointments.go:28.2,29.59 2 0
github.com/convision/api/internal/platform/storage/postgres/dev_appointments.go:29.59,31.3 1 0
github.com/convision/api/internal/platform/storage/postgres/dev_appointments.go:32.2,32.24 1 0
github.com/convision/api/internal/platform/storage/postgres/dev_appointments.go:32.24,39.51 2 0
github.com/convision/api/internal/platform/storage/postgres/dev_appointments.go:39.51,41.4 1 0
github.com/convision/api/internal/platform/storage/postgres/dev_appointments.go:42.3,43.74 2 0
github.com/convision/api/internal/platform/storage/postgres/dev_appointments.go:46.2,58.43 4 0
github.com/convision/api/internal/platform/storage/postgres/dev_appointments.go:58.43,60.3 1 0
github.com/convision/api/internal/platform/storage/postgres/dev_appointments.go:61.2,61.23 1 0
github.com/convision/api/internal/platform/storage/postgres/dev_appointments.go:61.23,64.3 2 0
github.com/convision/api/internal/platform/storage/postgres/dev_appointments.go:66.2,67.41 2 0
github.com/convision/api/internal/platform/storage/postgres/dev_appointments.go:67.41,68.40 1 0
github.com/convision/api/internal/platform/storage/postgres/dev_appointments.go:68.40,88.4 4 0
github.com/convision/api/internal/platform/storage/postgres/dev_appointments.go:91.2,91.55 1 0
github.com/convision/api/internal/platform/storage/postgres/dev_appointments.go:91.55,93.3 1 0
github.com/convision/api/internal/platform/storage/postgres/dev_appointments.go:95.2,99.12 2 0
github.com/convision/api/internal/platform/storage/postgres/dev_catalog.go:31.67,33.16 2 0
github.com/convision/api/internal/platform/storage/postgres/dev_catalog.go:33.16,35.3 1 0
github.com/convision/api/internal/platform/storage/postgres/dev_catalog.go:37.2,37.38 1 0
github.com/convision/api/internal/platform/storage/postgres/dev_catalog.go:37.38,40.17 3 0
github.com/convision/api/internal/platform/storage/postgres/dev_catalog.go:40.17,41.12 1 0
github.com/convision/api/internal/platform/storage/postgres/dev_catalog.go:43.3,43.46 1 0
github.com/convision/api/internal/platform/storage/postgres/dev_catalog.go:43.46,45.4 1 0
github.com/convision/api/internal/platform/storage/postgres/dev_catalog.go:47.3,58.44 2 0
github.com/convision/api/internal/platform/storage/postgres/dev_catalog.go:58.44,60.4 1 0
github.com/convision/api/internal/platform/storage/postgres/dev_catalog.go:61.3,64.4 1 0
github.com/convision/api/internal/platform/storage/postgres/dev_catalog.go:67.2,67.12 1 0
github.com/convision/api/internal/platform/storage/postgres/dev_catalog.go:70.72,73.16 3 0
github.com/convision/api/internal/platform/storage/postgres/dev_catalog.go:73.16,75.3 1 0
github.com/convision/api/internal/platform/storage/postgres/dev_catalog.go:76.2,76.45 1 0
github.com/convision/api/internal/platform/storage/postgres/dev_catalog.go:76.45,78.3 1 0
github.com/convision/api/internal/platform/storage/postgres/dev_catalog.go:79.2,84.46 2 0
github.com/convision/api/internal/platform/storage/postgres/dev_catalog.go:84.46,86.3 1 0
github.com/convision/api/internal/platform/storage/postgres/dev_catalog.go:87.2,88.20 2 0
github.com/convision/api/internal/platform/storage/postgres/dev_users.go:29.73,32.16 3 0
github.com/convision/api/internal/platform/storage/postgres/dev_users.go:32.16,34.3 1 0
github.com/convision/api/internal/platform/storage/postgres/dev_users.go:35.2,35.45 1 0
github.com/convision/api/internal/platform/storage/postgres/dev_users.go:35.45,37.3 1 0
github.com/convision/api/internal/platform/storage/postgres/dev_users.go:38.2,46.49 2 0
github.com/convision/api/internal/platform/storage/postgres/dev_users.go:46.49,48.3 1 0
github.com/convision/api/internal/platform/storage/postgres/dev_users.go:49.2,50.23 2 0
github.com/convision/api/internal/platform/storage/postgres/dev_users.go:54.65,56.16 2 0
github.com/convision/api/internal/platform/storage/postgres/dev_users.go:56.16,58.3 1 0
github.com/convision/api/internal/platform/storage/postgres/dev_users.go:60.2,61.16 2 0
github.com/convision/api/internal/platform/storage/postgres/dev_users.go:61.16,63.3 1 0
github.com/convision/api/internal/platform/storage/postgres/dev_users.go:65.2,65.37 1 0
github.com/convision/api/internal/platform/storage/postgres/dev_users.go:65.37,68.17 3 0
github.com/convision/api/internal/platform/storage/postgres/dev_users.go:68.17,69.109 1 0
github.com/convision/api/internal/platform/storage/postgres/dev_users.go:69.109,71.5 1 0
github.com/convision/api/internal/platform/storage/postgres/dev_users.go:72.4,72.12 1 0
github.com/convision/api/internal/platform/storage/postgres/dev_users.go:74.3,74.46 1 0
github.com/convision/api/internal/platform/storage/postgres/dev_users.go:74.46,76.4 1 0
github.com/convision/api/internal/platform/storage/postgres/dev_users.go:78.3,88.48 2 0
github.com/convision/api/internal/platform/storage/postgres/dev_users.go:88.48,90.4 1 0
github.com/convision/api/internal/platform/storage/postgres/dev_users.go:91.3,92.104 2 0
github.com/convision/api/internal/platform/storage/postgres/dev_users.go:92.104,94.4 1 0
github.com/convision/api/internal/platform/storage/postgres/dev_users.go:97.2,97.12 1 0
github.com/convision/api/internal/platform/storage/postgres/dev_users.go:103.72,105.71 2 0
github.com/convision/api/internal/platform/storage/postgres/dev_users.go:105.71,107.3 1 0
github.com/convision/api/internal/platform/storage/postgres/dev_users.go:108.2,108.11 1 0
github.com/convision/api/internal/platform/storage/postgres/dev_users.go:108.11,110.3 1 0
github.com/convision/api/internal/platform/storage/postgres/dev_users.go:111.2,120.46 2 0
github.com/convision/api/internal/platform/storage/postgres/dev_users.go:120.46,122.3 1 0
github.com/convision/api/internal/platform/storage/postgres/dev_users.go:123.2,124.12 2 0
github.com/convision/api/internal/platform/storage/postgres/dev_users.go:127.109,128.103 1 0
github.com/convision/api/internal/platform/storage/postgres/dev_users.go:128.103,130.3 1 0
github.com/convision/api/internal/platform/storage/postgres/dev_users.go:131.2,132.100 2 0
github.com/convision/api/internal/platform/storage/postgres/dev_users.go:132.100,134.3 1 0
github.com/convision/api/internal/platform/storage/postgres/dev_users.go:135.2,135.11 1 0
github.com/convision/api/internal/platform/storage/postgres/dev_users.go:135.11,137.3 1 0
github.com/convision/api/internal/platform/storage/postgres/dev_users.go:138.2,139.29 2 0
github.com/convision/api/internal/platform/storage/postgres/discount_repository.go:17.50,19.2 1 0
github.com/convision/api/internal/platform/storage/postgres/discount_repository.go:21.65,27.2 1 0
github.com/convision/api/internal/platform/storage/postgres/discount_repository.go:29.93,32.16 3 0
github.com/convision/api/internal/platform/storage/postgres/discount_repository.go:32.16,33.45 1 0
github.com/convision/api/internal/platform/storage/postgres/discount_repository.go:33.45,35.4 1 0
github.com/convision/api/internal/platform/storage/postgres/discount_repository.go:36.3,36.18 1 0
github.com/convision/api/internal/platform/storage/postgres/discount_repository.go:38.2,38.16 1 0
github.com/convision/api/internal/platform/storage/postgres/discount_repository.go:41.114,51.2 4 0
github.com/convision/api/internal/platform/storage/postgres/discount_repository.go:53.142,61.22 3 0
github.com/convision/api/internal/platform/storage/postgres/discount_repository.go:61.22,65.3 2 0
github.com/convision/api/internal/platform/storage/postgres/discount_repository.go:65.8,68.3 1 0
github.com/convision/api/internal/platform/storage/postgres/discount_repository.go:70.2,72.16 3 0
github.com/convision/api/internal/platform/storage/postgres/discount_repository.go:72.16,74.3 1 0
github.com/convision/api/internal/platform/storage/postgres/discount_repository.go:76.2,76.67 1 0
github.com/convision/api/internal/platform/storage/postgres/discount_repository.go:76.67,78.31 2 0
github.com/convision/api/internal/platform/storage/postgres/discount_repository.go:78.31,79.56 1 0
github.com/convision/api/internal/platform/storage/postgres/discount_repository.go:79.56,81.5 1 0
github.com/convision/api/internal/platform/storage/postgres/discount_repository.go:83.3,83.26 1 0
github.com/convision/api/internal/platform/storage/postgres/discount_repository.go:86.2,86.23 1 0
github.com/convision/api/internal/platform/storage/postgres/discount_repository.go:89.83,90.30 1 0
github.com/convision/api/internal/platform/storage/postgres/discount_repository.go:90.30,91.54 1 0
github.com/convision/api/internal/platform/storage/postgres/discount_repository.go:91.54,93.4 1 0
github.com/convision/api/internal/platform/storage/postgres/discount_repository.go:95.2,95.14 1 0
github.com/convision/api/internal/platform/storage/postgres/discount_repository.go:98.127,107.22 4 0
github.com/convision/api/internal/platform/storage/postgres/discount_repository.go:107.22,111.3 2 0
github.com/convision/api/internal/platform/storage/postgres/discount_repository.go:111.8,114.3 1 0
github.com/convision/api/internal/platform/storage/postgres/discount_repository.go:116.2,117.16 2 0
github.com/convision/api/internal/platform/storage/postgres/discount_repository.go:117.16,118.45 1 0
github.com/convision/api/internal/platform/storage/postgres/discount_repository.go:118.45,120.4 1 0
github.com/convision/api/internal/platform/storage/postgres/discount_repository.go:121.3,121.18 1 0
github.com/convision/api/internal/platform/storage/postgres/discount_repository.go:123.2,123.16 1 0
github.com/convision/api/internal/platform/storage/postgres/discount_repository.go:126.83,128.2 1 0
github.com/convision/api/internal/platform/storage/postgres/discount_repository.go:130.83,146.2 1 0
github.com/convision/api/internal/platform/storage/postgres/discount_repository.go:148.65,151.2 2 0
github.com/convision/api/internal/platform/storage/postgres/discount_repository.go:153.115,159.20 5 0
github.com/convision/api/internal/platform/storage/postgres/discount_repository.go:159.20,161.3 1 0
github.com/convision/api/internal/platform/storage/postgres/discount_repository.go:162.2,162.24 1 0
github.com/convision/api/internal/platform/storage/postgres/discount_repository.go:162.24,164.3 1 0
github.com/convision/api/internal/platform/storage/postgres/discount_repository.go:165.2,165.24 1 0
github.com/convision/api/internal/platform/storage/postgres/discount_repository.go:165.24,167.3 1 0
github.com/convision/api/internal/platform/storage/postgres/discount_repository.go:168.2,168.21 1 0
github.com/convision/api/internal/platform/storage/postgres/discount_repository.go:168.21,170.3 1 0
github.com/convision/api/internal/platform/storage/postgres/discount_repository.go:171.2,171.23 1 0
github.com/convision/api/internal/platform/storage/postgres/discount_repository.go:171.23,173.3 1 0
github.com/convision/api/internal/platform/storage/postgres/discount_repository.go:175.2,175.46 1 0
github.com/convision/api/internal/platform/storage/postgres/discount_repository.go:175.46,177.3 1 0
github.com/convision/api/internal/platform/storage/postgres/discount_repository.go:179.2,184.16 2 0
github.com/convision/api/internal/platform/storage/postgres/discount_repository.go:184.16,186.3 1 0
github.com/convision/api/internal/platform/storage/postgres/discount_repository.go:188.2,188.30 1 0
github.com/convision/api/internal/platform/storage/postgres/expense_repository.go:15.48,17.2 1 0
github.com/convision/api/internal/platform/storage/postgres/expense_repository.go:19.64,24.2 1 0
github.com/convision/api/internal/platform/storage/postgres/expense_repository.go:26.84,29.16 3 0
github.com/convision/api/internal/platform/storage/postgres/expense_repository.go:29.16,30.45 1 0
github.com/convision/api/internal/platform/storage/postgres/expense_repository.go:30.45,32.4 1 0
github.com/convision/api/internal/platform/storage/postgres/expense_repository.go:33.3,33.18 1 0
github.com/convision/api/internal/platform/storage/postgres/expense_repository.go:35.2,35.16 1 0
github.com/convision/api/internal/platform/storage/postgres/expense_repository.go:38.74,40.2 1 0
github.com/convision/api/internal/platform/storage/postgres/expense_repository.go:42.74,58.2 1 0
github.com/convision/api/internal/platform/storage/postgres/expense_repository.go:60.64,62.2 1 0
github.com/convision/api/internal/platform/storage/postgres/expense_repository.go:64.105,70.25 5 0
github.com/convision/api/internal/platform/storage/postgres/expense_repository.go:70.25,72.3 1 0
github.com/convision/api/internal/platform/storage/postgres/expense_repository.go:73.2,73.20 1 0
github.com/convision/api/internal/platform/storage/postgres/expense_repository.go:73.20,75.3 1 0
github.com/convision/api/internal/platform/storage/postgres/expense_repository.go:76.2,76.30 1 0
github.com/convision/api/internal/platform/storage/postgres/expense_repository.go:76.30,78.3 1 0
github.com/convision/api/internal/platform/storage/postgres/expense_repository.go:80.2,80.46 1 0
github.com/convision/api/internal/platform/storage/postgres/expense_repository.go:80.46,82.3 1 0
github.com/convision/api/internal/platform/storage/postgres/expense_repository.go:84.2,89.29 2 0
github.com/convision/api/internal/platform/storage/postgres/inventory_adjustment_repository.go:15.72,17.2 1 0
github.com/convision/api/internal/platform/storage/postgres/inventory_adjustment_repository.go:19.108,22.16 3 0
github.com/convision/api/internal/platform/storage/postgres/inventory_adjustment_repository.go:22.16,23.45 1 0
github.com/convision/api/internal/platform/storage/postgres/inventory_adjustment_repository.go:23.45,25.4 1 0
github.com/convision/api/internal/platform/storage/postgres/inventory_adjustment_repository.go:26.3,26.18 1 0
github.com/convision/api/internal/platform/storage/postgres/inventory_adjustment_repository.go:28.2,28.16 1 0
github.com/convision/api/internal/platform/storage/postgres/inventory_adjustment_repository.go:31.98,33.2 1 0
github.com/convision/api/internal/platform/storage/postgres/inventory_adjustment_repository.go:35.98,40.2 1 0
github.com/convision/api/internal/platform/storage/postgres/inventory_adjustment_repository.go:42.141,48.20 5 0
github.com/convision/api/internal/platform/storage/postgres/inventory_adjustment_repository.go:48.20,50.3 1 0
github.com/convision/api/internal/platform/storage/postgres/inventory_adjustment_repository.go:51.2,51.26 1 0
github.com/convision/api/internal/platform/storage/postgres/inventory_adjustment_repository.go:51.26,53.3 1 0
github.com/convision/api/internal/platform/storage/postgres/inventory_adjustment_repository.go:55.2,55.46 1 0
github.com/convision/api/internal/platform/storage/postgres/inventory_adjustment_repository.go:55.46,57.3 1 0
github.com/convision/api/internal/platform/storage/postgres/inventory_adjustment_repository.go:59.2,60.25 2 0
github.com/convision/api/internal/platform/storage/postgres/inventory_item_repository.go:15.60,17.2 1 0
github.com/convision/api/internal/platform/storage/postgres/inventory_item_repository.go:19.70,24.2 1 0
github.com/convision/api/internal/platform/storage/postgres/inventory_item_repository.go:26.96,29.16 3 0
github.com/convision/api/internal/platform/storage/postgres/inventory_item_repository.go:29.16,30.45 1 0
github.com/convision/api/internal/platform/storage/postgres/inventory_item_repository.go:30.45,32.4 1 0
github.com/convision/api/internal/platform/storage/postgres/inventory_item_repository.go:33.3,33.18 1 0
github.com/convision/api/internal/platform/storage/postgres/inventory_item_repository.go:35.2,35.19 1 0
github.com/convision/api/internal/platform/storage/postgres/inventory_item_repository.go:38.86,40.2 1 0
github.com/convision/api/internal/platform/storage/postgres/inventory_item_repository.go:42.86,51.2 1 0
github.com/convision/api/internal/platform/storage/postgres/inventory_item_repository.go:53.70,55.2 1 0
github.com/convision/api/internal/platform/storage/postgres/inventory_item_repository.go:57.123,63.23 5 0
github.com/convision/api/internal/platform/storage/postgres/inventory_item_repository.go:63.23,65.3 1 0
github.com/convision/api/internal/platform/storage/postgres/inventory_item_repository.go:66.2,66.24 1 0
github.com/convision/api/internal/platform/storage/postgres/inventory_item_repository.go:66.24,68.3 1 0
github.com/convision/api/internal/platform/storage/postgres/inventory_item_repository.go:69.2,69.26 1 0
github.com/convision/api/internal/platform/storage/postgres/inventory_item_repository.go:69.26,71.3 1 0
github.com/convision/api/internal/platform/storage/postgres/inventory_item_repository.go:72.2,72.34 1 0
github.com/convision/api/internal/platform/storage/postgres/inventory_item_repository.go:72.34,74.3 1 0
github.com/convision/api/internal/platform/storage/postgres/inventory_item_repository.go:75.2,75.20 1 0
github.com/convision/api/internal/platform/storage/postgres/inventory_item_repository.go:75.20,77.3 1 0
github.com/convision/api/internal/platform/storage/postgres/inventory_item_repository.go:79.2,79.46 1 0
github.com/convision/api/internal/platform/storage/postgres/inventory_item_repository.go:79.46,81.3 1 0
github.com/convision/api/internal/platform/storage/postgres/inventory_item_repository.go:83.2,88.16 2 0
github.com/convision/api/internal/platform/storage/postgres/inventory_item_repository.go:88.16,90.3 1 0
github.com/convision/api/internal/platform/storage/postgres/inventory_item_repository.go:92.2,92.26 1 0
github.com/convision/api/internal/platform/storage/postgres/inventory_item_repository.go:95.74,102.2 3 0
github.com/convision/api/internal/platform/storage/postgres/inventory_item_repository.go:104.77,109.26 2 0
github.com/convision/api/internal/platform/storage/postgres/inventory_item_repository.go:109.26,111.3 1 0
github.com/convision/api/internal/platform/storage/postgres/inventory_item_repository.go:112.2,112.34 1 0
github.com/convision/api/internal/platform/storage/postgres/inventory_item_repository.go:112.34,114.3 1 0
github.com/convision/api/internal/platform/storage/postgres/inventory_item_repository.go:115.2,115.22 1 0
github.com/convision/api/internal/platform/storage/postgres/inventory_item_repository.go:115.22,117.3 1 0
github.com/convision/api/internal/platform/storage/postgres/inventory_item_repository.go:118.2,118.25 1 0
github.com/convision/api/internal/platform/storage/postgres/inventory_item_repository.go:118.25,120.3 1 0
github.com/convision/api/internal/platform/storage/postgres/inventory_item_repository.go:121.2,121.25 1 0
github.com/convision/api/internal/platform/storage/postgres/inventory_item_repository.go:121.25,123.3 1 0
github.com/convision/api/internal/platform/storage/postgres/inventory_item_repository.go:124.2,124.10 1 0
github.com/convision/api/internal/platform/storage/postgres/inventory_item_repository.go:127.140,132.34 3 0
github.com/convision/api/internal/platform/storage/postgres/inventory_item_repository.go:132.34,134.3 1 0
github.com/convision/api/internal/platform/storage/postgres/inventory_item_repository.go:136.2,144.16 3 0
github.com/convision/api/internal/platform/storage/postgres/inventory_item_repository.go:144.16,146.3 1 0
github.com/convision/api/internal/platform/storage/postgres/inventory_item_repository.go:147.2,147.28 1 0
github.com/convision/api/internal/platform/storage/postgres/inventory_item_repository.go:150.128,153.20 2 0
github.com/convision/api/internal/platform/storage/postgres/inventory_item_repository.go:153.20,155.3 1 0
github.com/convision/api/internal/platform/storage/postgres/inventory_item_repository.go:156.2,157.46 2 0
github.com/convision/api/internal/platform/storage/postgres/inventory_item_repository.go:157.46,159.3 1 0
github.com/convision/api/internal/platform/storage/postgres/inventory_item_repository.go:160.2,160.23 1 0
github.com/convision/api/internal/platform/storage/postgres/inventory_transfer_repository.go:15.68,17.2 1 0
github.com/convision/api/internal/platform/storage/postgres/inventory_transfer_repository.go:19.74,25.2 1 0
github.com/convision/api/internal/platform/storage/postgres/inventory_transfer_repository.go:27.104,30.16 3 0
github.com/convision/api/internal/platform/storage/postgres/inventory_transfer_repository.go:30.16,31.45 1 0
github.com/convision/api/internal/platform/storage/postgres/inventory_transfer_repository.go:31.45,33.4 1 0
github.com/convision/api/internal/platform/storage/postgres/inventory_transfer_repository.go:34.3,34.18 1 0
github.com/convision/api/internal/platform/storage/postgres/inventory_transfer_repository.go:36.2,36.16 1 0
github.com/convision/api/internal/platform/storage/postgres/inventory_transfer_repository.go:39.94,41.2 1 0
github.com/convision/api/internal/platform/storage/postgres/inventory_transfer_repository.go:43.94,49.2 1 0
github.com/convision/api/internal/platform/storage/postgres/inventory_transfer_repository.go:51.74,53.2 1 0
github.com/convision/api/internal/platform/storage/postgres/inventory_transfer_repository.go:55.135,61.23 5 0
github.com/convision/api/internal/platform/storage/postgres/inventory_transfer_repository.go:61.23,63.3 1 0
github.com/convision/api/internal/platform/storage/postgres/inventory_transfer_repository.go:64.2,64.24 1 0
github.com/convision/api/internal/platform/storage/postgres/inventory_transfer_repository.go:64.24,66.3 1 0
github.com/convision/api/internal/platform/storage/postgres/inventory_transfer_repository.go:67.2,67.20 1 0
github.com/convision/api/internal/platform/storage/postgres/inventory_transfer_repository.go:67.20,69.3 1 0
github.com/convision/api/internal/platform/storage/postgres/inventory_transfer_repository.go:70.2,70.24 1 0
github.com/convision/api/internal/platform/storage/postgres/inventory_transfer_repository.go:70.24,72.3 1 0
github.com/convision/api/internal/platform/storage/postgres/inventory_transfer_repository.go:74.2,74.46 1 0
github.com/convision/api/internal/platform/storage/postgres/inventory_transfer_repository.go:74.46,76.3 1 0
github.com/convision/api/internal/platform/storage/postgres/inventory_transfer_repository.go:78.2,83.16 2 0
github.com/convision/api/internal/platform/storage/postgres/inventory_transfer_repository.go:83.16,85.3 1 0
github.com/convision/api/internal/platform/storage/postgres/inventory_transfer_repository.go:87.2,87.30 1 0
github.com/convision/api/internal/platform/storage/postgres/laboratory_repository.go:16.54,18.2 1 0
github.com/convision/api/internal/platform/storage/postgres/laboratory_repository.go:20.90,23.16 3 0
github.com/convision/api/internal/platform/storage/postgres/laboratory_repository.go:23.16,24.45 1 0
github.com/convision/api/internal/platform/storage/postgres/laboratory_repository.go:24.45,26.4 1 0
github.com/convision/api/internal/platform/storage/postgres/laboratory_repository.go:27.3,27.18 1 0
github.com/convision/api/internal/platform/storage/postgres/laboratory_repository.go:29.2,29.16 1 0
github.com/convision/api/internal/platform/storage/postgres/laboratory_repository.go:32.80,34.2 1 0
github.com/convision/api/internal/platform/storage/postgres/laboratory_repository.go:36.80,46.2 1 0
github.com/convision/api/internal/platform/storage/postgres/laboratory_repository.go:48.67,52.23 3 0
github.com/convision/api/internal/platform/storage/postgres/laboratory_repository.go:52.23,55.3 2 0
github.com/convision/api/internal/platform/storage/postgres/laboratory_repository.go:56.2,56.50 1 0
github.com/convision/api/internal/platform/storage/postgres/laboratory_repository.go:59.88,62.16 3 0
github.com/convision/api/internal/platform/storage/postgres/laboratory_repository.go:62.16,63.45 1 0
github.com/convision/api/internal/platform/storage/postgres/laboratory_repository.go:63.45,65.4 1 0
github.com/convision/api/internal/platform/storage/postgres/laboratory_repository.go:66.3,66.18 1 0
github.com/convision/api/internal/platform/storage/postgres/laboratory_repository.go:68.2,68.16 1 0
github.com/convision/api/internal/platform/storage/postgres/laboratory_repository.go:71.114,77.20 5 0
github.com/convision/api/internal/platform/storage/postgres/laboratory_repository.go:77.20,79.3 1 0
github.com/convision/api/internal/platform/storage/postgres/laboratory_repository.go:81.2,81.46 1 0
github.com/convision/api/internal/platform/storage/postgres/laboratory_repository.go:81.46,83.3 1 0
github.com/convision/api/internal/platform/storage/postgres/laboratory_repository.go:85.2,88.25 2 0
github.com/convision/api/internal/platform/storage/postgres/laboratory_repository.go:94.64,96.2 1 0
github.com/convision/api/internal/platform/storage/postgres/laboratory_repository.go:98.72,104.55 1 0
github.com/convision/api/internal/platform/storage/postgres/laboratory_repository.go:104.55,106.4 1 0
github.com/convision/api/internal/platform/storage/postgres/laboratory_repository.go:111.108,114.16 3 0
github.com/convision/api/internal/platform/storage/postgres/laboratory_repository.go:114.16,115.45 1 0
github.com/convision/api/internal/platform/storage/postgres/laboratory_repository.go:115.45,117.4 1 0
github.com/convision/api/internal/platform/storage/postgres/laboratory_repository.go:118.3,118.18 1 0
github.com/convision/api/internal/platform/storage/postgres/laboratory_repository.go:120.2,120.16 1 0
github.com/convision/api/internal/platform/storage/postgres/laboratory_repository.go:123.100,126.16 3 0
github.com/convision/api/internal/platform/storage/postgres/laboratory_repository.go:126.16,127.45 1 0
github.com/convision/api/internal/platform/storage/postgres/laboratory_repository.go:127.45,129.4 1 0
github.com/convision/api/internal/platform/storage/postgres/laboratory_repository.go:130.3,130.18 1 0
github.com/convision/api/internal/platform/storage/postgres/laboratory_repository.go:132.2,132.16 1 0
github.com/convision/api/internal/platform/storage/postgres/laboratory_repository.go:135.115,138.16 3 0
github.com/convision/api/internal/platform/storage/postgres/laboratory_repository.go:138.16,139.45 1 0
github.com/convision/api/internal/platform/storage/postgres/laboratory_repository.go:139.45,141.4 1 0
github.com/convision/api/internal/platform/storage/postgres/laboratory_repository.go:142.3,142.18 1 0
github.com/convision/api/internal/platform/storage/postgres/laboratory_repository.go:144.2,144.16 1 0
github.com/convision/api/internal/platform/storage/postgres/laboratory_repository.go:147.90,149.43 2 0
github.com/convision/api/internal/platform/storage/postgres/laboratory_repository.go:149.43,151.3 1 0
github.com/convision/api/internal/platform/storage/postgres/laboratory_repository.go:152.2,153.64 2 0
github.com/convision/api/internal/platform/storage/postgres/laboratory_repository.go:156.90,170.2 1 0
github.com/convision/api/internal/platform/storage/postgres/laboratory_repository.go:172.72,176.2 2 0
github.com/convision/api/internal/platform/storage/postgres/laboratory_repository.go:178.129,184.24 5 0
github.com/convision/api/internal/platform/storage/postgres/laboratory_repository.go:184.24,186.3 1 0
github.com/convision/api/internal/platform/storage/postgres/laboratory_repository.go:187.2,187.27 1 0
github.com/convision/api/internal/platform/storage/postgres/laboratory_repository.go:187.27,189.3 1 0
github.com/convision/api/internal/platform/storage/postgres/laboratory_repository.go:190.2,190.20 1 0
github.com/convision/api/internal/platform/storage/postgres/laboratory_repository.go:190.20,192.3 1 0
github.com/convision/api/internal/platform/storage/postgres/laboratory_repository.go:193.2,193.22 1 0
github.com/convision/api/internal/platform/storage/postgres/laboratory_repository.go:193.22,195.3 1 0
github.com/convision/api/internal/platform/storage/postgres/laboratory_repository.go:196.2,196.20 1 0
github.com/convision/api/internal/platform/storage/postgres/laboratory_repository.go:196.20,198.3 1 0
github.com/convision/api/internal/platform/storage/postgres/laboratory_repository.go:200.2,200.35 1 0
github.com/convision/api/internal/platform/storage/postgres/laboratory_repository.go:200.35,202.3 1 0
github.com/convision/api/internal/platform/storage/postgres/laboratory_repository.go:204.2,204.20 1 0
github.com/convision/api/internal/platform/storage/postgres/laboratory_repository.go:204.20,210.3 2 0
github.com/convision/api/internal/platform/storage/postgres/laboratory_repository.go:212.2,212.46 1 0
github.com/convision/api/internal/platform/storage/postgres/laboratory_repository.go:212.46,214.3 1 0
github.com/convision/api/internal/platform/storage/postgres/laboratory_repository.go:216.2,223.27 2 0
github.com/convision/api/internal/platform/storage/postgres/laboratory_repository.go:226.113,228.2 1 0
github.com/convision/api/internal/platform/storage/postgres/laboratory_repository.go:230.82,246.80 4 0
github.com/convision/api/internal/platform/storage/postgres/laboratory_repository.go:246.80,248.3 1 0
github.com/convision/api/internal/platform/storage/postgres/laboratory_repository.go:249.2,250.29 2 0
github.com/convision/api/internal/platform/storage/postgres/laboratory_repository.go:250.29,254.3 3 0
github.com/convision/api/internal/platform/storage/postgres/laboratory_repository.go:255.2,255.20 1 0
github.com/convision/api/internal/platform/storage/postgres/laboratory_repository.go:261.80,263.2 1 0
github.com/convision/api/internal/platform/storage/postgres/laboratory_repository.go:265.106,267.2 1 0
github.com/convision/api/internal/platform/storage/postgres/laboratory_repository.go:269.152,272.26 3 0
github.com/convision/api/internal/platform/storage/postgres/laboratory_repository.go:272.26,274.3 1 0
github.com/convision/api/internal/platform/storage/postgres/laboratory_repository.go:275.2,276.19 2 0
github.com/convision/api/internal/platform/storage/postgres/lens_repository.go:13.42,13.70 1 0
github.com/convision/api/internal/platform/storage/postgres/lens_repository.go:15.78,21.44 3 0
github.com/convision/api/internal/platform/storage/postgres/lens_repository.go:21.44,23.3 1 0
github.com/convision/api/internal/platform/storage/postgres/lens_repository.go:24.2,24.16 1 0
github.com/convision/api/internal/platform/storage/postgres/lens_repository.go:27.92,31.44 3 0
github.com/convision/api/internal/platform/storage/postgres/lens_repository.go:31.44,33.3 1 0
github.com/convision/api/internal/platform/storage/postgres/lens_repository.go:34.2,34.16 1 0
github.com/convision/api/internal/platform/storage/postgres/lens_repository.go:37.68,39.2 1 0
github.com/convision/api/internal/platform/storage/postgres/lens_repository.go:41.68,63.2 1 0
github.com/convision/api/internal/platform/storage/postgres/lens_repository.go:65.61,67.2 1 0
github.com/convision/api/internal/platform/storage/postgres/lens_repository.go:69.96,75.20 5 0
github.com/convision/api/internal/platform/storage/postgres/lens_repository.go:75.20,77.3 1 0
github.com/convision/api/internal/platform/storage/postgres/lens_repository.go:78.2,78.21 1 0
github.com/convision/api/internal/platform/storage/postgres/lens_repository.go:78.21,80.3 1 0
github.com/convision/api/internal/platform/storage/postgres/lens_repository.go:81.2,81.22 1 0
github.com/convision/api/internal/platform/storage/postgres/lens_repository.go:81.22,83.3 1 0
github.com/convision/api/internal/platform/storage/postgres/lens_repository.go:84.2,84.25 1 0
github.com/convision/api/internal/platform/storage/postgres/lens_repository.go:84.25,86.3 1 0
github.com/convision/api/internal/platform/storage/postgres/lens_repository.go:87.2,87.26 1 0
github.com/convision/api/internal/platform/storage/postgres/lens_repository.go:87.26,89.3 1 0
github.com/convision/api/internal/platform/storage/postgres/lens_repository.go:90.2,90.26 1 0
github.com/convision/api/internal/platform/storage/postgres/lens_repository.go:90.26,92.3 1 0
github.com/convision/api/internal/platform/storage/postgres/lens_repository.go:93.2,93.25 1 0
github.com/convision/api/internal/platform/storage/postgres/lens_repository.go:93.25,95.3 1 0
github.com/convision/api/internal/platform/storage/postgres/lens_repository.go:97.2,97.46 1 0
github.com/convision/api/internal/platform/storage/postgres/lens_repository.go:97.46,99.3 1 0
github.com/convision/api/internal/platform/storage/postgres/lens_repository.go:101.2,104.25 2 0
github.com/convision/api/internal/platform/storage/postgres/location_repository.go:12.50,12.82 1 0
github.com/convision/api/internal/platform/storage/postgres/location_repository.go:14.84,18.2 3 0
github.com/convision/api/internal/platform/storage/postgres/location_repository.go:20.114,26.2 3 0
github.com/convision/api/internal/platform/storage/postgres/location_repository.go:28.109,34.2 3 0
github.com/convision/api/internal/platform/storage/postgres/location_repository.go:36.104,42.2 3 0
github.com/convision/api/internal/platform/storage/postgres/note_repository.go:13.42,15.2 1 0
github.com/convision/api/internal/platform/storage/postgres/note_repository.go:17.132,24.46 4 0
github.com/convision/api/internal/platform/storage/postgres/note_repository.go:24.46,26.3 1 0
github.com/convision/api/internal/platform/storage/postgres/note_repository.go:27.2,29.28 3 0
github.com/convision/api/internal/platform/storage/postgres/note_repository.go:32.68,34.2 1 0
github.com/convision/api/internal/platform/storage/postgres/notification_repository.go:16.58,18.2 1 0
github.com/convision/api/internal/platform/storage/postgres/notification_repository.go:20.103,23.44 3 0
github.com/convision/api/internal/platform/storage/postgres/notification_repository.go:23.44,25.3 1 0
github.com/convision/api/internal/platform/storage/postgres/notification_repository.go:26.2,26.16 1 0
github.com/convision/api/internal/platform/storage/postgres/notification_repository.go:29.119,33.2 3 0
github.com/convision/api/internal/platform/storage/postgres/notification_repository.go:35.93,37.2 1 0
github.com/convision/api/internal/platform/storage/postgres/notification_repository.go:39.73,42.2 2 0
github.com/convision/api/internal/platform/storage/postgres/notification_repository.go:44.75,46.2 1 0
github.com/convision/api/internal/platform/storage/postgres/notification_repository.go:48.70,51.2 2 0
github.com/convision/api/internal/platform/storage/postgres/notification_repository.go:53.72,55.2 1 0
github.com/convision/api/internal/platform/storage/postgres/notification_repository.go:57.61,60.2 2 0
github.com/convision/api/internal/platform/storage/postgres/notification_repository.go:62.92,68.2 5 0
github.com/convision/api/internal/platform/storage/postgres/notification_repository.go:70.69,72.2 1 0
github.com/convision/api/internal/platform/storage/postgres/notification_repository.go:74.129,81.9 5 0
github.com/convision/api/internal/platform/storage/postgres/notification_repository.go:82.40,83.41 1 0
github.com/convision/api/internal/platform/storage/postgres/notification_repository.go:84.36,85.57 1 0
github.com/convision/api/internal/platform/storage/postgres/notification_repository.go:86.10,87.37 1 0
github.com/convision/api/internal/platform/storage/postgres/notification_repository.go:90.2,90.46 1 0
github.com/convision/api/internal/platform/storage/postgres/notification_repository.go:90.46,92.3 1 0
github.com/convision/api/internal/platform/storage/postgres/notification_repository.go:93.2,94.28 2 0
github.com/convision/api/internal/platform/storage/postgres/optica_feature_repository.go:14.71,16.2 1 0
github.com/convision/api/internal/platform/storage/postgres/optica_feature_repository.go:18.98,21.16 3 0
github.com/convision/api/internal/platform/storage/postgres/optica_feature_repository.go:21.16,23.3 1 0
github.com/convision/api/internal/platform/storage/postgres/optica_feature_repository.go:24.2,24.22 1 0
github.com/convision/api/internal/platform/storage/postgres/optica_feature_repository.go:27.99,29.28 2 0
github.com/convision/api/internal/platform/storage/postgres/optica_feature_repository.go:29.28,35.3 1 0
github.com/convision/api/internal/platform/storage/postgres/optica_feature_repository.go:36.2,39.28 1 0
github.com/convision/api/internal/platform/storage/postgres/optica_feature_repository.go:42.98,46.2 1 0
github.com/convision/api/internal/platform/storage/postgres/optica_feature_repository.go:48.69,50.44 2 0
github.com/convision/api/internal/platform/storage/postgres/optica_feature_repository.go:50.44,56.3 1 0
github.com/convision/api/internal/platform/storage/postgres/optica_feature_repository.go:57.2,60.28 1 0
github.com/convision/api/internal/platform/storage/postgres/optica_permission_repository.go:15.77,17.2 1 0
github.com/convision/api/internal/platform/storage/postgres/optica_permission_repository.go:20.86,25.33 2 0
github.com/convision/api/internal/platform/storage/postgres/optica_permission_repository.go:25.33,27.3 1 0
github.com/convision/api/internal/platform/storage/postgres/optica_permission_repository.go:28.2,29.27 2 0
github.com/convision/api/internal/platform/storage/postgres/optica_permission_repository.go:29.27,31.3 1 0
github.com/convision/api/internal/platform/storage/postgres/optica_permission_repository.go:32.2,32.18 1 0
github.com/convision/api/internal/platform/storage/postgres/optica_permission_repository.go:37.85,38.50 1 0
github.com/convision/api/internal/platform/storage/postgres/optica_permission_repository.go:38.50,40.64 1 0
github.com/convision/api/internal/platform/storage/postgres/optica_permission_repository.go:40.64,42.4 1 0
github.com/convision/api/internal/platform/storage/postgres/optica_permission_repository.go:43.3,43.21 1 0
github.com/convision/api/internal/platform/storage/postgres/optica_permission_repository.go:43.21,45.4 1 0
github.com/convision/api/internal/platform/storage/postgres/optica_permission_repository.go:46.3,47.26 2 0
github.com/convision/api/internal/platform/storage/postgres/optica_permission_repository.go:47.26,52.4 1 0
github.com/convision/api/internal/platform/storage/postgres/optica_permission_repository.go:53.3,53.45 1 0
github.com/convision/api/internal/platform/storage/postgres/optica_permission_repository.go:58.74,64.2 3 0
github.com/convision/api/internal/platform/storage/postgres/optica_repository.go:17.57,19.2 1 0
github.com/convision/api/internal/platform/storage/postgres/optica_repository.go:21.69,24.16 3 0
github.com/convision/api/internal/platform/storage/postgres/optica_repository.go:24.16,25.45 1 0
github.com/convision/api/internal/platform/storage/postgres/optica_repository.go:25.45,27.4 1 0
github.com/convision/api/internal/platform/storage/postgres/optica_repository.go:28.3,28.18 1 0
github.com/convision/api/internal/platform/storage/postgres/optica_repository.go:30.2,30.16 1 0
github.com/convision/api/internal/platform/storage/postgres/optica_repository.go:33.75,36.16 3 0
github.com/convision/api/internal/platform/storage/postgres/optica_repository.go:36.16,37.45 1 0
github.com/convision/api/internal/platform/storage/postgres/optica_repository.go:37.45,39.4 1 0
github.com/convision/api/internal/platform/storage/postgres/optica_repository.go:40.3,40.18 1 0
github.com/convision/api/internal/platform/storage/postgres/optica_repository.go:42.2,42.16 1 0
github.com/convision/api/internal/platform/storage/postgres/optica_repository.go:45.59,47.16 2 0
github.com/convision/api/internal/platform/storage/postgres/optica_repository.go:47.16,49.54 2 0
github.com/convision/api/internal/platform/storage/postgres/optica_repository.go:49.54,50.50 1 0
github.com/convision/api/internal/platform/storage/postgres/optica_repository.go:50.50,52.5 1 0
github.com/convision/api/internal/platform/storage/postgres/optica_repository.go:53.4,53.72 1 0
github.com/convision/api/internal/platform/storage/postgres/optica_repository.go:55.3,55.13 1 0
github.com/convision/api/internal/platform/storage/postgres/optica_repository.go:57.2,57.12 1 0
github.com/convision/api/internal/platform/storage/postgres/optica_repository.go:60.59,66.2 1 0
github.com/convision/api/internal/platform/storage/postgres/optica_repository.go:68.50,70.2 1 0
github.com/convision/api/internal/platform/storage/postgres/optica_repository.go:72.85,76.46 4 0
github.com/convision/api/internal/platform/storage/postgres/optica_repository.go:76.46,78.3 1 0
github.com/convision/api/internal/platform/storage/postgres/optica_repository.go:79.2,80.93 2 0
github.com/convision/api/internal/platform/storage/postgres/optica_repository.go:80.93,82.3 1 0
github.com/convision/api/internal/platform/storage/postgres/optica_repository.go:83.2,83.28 1 0
github.com/convision/api/internal/platform/storage/postgres/optica_repository.go:86.70,89.16 3 0
github.com/convision/api/internal/platform/storage/postgres/optica_repository.go:89.16,91.3 1 0
github.com/convision/api/internal/platform/storage/postgres/optica_repository.go:92.2,92.21 1 0
github.com/convision/api/internal/platform/storage/postgres/order_repository.go:17.44,19.2 1 0
github.com/convision/api/internal/platform/storage/postgres/order_repository.go:21.62,28.2 1 0
github.com/convision/api/internal/platform/storage/postgres/order_repository.go:30.80,33.16 3 0
github.com/convision/api/internal/platform/storage/postgres/order_repository.go:33.16,34.45 1 0
github.com/convision/api/internal/platform/storage/postgres/order_repository.go:34.45,36.4 1 0
github.com/convision/api/internal/platform/storage/postgres/order_repository.go:37.3,37.18 1 0
github.com/convision/api/internal/platform/storage/postgres/order_repository.go:39.2,39.16 1 0
github.com/convision/api/internal/platform/storage/postgres/order_repository.go:42.95,45.16 3 0
github.com/convision/api/internal/platform/storage/postgres/order_repository.go:45.16,46.45 1 0
github.com/convision/api/internal/platform/storage/postgres/order_repository.go:46.45,48.4 1 0
github.com/convision/api/internal/platform/storage/postgres/order_repository.go:49.3,49.18 1 0
github.com/convision/api/internal/platform/storage/postgres/order_repository.go:51.2,51.16 1 0
github.com/convision/api/internal/platform/storage/postgres/order_repository.go:54.70,56.43 2 0
github.com/convision/api/internal/platform/storage/postgres/order_repository.go:56.43,58.3 1 0
github.com/convision/api/internal/platform/storage/postgres/order_repository.go:59.2,60.64 2 0
github.com/convision/api/internal/platform/storage/postgres/order_repository.go:63.70,77.2 1 0
github.com/convision/api/internal/platform/storage/postgres/order_repository.go:79.62,81.87 1 0
github.com/convision/api/internal/platform/storage/postgres/order_repository.go:81.87,83.3 1 0
github.com/convision/api/internal/platform/storage/postgres/order_repository.go:84.2,84.45 1 0
github.com/convision/api/internal/platform/storage/postgres/order_repository.go:87.99,93.24 5 0
github.com/convision/api/internal/platform/storage/postgres/order_repository.go:93.24,95.3 1 0
github.com/convision/api/internal/platform/storage/postgres/order_repository.go:96.2,96.20 1 0
github.com/convision/api/internal/platform/storage/postgres/order_repository.go:96.20,98.3 1 0
github.com/convision/api/internal/platform/storage/postgres/order_repository.go:99.2,99.27 1 0
github.com/convision/api/internal/platform/storage/postgres/order_repository.go:99.27,101.3 1 0
github.com/convision/api/internal/platform/storage/postgres/order_repository.go:102.2,102.27 1 0
github.com/convision/api/internal/platform/storage/postgres/order_repository.go:102.27,104.3 1 0
github.com/convision/api/internal/platform/storage/postgres/order_repository.go:106.2,106.46 1 0
github.com/convision/api/internal/platform/storage/postgres/order_repository.go:106.46,108.3 1 0
github.com/convision/api/internal/platform/storage/postgres/order_repository.go:110.2,117.27 2 0
github.com/convision/api/internal/platform/storage/postgres/patient_lookup_repository.go:12.60,14.2 1 0
github.com/convision/api/internal/platform/storage/postgres/patient_lookup_repository.go:16.110,23.2 3 0
github.com/convision/api/internal/platform/storage/postgres/patient_lookup_repository.go:25.120,32.2 3 0
github.com/convision/api/internal/platform/storage/postgres/patient_lookup_repository.go:34.104,41.2 3 0
github.com/convision/api/internal/platform/storage/postgres/patient_lookup_repository.go:43.98,50.2 3 0
github.com/convision/api/internal/platform/storage/postgres/patient_lookup_repository.go:52.102,59.2 3 0
github.com/convision/api/internal/platform/storage/postgres/patient_repository.go:15.48,17.2 1 0
github.com/convision/api/internal/platform/storage/postgres/patient_repository.go:19.64,30.2 1 0
github.com/convision/api/internal/platform/storage/postgres/patient_repository.go:32.84,37.16 3 0
github.com/convision/api/internal/platform/storage/postgres/patient_repository.go:37.16,38.45 1 0
github.com/convision/api/internal/platform/storage/postgres/patient_repository.go:38.45,40.4 1 0
github.com/convision/api/internal/platform/storage/postgres/patient_repository.go:41.3,41.18 1 0
github.com/convision/api/internal/platform/storage/postgres/patient_repository.go:43.2,43.16 1 0
github.com/convision/api/internal/platform/storage/postgres/patient_repository.go:46.99,48.76 2 0
github.com/convision/api/internal/platform/storage/postgres/patient_repository.go:48.76,49.45 1 0
github.com/convision/api/internal/platform/storage/postgres/patient_repository.go:49.45,51.4 1 0
github.com/convision/api/internal/platform/storage/postgres/patient_repository.go:52.3,52.18 1 0
github.com/convision/api/internal/platform/storage/postgres/patient_repository.go:54.2,54.16 1 0
github.com/convision/api/internal/platform/storage/postgres/patient_repository.go:57.74,59.2 1 0
github.com/convision/api/internal/platform/storage/postgres/patient_repository.go:61.74,88.2 1 0
github.com/convision/api/internal/platform/storage/postgres/patient_repository.go:90.64,92.2 1 0
github.com/convision/api/internal/platform/storage/postgres/patient_repository.go:94.105,103.20 5 0
github.com/convision/api/internal/platform/storage/postgres/patient_repository.go:103.20,109.3 2 0
github.com/convision/api/internal/platform/storage/postgres/patient_repository.go:110.2,110.20 1 0
github.com/convision/api/internal/platform/storage/postgres/patient_repository.go:110.20,112.3 1 0
github.com/convision/api/internal/platform/storage/postgres/patient_repository.go:113.2,113.20 1 0
github.com/convision/api/internal/platform/storage/postgres/patient_repository.go:113.20,115.3 1 0
github.com/convision/api/internal/platform/storage/postgres/patient_repository.go:117.2,117.46 1 0
github.com/convision/api/internal/platform/storage/postgres/patient_repository.go:117.46,119.3 1 0
github.com/convision/api/internal/platform/storage/postgres/patient_repository.go:121.2,126.16 2 0
github.com/convision/api/internal/platform/storage/postgres/patient_repository.go:126.16,128.3 1 0
github.com/convision/api/internal/platform/storage/postgres/patient_repository.go:130.2,130.29 1 0
github.com/convision/api/internal/platform/storage/postgres/payroll_repository.go:15.48,17.2 1 0
github.com/convision/api/internal/platform/storage/postgres/payroll_repository.go:19.84,23.44 3 0
github.com/convision/api/internal/platform/storage/postgres/payroll_repository.go:23.44,25.3 1 0
github.com/convision/api/internal/platform/storage/postgres/payroll_repository.go:26.2,26.16 1 0
github.com/convision/api/internal/platform/storage/postgres/payroll_repository.go:29.74,31.2 1 0
github.com/convision/api/internal/platform/storage/postgres/payroll_repository.go:33.74,57.2 1 0
github.com/convision/api/internal/platform/storage/postgres/payroll_repository.go:59.64,61.2 1 0
github.com/convision/api/internal/platform/storage/postgres/payroll_repository.go:63.105,69.21 5 0
github.com/convision/api/internal/platform/storage/postgres/payroll_repository.go:69.21,71.3 1 0
github.com/convision/api/internal/platform/storage/postgres/payroll_repository.go:72.2,72.20 1 0
github.com/convision/api/internal/platform/storage/postgres/payroll_repository.go:72.20,74.3 1 0
github.com/convision/api/internal/platform/storage/postgres/payroll_repository.go:75.2,75.22 1 0
github.com/convision/api/internal/platform/storage/postgres/payroll_repository.go:75.22,77.3 1 0
github.com/convision/api/internal/platform/storage/postgres/payroll_repository.go:78.2,78.20 1 0
github.com/convision/api/internal/platform/storage/postgres/payroll_repository.go:78.20,80.3 1 0
github.com/convision/api/internal/platform/storage/postgres/payroll_repository.go:82.2,82.46 1 0
github.com/convision/api/internal/platform/storage/postgres/payroll_repository.go:82.46,84.3 1 0
github.com/convision/api/internal/platform/storage/postgres/payroll_repository.go:85.2,87.28 2 0
github.com/convision/api/internal/platform/storage/postgres/permission_repository.go:13.54,15.2 1 0
github.com/convision/api/internal/platform/storage/postgres/permission_repository.go:17.83,19.70 2 0
github.com/convision/api/internal/platform/storage/postgres/permission_repository.go:19.70,21.3 1 0
github.com/convision/api/internal/platform/storage/postgres/permission_repository.go:22.2,22.19 1 0
github.com/convision/api/internal/platform/storage/postgres/permission_repository.go:25.102,27.90 2 0
github.com/convision/api/internal/platform/storage/postgres/permission_repository.go:27.90,29.3 1 0
github.com/convision/api/internal/platform/storage/postgres/permission_repository.go:30.2,30.19 1 0
github.com/convision/api/internal/platform/storage/postgres/portfolio_repository.go:12.72,14.2 1 0
github.com/convision/api/internal/platform/storage/postgres/portfolio_repository.go:16.101,18.2 1 0
github.com/convision/api/internal/platform/storage/postgres/portfolio_repository.go:20.120,27.2 3 0
github.com/convision/api/internal/platform/storage/postgres/portfolio_repository.go:29.124,30.24 1 0
github.com/convision/api/internal/platform/storage/postgres/portfolio_repository.go:30.24,32.3 1 0
github.com/convision/api/internal/platform/storage/postgres/portfolio_repository.go:33.2,38.19 3 0
github.com/convision/api/internal/platform/storage/postgres/portfolio_repository.go:41.95,84.2 14 0
github.com/convision/api/internal/platform/storage/postgres/prescription_repository.go:15.58,17.2 1 0
github.com/convision/api/internal/platform/storage/postgres/prescription_repository.go:19.69,23.2 1 0
github.com/convision/api/internal/platform/storage/postgres/prescription_repository.go:25.94,28.16 3 0
github.com/convision/api/internal/platform/storage/postgres/prescription_repository.go:28.16,29.45 1 0
github.com/convision/api/internal/platform/storage/postgres/prescription_repository.go:29.45,31.4 1 0
github.com/convision/api/internal/platform/storage/postgres/prescription_repository.go:32.3,32.18 1 0
github.com/convision/api/internal/platform/storage/postgres/prescription_repository.go:34.2,34.16 1 0
github.com/convision/api/internal/platform/storage/postgres/prescription_repository.go:37.116,40.16 3 0
github.com/convision/api/internal/platform/storage/postgres/prescription_repository.go:40.16,41.45 1 0
github.com/convision/api/internal/platform/storage/postgres/prescription_repository.go:41.45,43.4 1 0
github.com/convision/api/internal/platform/storage/postgres/prescription_repository.go:44.3,44.18 1 0
github.com/convision/api/internal/platform/storage/postgres/prescription_repository.go:46.2,46.16 1 0
github.com/convision/api/internal/platform/storage/postgres/prescription_repository.go:49.124,52.28 3 0
github.com/convision/api/internal/platform/storage/postgres/prescription_repository.go:52.28,54.3 1 0
github.com/convision/api/internal/platform/storage/postgres/prescription_repository.go:55.2,55.24 1 0
github.com/convision/api/internal/platform/storage/postgres/prescription_repository.go:55.24,59.3 2 0
github.com/convision/api/internal/platform/storage/postgres/prescription_repository.go:60.2,60.28 1 0
github.com/convision/api/internal/platform/storage/postgres/prescription_repository.go:60.28,62.3 1 0
github.com/convision/api/internal/platform/storage/postgres/prescription_repository.go:63.2,63.23 1 0
github.com/convision/api/internal/platform/storage/postgres/prescription_repository.go:63.23,65.3 1 0
github.com/convision/api/internal/platform/storage/postgres/prescription_repository.go:67.2,68.46 2 0
github.com/convision/api/internal/platform/storage/postgres/prescription_repository.go:68.46,70.3 1 0
github.com/convision/api/internal/platform/storage/postgres/prescription_repository.go:72.2,77.34 3 0
github.com/convision/api/internal/platform/storage/postgres/prescription_repository.go:80.137,85.46 4 0
github.com/convision/api/internal/platform/storage/postgres/prescription_repository.go:85.46,87.3 1 0
github.com/convision/api/internal/platform/storage/postgres/prescription_repository.go:89.2,95.34 4 0
github.com/convision/api/internal/platform/storage/postgres/prescription_repository.go:98.84,100.2 1 0
github.com/convision/api/internal/platform/storage/postgres/prescription_repository.go:102.84,132.2 1 0
github.com/convision/api/internal/platform/storage/postgres/prescription_repository.go:134.69,136.2 1 0
github.com/convision/api/internal/platform/storage/postgres/product_category_repository.go:15.64,17.2 1 0
github.com/convision/api/internal/platform/storage/postgres/product_category_repository.go:19.100,22.16 3 0
github.com/convision/api/internal/platform/storage/postgres/product_category_repository.go:22.16,23.45 1 0
github.com/convision/api/internal/platform/storage/postgres/product_category_repository.go:23.45,25.4 1 0
github.com/convision/api/internal/platform/storage/postgres/product_category_repository.go:26.3,26.18 1 0
github.com/convision/api/internal/platform/storage/postgres/product_category_repository.go:28.2,28.16 1 0
github.com/convision/api/internal/platform/storage/postgres/product_category_repository.go:31.90,33.2 1 0
github.com/convision/api/internal/platform/storage/postgres/product_category_repository.go:35.90,43.2 1 0
github.com/convision/api/internal/platform/storage/postgres/product_category_repository.go:45.72,47.2 1 0
github.com/convision/api/internal/platform/storage/postgres/product_category_repository.go:49.129,55.23 5 0
github.com/convision/api/internal/platform/storage/postgres/product_category_repository.go:55.23,57.3 1 0
github.com/convision/api/internal/platform/storage/postgres/product_category_repository.go:59.2,59.46 1 0
github.com/convision/api/internal/platform/storage/postgres/product_category_repository.go:59.46,61.3 1 0
github.com/convision/api/internal/platform/storage/postgres/product_category_repository.go:63.2,68.16 2 0
github.com/convision/api/internal/platform/storage/postgres/product_category_repository.go:68.16,70.3 1 0
github.com/convision/api/internal/platform/storage/postgres/product_category_repository.go:72.2,72.25 1 0
github.com/convision/api/internal/platform/storage/postgres/product_category_repository.go:75.89,82.2 3 0
github.com/convision/api/internal/platform/storage/postgres/product_category_repository.go:84.108,96.16 4 0
github.com/convision/api/internal/platform/storage/postgres/product_category_repository.go:96.16,98.3 1 0
github.com/convision/api/internal/platform/storage/postgres/product_category_repository.go:99.2,100.25 2 0
github.com/convision/api/internal/platform/storage/postgres/product_category_repository.go:100.25,106.3 2 0
github.com/convision/api/internal/platform/storage/postgres/product_category_repository.go:107.2,107.17 1 0
github.com/convision/api/internal/platform/storage/postgres/product_category_repository.go:110.106,113.16 3 0
github.com/convision/api/internal/platform/storage/postgres/product_category_repository.go:113.16,114.45 1 0
github.com/convision/api/internal/platform/storage/postgres/product_category_repository.go:114.45,116.4 1 0
github.com/convision/api/internal/platform/storage/postgres/product_category_repository.go:117.3,117.18 1 0
github.com/convision/api/internal/platform/storage/postgres/product_category_repository.go:119.2,119.16 1 0
github.com/convision/api/internal/platform/storage/postgres/product_repository.go:16.48,18.2 1 0
github.com/convision/api/internal/platform/storage/postgres/product_repository.go:20.64,32.2 1 0
github.com/convision/api/internal/platform/storage/postgres/product_repository.go:34.84,37.16 3 0
github.com/convision/api/internal/platform/storage/postgres/product_repository.go:37.16,38.45 1 0
github.com/convision/api/internal/platform/storage/postgres/product_repository.go:38.45,40.4 1 0
github.com/convision/api/internal/platform/storage/postgres/product_repository.go:41.3,41.18 1 0
github.com/convision/api/internal/platform/storage/postgres/product_repository.go:43.2,43.16 1 0
github.com/convision/api/internal/platform/storage/postgres/product_repository.go:46.74,48.2 1 0
github.com/convision/api/internal/platform/storage/postgres/product_repository.go:50.74,62.2 1 0
github.com/convision/api/internal/platform/storage/postgres/product_repository.go:64.64,66.2 1 0
github.com/convision/api/internal/platform/storage/postgres/product_repository.go:68.105,74.20 5 0
github.com/convision/api/internal/platform/storage/postgres/product_repository.go:74.20,76.3 1 0
github.com/convision/api/internal/platform/storage/postgres/product_repository.go:77.2,77.32 1 0
github.com/convision/api/internal/platform/storage/postgres/product_repository.go:77.32,79.3 1 0
github.com/convision/api/internal/platform/storage/postgres/product_repository.go:80.2,80.22 1 0
github.com/convision/api/internal/platform/storage/postgres/product_repository.go:80.22,82.3 1 0
github.com/convision/api/internal/platform/storage/postgres/product_repository.go:83.2,83.25 1 0
github.com/convision/api/internal/platform/storage/postgres/product_repository.go:83.25,85.3 1 0
github.com/convision/api/internal/platform/storage/postgres/product_repository.go:86.2,86.25 1 0
github.com/convision/api/internal/platform/storage/postgres/product_repository.go:86.25,88.3 1 0
github.com/convision/api/internal/platform/storage/postgres/product_repository.go:89.2,89.26 1 0
github.com/convision/api/internal/platform/storage/postgres/product_repository.go:89.26,91.3 1 0
github.com/convision/api/internal/platform/storage/postgres/product_repository.go:92.2,92.26 1 0
github.com/convision/api/internal/platform/storage/postgres/product_repository.go:92.26,94.3 1 0
github.com/convision/api/internal/platform/storage/postgres/product_repository.go:95.2,95.20 1 0
github.com/convision/api/internal/platform/storage/postgres/product_repository.go:95.20,98.3 2 0
github.com/convision/api/internal/platform/storage/postgres/product_repository.go:100.2,100.46 1 0
github.com/convision/api/internal/platform/storage/postgres/product_repository.go:100.46,102.3 1 0
github.com/convision/api/internal/platform/storage/postgres/product_repository.go:104.2,109.16 2 0
github.com/convision/api/internal/platform/storage/postgres/product_repository.go:109.16,111.3 1 0
github.com/convision/api/internal/platform/storage/postgres/product_repository.go:113.2,113.29 1 0
github.com/convision/api/internal/platform/storage/postgres/product_repository.go:116.133,121.17 4 0
github.com/convision/api/internal/platform/storage/postgres/product_repository.go:121.17,124.3 2 0
github.com/convision/api/internal/platform/storage/postgres/product_repository.go:125.2,125.20 1 0
github.com/convision/api/internal/platform/storage/postgres/product_repository.go:125.20,128.3 1 0
github.com/convision/api/internal/platform/storage/postgres/product_repository.go:130.2,130.46 1 0
github.com/convision/api/internal/platform/storage/postgres/product_repository.go:130.46,132.3 1 0
github.com/convision/api/internal/platform/storage/postgres/product_repository.go:134.2,140.16 3 0
github.com/convision/api/internal/platform/storage/postgres/product_repository.go:140.16,142.3 1 0
github.com/convision/api/internal/platform/storage/postgres/product_repository.go:144.2,144.29 1 0
github.com/convision/api/internal/platform/storage/postgres/product_repository.go:147.101,152.2 2 0
github.com/convision/api/internal/platform/storage/postgres/product_repository.go:154.147,162.38 4 0
github.com/convision/api/internal/platform/storage/postgres/product_repository.go:162.38,164.3 1 0
github.com/convision/api/internal/platform/storage/postgres/product_repository.go:165.2,165.41 1 0
github.com/convision/api/internal/platform/storage/postgres/product_repository.go:165.41,167.3 1 0
github.com/convision/api/internal/platform/storage/postgres/product_repository.go:168.2,168.36 1 0
github.com/convision/api/internal/platform/storage/postgres/product_repository.go:168.36,170.3 1 0
github.com/convision/api/internal/platform/storage/postgres/product_repository.go:171.2,171.36 1 0
github.com/convision/api/internal/platform/storage/postgres/product_repository.go:171.36,174.3 2 0
github.com/convision/api/internal/platform/storage/postgres/product_repository.go:177.2,179.37 3 0
github.com/convision/api/internal/platform/storage/postgres/product_repository.go:179.37,180.32 1 0
github.com/convision/api/internal/platform/storage/postgres/product_repository.go:180.32,181.19 1 0
github.com/convision/api/internal/platform/storage/postgres/product_repository.go:181.19,184.5 2 0
github.com/convision/api/internal/platform/storage/postgres/product_repository.go:185.4,185.37 1 0
github.com/convision/api/internal/platform/storage/postgres/product_repository.go:190.2,191.73 2 0
github.com/convision/api/internal/platform/storage/postgres/product_repository.go:191.73,192.32 1 0
github.com/convision/api/internal/platform/storage/postgres/product_repository.go:192.32,193.20 1 0
github.com/convision/api/internal/platform/storage/postgres/product_repository.go:193.20,196.5 2 0
github.com/convision/api/internal/platform/storage/postgres/product_repository.go:197.4,198.50 2 0
github.com/convision/api/internal/platform/storage/postgres/product_repository.go:203.2,204.71 2 0
github.com/convision/api/internal/platform/storage/postgres/product_repository.go:204.71,205.32 1 0
github.com/convision/api/internal/platform/storage/postgres/product_repository.go:205.32,206.22 1 0
github.com/convision/api/internal/platform/storage/postgres/product_repository.go:206.22,209.5 2 0
github.com/convision/api/internal/platform/storage/postgres/product_repository.go:210.4,210.38 1 0
github.com/convision/api/internal/platform/storage/postgres/product_repository.go:214.2,214.46 1 0
github.com/convision/api/internal/platform/storage/postgres/product_repository.go:214.46,216.3 1 0
github.com/convision/api/internal/platform/storage/postgres/product_repository.go:218.2,224.16 3 0
github.com/convision/api/internal/platform/storage/postgres/product_repository.go:224.16,226.3 1 0
github.com/convision/api/internal/platform/storage/postgres/product_repository.go:228.2,228.29 1 0
github.com/convision/api/internal/platform/storage/postgres/product_repository.go:231.117,241.19 4 0
github.com/convision/api/internal/platform/storage/postgres/product_repository.go:241.19,243.3 1 0
github.com/convision/api/internal/platform/storage/postgres/product_repository.go:244.2,245.21 2 0
github.com/convision/api/internal/platform/storage/postgres/product_repository.go:245.21,247.3 1 0
github.com/convision/api/internal/platform/storage/postgres/product_repository.go:248.2,249.21 2 0
github.com/convision/api/internal/platform/storage/postgres/product_repository.go:249.21,251.3 1 0
github.com/convision/api/internal/platform/storage/postgres/product_repository.go:253.2,253.19 1 0
github.com/convision/api/internal/platform/storage/postgres/product_repository.go:253.19,255.3 1 0
github.com/convision/api/internal/platform/storage/postgres/product_repository.go:256.2,256.21 1 0
github.com/convision/api/internal/platform/storage/postgres/product_repository.go:256.21,258.3 1 0
github.com/convision/api/internal/platform/storage/postgres/product_repository.go:259.2,259.21 1 0
github.com/convision/api/internal/platform/storage/postgres/product_repository.go:259.21,261.3 1 0
github.com/convision/api/internal/platform/storage/postgres/product_repository.go:263.2,264.22 2 0
github.com/convision/api/internal/platform/storage/postgres/product_repository.go:267.116,282.2 3 0
github.com/convision/api/internal/platform/storage/postgres/product_repository.go:284.120,298.22 5 0
github.com/convision/api/internal/platform/storage/postgres/product_repository.go:298.22,300.3 1 0
github.com/convision/api/internal/platform/storage/postgres/product_repository.go:301.2,301.25 1 0
github.com/convision/api/internal/platform/storage/postgres/product_repository.go:301.25,303.3 1 0
github.com/convision/api/internal/platform/storage/postgres/product_repository.go:304.2,304.20 1 0
github.com/convision/api/internal/platform/storage/postgres/product_repository.go:304.20,306.3 1 0
github.com/convision/api/internal/platform/storage/postgres/product_repository.go:307.2,307.20 1 0
github.com/convision/api/internal/platform/storage/postgres/product_repository.go:307.20,311.3 2 0
github.com/convision/api/internal/platform/storage/postgres/product_repository.go:313.2,315.21 2 0
github.com/convision/api/internal/platform/storage/postgres/product_repository.go:315.21,319.20 3 0
github.com/convision/api/internal/platform/storage/postgres/product_repository.go:319.20,321.4 1 0
github.com/convision/api/internal/platform/storage/postgres/product_repository.go:322.3,323.22 2 0
github.com/convision/api/internal/platform/storage/postgres/product_repository.go:323.22,325.4 1 0
github.com/convision/api/internal/platform/storage/postgres/product_repository.go:326.3,327.22 2 0
github.com/convision/api/internal/platform/storage/postgres/product_repository.go:327.22,329.4 1 0
github.com/convision/api/internal/platform/storage/postgres/product_repository.go:330.3,330.20 1 0
github.com/convision/api/internal/platform/storage/postgres/product_repository.go:330.20,332.4 1 0
github.com/convision/api/internal/platform/storage/postgres/product_repository.go:333.3,333.22 1 0
github.com/convision/api/internal/platform/storage/postgres/product_repository.go:333.22,335.4 1 0
github.com/convision/api/internal/platform/storage/postgres/product_repository.go:336.3,336.22 1 0
github.com/convision/api/internal/platform/storage/postgres/product_repository.go:336.22,338.4 1 0
github.com/convision/api/internal/platform/storage/postgres/product_repository.go:341.2,341.46 1 0
github.com/convision/api/internal/platform/storage/postgres/product_repository.go:341.46,343.3 1 0
github.com/convision/api/internal/platform/storage/postgres/product_repository.go:345.2,347.25 2 0
github.com/convision/api/internal/platform/storage/postgres/purchase_repository.go:15.50,17.2 1 0
github.com/convision/api/internal/platform/storage/postgres/purchase_repository.go:19.65,25.2 1 0
github.com/convision/api/internal/platform/storage/postgres/purchase_repository.go:27.86,30.16 3 0
github.com/convision/api/internal/platform/storage/postgres/purchase_repository.go:30.16,31.45 1 0
github.com/convision/api/internal/platform/storage/postgres/purchase_repository.go:31.45,33.4 1 0
github.com/convision/api/internal/platform/storage/postgres/purchase_repository.go:34.3,34.18 1 0
github.com/convision/api/internal/platform/storage/postgres/purchase_repository.go:36.2,36.16 1 0
github.com/convision/api/internal/platform/storage/postgres/purchase_repository.go:39.76,41.2 1 0
github.com/convision/api/internal/platform/storage/postgres/purchase_repository.go:43.76,59.2 1 0
github.com/convision/api/internal/platform/storage/postgres/purchase_repository.go:61.65,66.2 3 0
github.com/convision/api/internal/platform/storage/postgres/purchase_repository.go:68.108,74.25 5 0
github.com/convision/api/internal/platform/storage/postgres/purchase_repository.go:74.25,76.3 1 0
github.com/convision/api/internal/platform/storage/postgres/purchase_repository.go:77.2,77.20 1 0
github.com/convision/api/internal/platform/storage/postgres/purchase_repository.go:77.20,79.3 1 0
github.com/convision/api/internal/platform/storage/postgres/purchase_repository.go:80.2,80.30 1 0
github.com/convision/api/internal/platform/storage/postgres/purchase_repository.go:80.30,82.3 1 0
github.com/convision/api/internal/platform/storage/postgres/purchase_repository.go:84.2,84.46 1 0
github.com/convision/api/internal/platform/storage/postgres/purchase_repository.go:84.46,86.3 1 0
github.com/convision/api/internal/platform/storage/postgres/purchase_repository.go:88.2,93.30 2 0
github.com/convision/api/internal/platform/storage/postgres/quote_repository.go:17.44,19.2 1 0
github.com/convision/api/internal/platform/storage/postgres/quote_repository.go:21.62,27.2 1 0
github.com/convision/api/internal/platform/storage/postgres/quote_repository.go:29.80,32.16 3 0
github.com/convision/api/internal/platform/storage/postgres/quote_repository.go:32.16,33.45 1 0
github.com/convision/api/internal/platform/storage/postgres/quote_repository.go:33.45,35.4 1 0
github.com/convision/api/internal/platform/storage/postgres/quote_repository.go:36.3,36.18 1 0
github.com/convision/api/internal/platform/storage/postgres/quote_repository.go:38.2,38.16 1 0
github.com/convision/api/internal/platform/storage/postgres/quote_repository.go:41.95,44.16 3 0
github.com/convision/api/internal/platform/storage/postgres/quote_repository.go:44.16,45.45 1 0
github.com/convision/api/internal/platform/storage/postgres/quote_repository.go:45.45,47.4 1 0
github.com/convision/api/internal/platform/storage/postgres/quote_repository.go:48.3,48.18 1 0
github.com/convision/api/internal/platform/storage/postgres/quote_repository.go:50.2,50.16 1 0
github.com/convision/api/internal/platform/storage/postgres/quote_repository.go:53.70,56.43 2 0
github.com/convision/api/internal/platform/storage/postgres/quote_repository.go:56.43,58.3 1 0
github.com/convision/api/internal/platform/storage/postgres/quote_repository.go:60.2,61.64 2 0
github.com/convision/api/internal/platform/storage/postgres/quote_repository.go:64.70,76.2 1 0
github.com/convision/api/internal/platform/storage/postgres/quote_repository.go:78.62,80.2 1 0
github.com/convision/api/internal/platform/storage/postgres/quote_repository.go:82.99,88.24 5 0
github.com/convision/api/internal/platform/storage/postgres/quote_repository.go:88.24,90.3 1 0
github.com/convision/api/internal/platform/storage/postgres/quote_repository.go:91.2,91.20 1 0
github.com/convision/api/internal/platform/storage/postgres/quote_repository.go:91.20,93.3 1 0
github.com/convision/api/internal/platform/storage/postgres/quote_repository.go:94.2,94.21 1 0
github.com/convision/api/internal/platform/storage/postgres/quote_repository.go:94.21,96.3 1 0
github.com/convision/api/internal/platform/storage/postgres/quote_repository.go:98.2,98.46 1 0
github.com/convision/api/internal/platform/storage/postgres/quote_repository.go:98.46,100.3 1 0
github.com/convision/api/internal/platform/storage/postgres/quote_repository.go:102.2,107.16 2 0
github.com/convision/api/internal/platform/storage/postgres/quote_repository.go:107.16,109.3 1 0
github.com/convision/api/internal/platform/storage/postgres/quote_repository.go:111.2,111.27 1 0
github.com/convision/api/internal/platform/storage/postgres/revoked_token_repository.go:15.58,17.2 1 0
github.com/convision/api/internal/platform/storage/postgres/revoked_token_repository.go:20.83,25.16 3 0
github.com/convision/api/internal/platform/storage/postgres/revoked_token_repository.go:25.16,27.3 1 0
github.com/convision/api/internal/platform/storage/postgres/revoked_token_repository.go:28.2,28.23 1 0
github.com/convision/api/internal/platform/storage/postgres/revoked_token_repository.go:32.72,37.2 1 0
github.com/convision/api/internal/platform/storage/postgres/role_repository.go:18.42,20.2 1 0
github.com/convision/api/internal/platform/storage/postgres/role_repository.go:22.83,24.73 2 0
github.com/convision/api/internal/platform/storage/postgres/role_repository.go:24.73,25.45 1 0
github.com/convision/api/internal/platform/storage/postgres/role_repository.go:25.45,27.4 1 0
github.com/convision/api/internal/platform/storage/postgres/role_repository.go:28.3,28.18 1 0
github.com/convision/api/internal/platform/storage/postgres/role_repository.go:30.2,30.19 1 0
github.com/convision/api/internal/platform/storage/postgres/role_repository.go:33.101,40.18 5 0
github.com/convision/api/internal/platform/storage/postgres/role_repository.go:40.18,42.3 1 0
github.com/convision/api/internal/platform/storage/postgres/role_repository.go:44.2,44.50 1 0
github.com/convision/api/internal/platform/storage/postgres/role_repository.go:44.50,46.3 1 0
github.com/convision/api/internal/platform/storage/postgres/role_repository.go:48.2,53.34 1 0
github.com/convision/api/internal/platform/storage/postgres/role_repository.go:53.34,55.3 1 0
github.com/convision/api/internal/platform/storage/postgres/role_repository.go:56.2,56.26 1 0
github.com/convision/api/internal/platform/storage/postgres/role_repository.go:59.76,60.46 1 0
github.com/convision/api/internal/platform/storage/postgres/role_repository.go:60.46,62.54 2 0
github.com/convision/api/internal/platform/storage/postgres/role_repository.go:62.54,63.50 1 0
github.com/convision/api/internal/platform/storage/postgres/role_repository.go:63.50,65.5 1 0
github.com/convision/api/internal/platform/storage/postgres/role_repository.go:67.3,67.13 1 0
github.com/convision/api/internal/platform/storage/postgres/role_repository.go:69.2,69.12 1 0
github.com/convision/api/internal/platform/storage/postgres/role_repository.go:72.76,77.23 1 0
github.com/convision/api/internal/platform/storage/postgres/role_repository.go:77.23,79.54 2 0
github.com/convision/api/internal/platform/storage/postgres/role_repository.go:79.54,80.50 1 0
github.com/convision/api/internal/platform/storage/postgres/role_repository.go:80.50,82.5 1 0
github.com/convision/api/internal/platform/storage/postgres/role_repository.go:84.3,84.13 1 0
github.com/convision/api/internal/platform/storage/postgres/role_repository.go:86.2,86.12 1 0
github.com/convision/api/internal/platform/storage/postgres/role_repository.go:89.65,90.48 1 0
github.com/convision/api/internal/platform/storage/postgres/role_repository.go:90.48,92.17 2 0
github.com/convision/api/internal/platform/storage/postgres/role_repository.go:92.17,94.4 1 0
github.com/convision/api/internal/platform/storage/postgres/role_repository.go:95.3,95.20 1 0
github.com/convision/api/internal/platform/storage/postgres/role_repository.go:95.20,97.4 1 0
github.com/convision/api/internal/platform/storage/postgres/role_repository.go:98.3,98.98 1 0
github.com/convision/api/internal/platform/storage/postgres/role_repository.go:102.97,108.34 2 0
github.com/convision/api/internal/platform/storage/postgres/role_repository.go:108.34,110.3 1 0
github.com/convision/api/internal/platform/storage/postgres/role_repository.go:111.2,111.19 1 0
github.com/convision/api/internal/platform/storage/postgres/role_repository.go:114.89,123.33 2 0
github.com/convision/api/internal/platform/storage/postgres/role_repository.go:123.33,125.3 1 0
github.com/convision/api/internal/platform/storage/postgres/role_repository.go:126.2,126.18 1 0
github.com/convision/api/internal/platform/storage/postgres/role_repository.go:129.94,136.34 2 0
github.com/convision/api/internal/platform/storage/postgres/role_repository.go:136.34,138.3 1 0
github.com/convision/api/internal/platform/storage/postgres/role_repository.go:139.2,139.19 1 0
github.com/convision/api/internal/platform/storage/postgres/role_repository.go:142.100,150.34 2 0
github.com/convision/api/internal/platform/storage/postgres/role_repository.go:150.34,152.3 1 0
github.com/convision/api/internal/platform/storage/postgres/role_repository.go:153.2,153.19 1 0
github.com/convision/api/internal/platform/storage/postgres/sale_lens_price_adjustment_repository.go:15.80,17.2 1 0
github.com/convision/api/internal/platform/storage/postgres/sale_lens_price_adjustment_repository.go:19.126,27.2 3 0
github.com/convision/api/internal/platform/storage/postgres/sale_lens_price_adjustment_repository.go:29.116,35.16 3 0
github.com/convision/api/internal/platform/storage/postgres/sale_lens_price_adjustment_repository.go:35.16,36.45 1 0
github.com/convision/api/internal/platform/storage/postgres/sale_lens_price_adjustment_repository.go:36.45,38.4 1 0
github.com/convision/api/internal/platform/storage/postgres/sale_lens_price_adjustment_repository.go:39.3,39.18 1 0
github.com/convision/api/internal/platform/storage/postgres/sale_lens_price_adjustment_repository.go:41.2,41.18 1 0
github.com/convision/api/internal/platform/storage/postgres/sale_lens_price_adjustment_repository.go:44.108,46.2 1 0
github.com/convision/api/internal/platform/storage/postgres/sale_lens_price_adjustment_repository.go:48.80,50.25 2 0
github.com/convision/api/internal/platform/storage/postgres/sale_lens_price_adjustment_repository.go:50.25,52.3 1 0
github.com/convision/api/internal/platform/storage/postgres/sale_lens_price_adjustment_repository.go:53.2,53.30 1 0
github.com/convision/api/internal/platform/storage/postgres/sale_lens_price_adjustment_repository.go:53.30,55.3 1 0
github.com/convision/api/internal/platform/storage/postgres/sale_lens_price_adjustment_repository.go:56.2,56.12 1 0
github.com/convision/api/internal/platform/storage/postgres/sale_lens_price_adjustment_repository.go:59.134,64.16 3 0
github.com/convision/api/internal/platform/storage/postgres/sale_lens_price_adjustment_repository.go:64.16,65.45 1 0
github.com/convision/api/internal/platform/storage/postgres/sale_lens_price_adjustment_repository.go:65.45,67.4 1 0
github.com/convision/api/internal/platform/storage/postgres/sale_lens_price_adjustment_repository.go:68.3,68.18 1 0
github.com/convision/api/internal/platform/storage/postgres/sale_lens_price_adjustment_repository.go:70.2,70.18 1 0
github.com/convision/api/internal/platform/storage/postgres/sale_repository.go:17.42,19.2 1 0
github.com/convision/api/internal/platform/storage/postgres/sale_repository.go:21.61,30.2 1 0
github.com/convision/api/internal/platform/storage/postgres/sale_repository.go:32.78,35.16 3 0
github.com/convision/api/internal/platform/storage/postgres/sale_repository.go:35.16,36.45 1 0
github.com/convision/api/internal/platform/storage/postgres/sale_repository.go:36.45,38.4 1 0
github.com/convision/api/internal/platform/storage/postgres/sale_repository.go:39.3,39.18 1 0
github.com/convision/api/internal/platform/storage/postgres/sale_repository.go:41.2,41.16 1 0
github.com/convision/api/internal/platform/storage/postgres/sale_repository.go:44.92,47.16 3 0
github.com/convision/api/internal/platform/storage/postgres/sale_repository.go:47.16,48.45 1 0
github.com/convision/api/internal/platform/storage/postgres/sale_repository.go:48.45,50.4 1 0
github.com/convision/api/internal/platform/storage/postgres/sale_repository.go:51.3,51.18 1 0
github.com/convision/api/internal/platform/storage/postgres/sale_repository.go:53.2,53.16 1 0
github.com/convision/api/internal/platform/storage/postgres/sale_repository.go:56.68,59.43 2 0
github.com/convision/api/internal/platform/storage/postgres/sale_repository.go:59.43,61.3 1 0
github.com/convision/api/internal/platform/storage/postgres/sale_repository.go:63.2,64.62 2 0
github.com/convision/api/internal/platform/storage/postgres/sale_repository.go:67.68,82.2 1 0
github.com/convision/api/internal/platform/storage/postgres/sale_repository.go:84.61,86.2 1 0
github.com/convision/api/internal/platform/storage/postgres/sale_repository.go:88.96,94.23 5 0
github.com/convision/api/internal/platform/storage/postgres/sale_repository.go:94.23,96.3 1 0
github.com/convision/api/internal/platform/storage/postgres/sale_repository.go:97.2,97.24 1 0
github.com/convision/api/internal/platform/storage/postgres/sale_repository.go:97.24,99.3 1 0
github.com/convision/api/internal/platform/storage/postgres/sale_repository.go:100.2,100.20 1 0
github.com/convision/api/internal/platform/storage/postgres/sale_repository.go:100.20,102.3 1 0
github.com/convision/api/internal/platform/storage/postgres/sale_repository.go:103.2,103.27 1 0
github.com/convision/api/internal/platform/storage/postgres/sale_repository.go:103.27,105.3 1 0
github.com/convision/api/internal/platform/storage/postgres/sale_repository.go:106.2,106.21 1 0
github.com/convision/api/internal/platform/storage/postgres/sale_repository.go:106.21,108.3 1 0
github.com/convision/api/internal/platform/storage/postgres/sale_repository.go:110.2,110.46 1 0
github.com/convision/api/internal/platform/storage/postgres/sale_repository.go:110.46,112.3 1 0
github.com/convision/api/internal/platform/storage/postgres/sale_repository.go:114.2,119.16 2 0
github.com/convision/api/internal/platform/storage/postgres/sale_repository.go:119.16,121.3 1 0
github.com/convision/api/internal/platform/storage/postgres/sale_repository.go:123.2,123.26 1 0
github.com/convision/api/internal/platform/storage/postgres/sale_repository.go:126.85,128.2 1 0
github.com/convision/api/internal/platform/storage/postgres/sale_repository.go:130.83,132.25 2 0
github.com/convision/api/internal/platform/storage/postgres/sale_repository.go:132.25,134.3 1 0
github.com/convision/api/internal/platform/storage/postgres/sale_repository.go:135.2,135.30 1 0
github.com/convision/api/internal/platform/storage/postgres/sale_repository.go:135.30,137.3 1 0
github.com/convision/api/internal/platform/storage/postgres/sale_repository.go:138.2,138.12 1 0
github.com/convision/api/internal/platform/storage/postgres/sale_repository.go:147.72,153.16 3 0
github.com/convision/api/internal/platform/storage/postgres/sale_repository.go:153.16,155.3 1 0
github.com/convision/api/internal/platform/storage/postgres/sale_repository.go:156.2,160.8 1 0
github.com/convision/api/internal/platform/storage/postgres/sale_repository.go:163.77,169.16 3 0
github.com/convision/api/internal/platform/storage/postgres/sale_repository.go:169.16,171.3 1 0
github.com/convision/api/internal/platform/storage/postgres/sale_repository.go:172.2,176.8 1 0
github.com/convision/api/internal/platform/storage/postgres/service_order_repository.go:15.58,17.2 1 0
github.com/convision/api/internal/platform/storage/postgres/service_order_repository.go:19.94,23.44 3 0
github.com/convision/api/internal/platform/storage/postgres/service_order_repository.go:23.44,25.3 1 0
github.com/convision/api/internal/platform/storage/postgres/service_order_repository.go:26.2,26.16 1 0
github.com/convision/api/internal/platform/storage/postgres/service_order_repository.go:29.84,31.2 1 0
github.com/convision/api/internal/platform/storage/postgres/service_order_repository.go:33.84,50.2 1 0
github.com/convision/api/internal/platform/storage/postgres/service_order_repository.go:52.69,54.2 1 0
github.com/convision/api/internal/platform/storage/postgres/service_order_repository.go:56.120,62.24 5 0
github.com/convision/api/internal/platform/storage/postgres/service_order_repository.go:62.24,64.3 1 0
github.com/convision/api/internal/platform/storage/postgres/service_order_repository.go:65.2,65.20 1 0
github.com/convision/api/internal/platform/storage/postgres/service_order_repository.go:65.20,67.3 1 0
github.com/convision/api/internal/platform/storage/postgres/service_order_repository.go:68.2,68.28 1 0
github.com/convision/api/internal/platform/storage/postgres/service_order_repository.go:68.28,70.3 1 0
github.com/convision/api/internal/platform/storage/postgres/service_order_repository.go:71.2,71.21 1 0
github.com/convision/api/internal/platform/storage/postgres/service_order_repository.go:71.21,73.3 1 0
github.com/convision/api/internal/platform/storage/postgres/service_order_repository.go:75.2,75.46 1 0
github.com/convision/api/internal/platform/storage/postgres/service_order_repository.go:75.46,77.3 1 0
github.com/convision/api/internal/platform/storage/postgres/service_order_repository.go:78.2,80.28 2 0
github.com/convision/api/internal/platform/storage/postgres/stock_movement_repository.go:15.60,17.2 1 0
github.com/convision/api/internal/platform/storage/postgres/stock_movement_repository.go:19.86,21.2 1 0
github.com/convision/api/internal/platform/storage/postgres/stock_movement_repository.go:23.123,31.24 5 0
github.com/convision/api/internal/platform/storage/postgres/stock_movement_repository.go:31.24,33.3 1 0
github.com/convision/api/internal/platform/storage/postgres/stock_movement_repository.go:34.2,34.26 1 0
github.com/convision/api/internal/platform/storage/postgres/stock_movement_repository.go:34.26,36.3 1 0
github.com/convision/api/internal/platform/storage/postgres/stock_movement_repository.go:37.2,37.26 1 0
github.com/convision/api/internal/platform/storage/postgres/stock_movement_repository.go:37.26,39.3 1 0
github.com/convision/api/internal/platform/storage/postgres/stock_movement_repository.go:41.2,41.46 1 0
github.com/convision/api/internal/platform/storage/postgres/stock_movement_repository.go:41.46,43.3 1 0
github.com/convision/api/internal/platform/storage/postgres/stock_movement_repository.go:45.2,46.25 2 0
github.com/convision/api/internal/platform/storage/postgres/stock_movement_repository.go:49.137,55.2 2 0
github.com/convision/api/internal/platform/storage/postgres/stock_movement_repository.go:57.124,65.16 4 0
github.com/convision/api/internal/platform/storage/postgres/stock_movement_repository.go:65.16,66.45 1 0
github.com/convision/api/internal/platform/storage/postgres/stock_movement_repository.go:66.45,68.4 1 0
github.com/convision/api/internal/platform/storage/postgres/stock_movement_repository.go:69.3,69.18 1 0
github.com/convision/api/internal/platform/storage/postgres/stock_movement_repository.go:71.2,71.16 1 0
github.com/convision/api/internal/platform/storage/postgres/super_admin_repository.go:16.65,18.2 1 0
github.com/convision/api/internal/platform/storage/postgres/super_admin_repository.go:20.77,23.16 3 0
github.com/convision/api/internal/platform/storage/postgres/super_admin_repository.go:23.16,24.45 1 0
github.com/convision/api/internal/platform/storage/postgres/super_admin_repository.go:24.45,26.4 1 0
github.com/convision/api/internal/platform/storage/postgres/super_admin_repository.go:27.3,27.18 1 0
github.com/convision/api/internal/platform/storage/postgres/super_admin_repository.go:29.2,29.17 1 0
github.com/convision/api/internal/platform/storage/postgres/super_admin_repository.go:32.85,35.16 3 0
github.com/convision/api/internal/platform/storage/postgres/super_admin_repository.go:35.16,36.45 1 0
github.com/convision/api/internal/platform/storage/postgres/super_admin_repository.go:36.45,38.4 1 0
github.com/convision/api/internal/platform/storage/postgres/super_admin_repository.go:39.3,39.18 1 0
github.com/convision/api/internal/platform/storage/postgres/super_admin_repository.go:41.2,41.17 1 0
github.com/convision/api/internal/platform/storage/postgres/super_admin_repository.go:44.68,46.16 2 0
github.com/convision/api/internal/platform/storage/postgres/super_admin_repository.go:46.16,48.54 2 0
github.com/convision/api/internal/platform/storage/postgres/super_admin_repository.go:48.54,50.4 1 0
github.com/convision/api/internal/platform/storage/postgres/super_admin_repository.go:51.3,51.13 1 0
github.com/convision/api/internal/platform/storage/postgres/super_admin_repository.go:53.2,53.12 1 0
github.com/convision/api/internal/platform/storage/postgres/super_admin_repository.go:56.93,60.46 4 0
github.com/convision/api/internal/platform/storage/postgres/super_admin_repository.go:60.46,62.3 1 0
github.com/convision/api/internal/platform/storage/postgres/super_admin_repository.go:63.2,64.92 2 0
github.com/convision/api/internal/platform/storage/postgres/super_admin_repository.go:64.92,66.3 1 0
github.com/convision/api/internal/platform/storage/postgres/super_admin_repository.go:67.2,67.27 1 0
github.com/convision/api/internal/platform/storage/postgres/supplier_repository.go:15.50,17.2 1 0
github.com/convision/api/internal/platform/storage/postgres/supplier_repository.go:19.86,22.16 3 0
github.com/convision/api/internal/platform/storage/postgres/supplier_repository.go:22.16,23.45 1 0
github.com/convision/api/internal/platform/storage/postgres/supplier_repository.go:23.45,25.4 1 0
github.com/convision/api/internal/platform/storage/postgres/supplier_repository.go:26.3,26.18 1 0
github.com/convision/api/internal/platform/storage/postgres/supplier_repository.go:28.2,28.16 1 0
github.com/convision/api/internal/platform/storage/postgres/supplier_repository.go:31.76,33.2 1 0
github.com/convision/api/internal/platform/storage/postgres/supplier_repository.go:35.76,51.2 1 0
github.com/convision/api/internal/platform/storage/postgres/supplier_repository.go:53.65,55.2 1 0
github.com/convision/api/internal/platform/storage/postgres/supplier_repository.go:57.108,65.20 5 0
github.com/convision/api/internal/platform/storage/postgres/supplier_repository.go:65.20,69.3 2 0
github.com/convision/api/internal/platform/storage/postgres/supplier_repository.go:69.8,71.19 1 0
github.com/convision/api/internal/platform/storage/postgres/supplier_repository.go:71.19,73.4 1 0
github.com/convision/api/internal/platform/storage/postgres/supplier_repository.go:74.3,74.20 1 0
github.com/convision/api/internal/platform/storage/postgres/supplier_repository.go:74.20,76.4 1 0
github.com/convision/api/internal/platform/storage/postgres/supplier_repository.go:79.2,79.24 1 0
github.com/convision/api/internal/platform/storage/postgres/supplier_repository.go:79.24,81.3 1 0
github.com/convision/api/internal/platform/storage/postgres/supplier_repository.go:83.2,83.46 1 0
github.com/convision/api/internal/platform/storage/postgres/supplier_repository.go:83.46,85.3 1 0
github.com/convision/api/internal/platform/storage/postgres/supplier_repository.go:87.2,93.30 2 0
github.com/convision/api/internal/platform/storage/postgres/user_repository.go:20.42,22.2 1 0
github.com/convision/api/internal/platform/storage/postgres/user_repository.go:24.78,27.16 3 0
github.com/convision/api/internal/platform/storage/postgres/user_repository.go:27.16,28.45 1 0
github.com/convision/api/internal/platform/storage/postgres/user_repository.go:28.45,30.4 1 0
github.com/convision/api/internal/platform/storage/postgres/user_repository.go:31.3,31.18 1 0
github.com/convision/api/internal/platform/storage/postgres/user_repository.go:33.2,33.16 1 0
github.com/convision/api/internal/platform/storage/postgres/user_repository.go:36.86,39.16 3 0
github.com/convision/api/internal/platform/storage/postgres/user_repository.go:39.16,40.45 1 0
github.com/convision/api/internal/platform/storage/postgres/user_repository.go:40.45,42.4 1 0
github.com/convision/api/internal/platform/storage/postgres/user_repository.go:43.3,43.18 1 0
github.com/convision/api/internal/platform/storage/postgres/user_repository.go:45.2,45.16 1 0
github.com/convision/api/internal/platform/storage/postgres/user_repository.go:48.104,51.16 3 0
github.com/convision/api/internal/platform/storage/postgres/user_repository.go:51.16,52.45 1 0
github.com/convision/api/internal/platform/storage/postgres/user_repository.go:52.45,54.4 1 0
github.com/convision/api/internal/platform/storage/postgres/user_repository.go:55.3,55.18 1 0
github.com/convision/api/internal/platform/storage/postgres/user_repository.go:57.2,57.16 1 0
github.com/convision/api/internal/platform/storage/postgres/user_repository.go:60.68,62.16 2 0
github.com/convision/api/internal/platform/storage/postgres/user_repository.go:62.16,64.54 2 0
github.com/convision/api/internal/platform/storage/postgres/user_repository.go:64.54,65.51 1 0
github.com/convision/api/internal/platform/storage/postgres/user_repository.go:65.51,67.5 1 0
github.com/convision/api/internal/platform/storage/postgres/user_repository.go:68.4,68.73 1 0
github.com/convision/api/internal/platform/storage/postgres/user_repository.go:70.3,70.13 1 0
github.com/convision/api/internal/platform/storage/postgres/user_repository.go:72.2,72.12 1 0
github.com/convision/api/internal/platform/storage/postgres/user_repository.go:75.96,80.2 1 0
github.com/convision/api/internal/platform/storage/postgres/user_repository.go:82.68,93.16 2 0
github.com/convision/api/internal/platform/storage/postgres/user_repository.go:93.16,95.54 2 0
github.com/convision/api/internal/platform/storage/postgres/user_repository.go:95.54,96.51 1 0
github.com/convision/api/internal/platform/storage/postgres/user_repository.go:96.51,98.5 1 0
github.com/convision/api/internal/platform/storage/postgres/user_repository.go:99.4,99.73 1 0
github.com/convision/api/internal/platform/storage/postgres/user_repository.go:101.3,101.13 1 0
github.com/convision/api/internal/platform/storage/postgres/user_repository.go:103.2,103.12 1 0
github.com/convision/api/internal/platform/storage/postgres/user_repository.go:106.61,108.2 1 0
github.com/convision/api/internal/platform/storage/postgres/user_repository.go:110.96,116.22 5 0
github.com/convision/api/internal/platform/storage/postgres/user_repository.go:116.22,118.3 1 0
github.com/convision/api/internal/platform/storage/postgres/user_repository.go:119.2,119.28 1 0
github.com/convision/api/internal/platform/storage/postgres/user_repository.go:119.28,121.3 1 0
github.com/convision/api/internal/platform/storage/postgres/user_repository.go:122.2,122.20 1 0
github.com/convision/api/internal/platform/storage/postgres/user_repository.go:122.20,128.3 2 0
github.com/convision/api/internal/platform/storage/postgres/user_repository.go:130.2,130.46 1 0
github.com/convision/api/internal/platform/storage/postgres/user_repository.go:130.46,132.3 1 0
github.com/convision/api/internal/platform/storage/postgres/user_repository.go:134.2,134.97 1 0
github.com/convision/api/internal/platform/storage/postgres/user_repository.go:134.97,136.3 1 0
github.com/convision/api/internal/platform/storage/postgres/user_repository.go:138.2,138.26 1 0
github.com/convision/api/internal/platform/storage/postgres/user_repository.go:141.130,146.16 2 0
github.com/convision/api/internal/platform/storage/postgres/user_repository.go:146.16,148.3 1 0
github.com/convision/api/internal/platform/storage/postgres/user_repository.go:150.2,151.46 2 0
github.com/convision/api/internal/platform/storage/postgres/user_repository.go:151.46,153.3 1 0
github.com/convision/api/internal/platform/storage/postgres/user_repository.go:155.2,161.34 4 0
github.com/convision/api/internal/platform/storage/postgres/user_repository.go:161.34,163.3 1 0
github.com/convision/api/internal/platform/storage/postgres/user_repository.go:164.2,164.26 1 0
github.com/convision/api/internal/platform/storage/postgres/user_repository.go:167.101,175.16 3 0
github.com/convision/api/internal/platform/storage/postgres/user_repository.go:175.16,177.3 1 0
github.com/convision/api/internal/platform/storage/postgres/user_repository.go:178.2,178.19 1 0
github.com/convision/api/internal/platform/storage/postgres/user_repository.go:181.98,191.16 3 0
github.com/convision/api/internal/platform/storage/postgres/user_repository.go:191.16,193.3 1 0
github.com/convision/api/internal/platform/storage/postgres/user_repository.go:194.2,194.19 1 0
github.com/convision/api/internal/platform/storage/postgres/user_repository.go:197.90,204.16 3 0
github.com/convision/api/internal/platform/storage/postgres/user_repository.go:204.16,206.3 1 0
github.com/convision/api/internal/platform/storage/postgres/user_repository.go:207.2,207.19 1 0
github.com/convision/api/internal/platform/storage/postgres/user_repository.go:210.86,211.48 1 0
github.com/convision/api/internal/platform/storage/postgres/user_repository.go:211.48,212.90 1 0
github.com/convision/api/internal/platform/storage/postgres/user_repository.go:212.90,214.4 1 0
github.com/convision/api/internal/platform/storage/postgres/user_repository.go:215.3,215.34 1 0
github.com/convision/api/internal/platform/storage/postgres/user_repository.go:215.34,217.47 2 0
github.com/convision/api/internal/platform/storage/postgres/user_repository.go:217.47,219.56 2 0
github.com/convision/api/internal/platform/storage/postgres/user_repository.go:219.56,220.14 1 0
github.com/convision/api/internal/platform/storage/postgres/user_repository.go:222.5,222.15 1 0
github.com/convision/api/internal/platform/storage/postgres/user_repository.go:225.3,225.13 1 0
github.com/convision/api/internal/platform/storage/postgres/user_repository.go:229.80,231.2 1 0
github.com/convision/api/internal/platform/storage/postgres/warehouse_location_repository.go:15.68,17.2 1 0
github.com/convision/api/internal/platform/storage/postgres/warehouse_location_repository.go:19.104,22.16 3 0
github.com/convision/api/internal/platform/storage/postgres/warehouse_location_repository.go:22.16,23.45 1 0
github.com/convision/api/internal/platform/storage/postgres/warehouse_location_repository.go:23.45,25.4 1 0
github.com/convision/api/internal/platform/storage/postgres/warehouse_location_repository.go:26.3,26.18 1 0
github.com/convision/api/internal/platform/storage/postgres/warehouse_location_repository.go:28.2,28.16 1 0
github.com/convision/api/internal/platform/storage/postgres/warehouse_location_repository.go:31.94,33.2 1 0
github.com/convision/api/internal/platform/storage/postgres/warehouse_location_repository.go:35.94,44.2 1 0
github.com/convision/api/internal/platform/storage/postgres/warehouse_location_repository.go:46.74,48.2 1 0
github.com/convision/api/internal/platform/storage/postgres/warehouse_location_repository.go:50.135,56.23 5 0
github.com/convision/api/internal/platform/storage/postgres/warehouse_location_repository.go:56.23,58.3 1 0
github.com/convision/api/internal/platform/storage/postgres/warehouse_location_repository.go:59.2,59.26 1 0
github.com/convision/api/internal/platform/storage/postgres/warehouse_location_repository.go:59.26,61.3 1 0
github.com/convision/api/internal/platform/storage/postgres/warehouse_location_repository.go:62.2,62.20 1 0
github.com/convision/api/internal/platform/storage/postgres/warehouse_location_repository.go:62.20,64.3 1 0
github.com/convision/api/internal/platform/storage/postgres/warehouse_location_repository.go:66.2,66.46 1 0
github.com/convision/api/internal/platform/storage/postgres/warehouse_location_repository.go:66.46,68.3 1 0
github.com/convision/api/internal/platform/storage/postgres/warehouse_location_repository.go:70.2,75.16 2 0
github.com/convision/api/internal/platform/storage/postgres/warehouse_location_repository.go:75.16,77.3 1 0
github.com/convision/api/internal/platform/storage/postgres/warehouse_location_repository.go:79.2,79.30 1 0
github.com/convision/api/internal/platform/storage/postgres/warehouse_repository.go:15.52,17.2 1 0
github.com/convision/api/internal/platform/storage/postgres/warehouse_repository.go:19.88,22.16 3 0
github.com/convision/api/internal/platform/storage/postgres/warehouse_repository.go:22.16,23.45 1 0
github.com/convision/api/internal/platform/storage/postgres/warehouse_repository.go:23.45,25.4 1 0
github.com/convision/api/internal/platform/storage/postgres/warehouse_repository.go:26.3,26.18 1 0
github.com/convision/api/internal/platform/storage/postgres/warehouse_repository.go:28.2,28.16 1 0
github.com/convision/api/internal/platform/storage/postgres/warehouse_repository.go:31.78,33.2 1 0
github.com/convision/api/internal/platform/storage/postgres/warehouse_repository.go:35.78,44.2 1 0
github.com/convision/api/internal/platform/storage/postgres/warehouse_repository.go:46.66,48.2 1 0
github.com/convision/api/internal/platform/storage/postgres/warehouse_repository.go:50.111,56.23 5 0
github.com/convision/api/internal/platform/storage/postgres/warehouse_repository.go:56.23,58.3 1 0
github.com/convision/api/internal/platform/storage/postgres/warehouse_repository.go:59.2,59.20 1 0
github.com/convision/api/internal/platform/storage/postgres/warehouse_repository.go:59.20,61.3 1 0
github.com/convision/api/internal/platform/storage/postgres/warehouse_repository.go:63.2,63.46 1 0
github.com/convision/api/internal/platform/storage/postgres/warehouse_repository.go:63.46,65.3 1 0
github.com/convision/api/internal/platform/storage/postgres/warehouse_repository.go:67.2,72.16 2 0
github.com/convision/api/internal/platform/storage/postgres/warehouse_repository.go:72.16,74.3 1 0
github.com/convision/api/internal/platform/storage/postgres/warehouse_repository.go:76.2,76.31 1 0
github.com/convision/api/internal/platform/storage/postgres/warehouse_repository.go:79.113,87.2 3 0
github.com/convision/api/internal/quote/service.go:26.12,32.2 1 0
github.com/convision/api/internal/quote/service.go:98.49,99.16 1 0
github.com/convision/api/internal/quote/service.go:99.16,101.3 1 0
github.com/convision/api/internal/quote/service.go:102.2,103.29 2 0
github.com/convision/api/internal/quote/service.go:103.29,105.3 1 0
github.com/convision/api/internal/quote/service.go:106.2,106.11 1 0
github.com/convision/api/internal/quote/service.go:109.105,110.27 1 0
github.com/convision/api/internal/quote/service.go:110.27,112.32 2 0
github.com/convision/api/internal/quote/service.go:112.32,114.4 1 0
github.com/convision/api/internal/quote/service.go:115.3,115.24 1 0
github.com/convision/api/internal/quote/service.go:117.2,119.15 3 0
github.com/convision/api/internal/quote/service.go:119.15,121.3 1 0
github.com/convision/api/internal/quote/service.go:122.2,122.8 1 0
github.com/convision/api/internal/quote/service.go:125.55,127.27 2 0
github.com/convision/api/internal/quote/service.go:127.27,129.32 2 0
github.com/convision/api/internal/quote/service.go:129.32,131.4 1 0
github.com/convision/api/internal/quote/service.go:132.3,142.4 1 0
github.com/convision/api/internal/quote/service.go:144.2,144.12 1 0
github.com/convision/api/internal/quote/service.go:150.80,153.16 3 0
github.com/convision/api/internal/quote/service.go:153.16,155.3 1 0
github.com/convision/api/internal/quote/service.go:156.2,162.8 1 0
github.com/convision/api/internal/quote/service.go:166.72,168.2 1 0
github.com/convision/api/internal/quote/service.go:171.94,175.32 3 0
github.com/convision/api/internal/quote/service.go:175.32,177.17 2 0
github.com/convision/api/internal/quote/service.go:177.17,179.4 1 0
github.com/convision/api/internal/quote/service.go:180.3,180.15 1 0
github.com/convision/api/internal/quote/service.go:183.2,196.50 2 0
github.com/convision/api/internal/quote/service.go:196.50,198.3 1 0
github.com/convision/api/internal/quote/service.go:200.2,201.38 2 0
github.com/convision/api/internal/quote/service.go:205.90,207.16 2 0
github.com/convision/api/internal/quote/service.go:207.16,209.3 1 0
github.com/convision/api/internal/quote/service.go:211.2,211.26 1 0
github.com/convision/api/internal/quote/service.go:211.26,213.3 1 0
github.com/convision/api/internal/quote/service.go:214.2,214.32 1 0
github.com/convision/api/internal/quote/service.go:214.32,216.17 2 0
github.com/convision/api/internal/quote/service.go:216.17,218.4 1 0
github.com/convision/api/internal/quote/service.go:220.2,223.26 3 0
github.com/convision/api/internal/quote/service.go:223.26,229.26 6 0
github.com/convision/api/internal/quote/service.go:229.26,231.4 1 0
github.com/convision/api/internal/quote/service.go:234.2,234.50 1 0
github.com/convision/api/internal/quote/service.go:234.50,236.3 1 0
github.com/convision/api/internal/quote/service.go:237.2,237.38 1 0
github.com/convision/api/internal/quote/service.go:241.54,242.55 1 0
github.com/convision/api/internal/quote/service.go:242.55,244.3 1 0
github.com/convision/api/internal/quote/service.go:245.2,245.35 1 0
github.com/convision/api/internal/quote/service.go:249.92,251.16 2 0
github.com/convision/api/internal/quote/service.go:251.16,253.3 1 0
github.com/convision/api/internal/quote/service.go:254.2,255.50 2 0
github.com/convision/api/internal/quote/service.go:255.50,257.3 1 0
github.com/convision/api/internal/quote/service.go:258.2,258.38 1 0
github.com/convision/api/internal/quote/service.go:262.110,264.16 2 0
github.com/convision/api/internal/quote/service.go:264.16,266.3 1 0
github.com/convision/api/internal/quote/service.go:269.2,270.29 2 0
github.com/convision/api/internal/quote/service.go:270.29,278.3 1 0
github.com/convision/api/internal/quote/service.go:281.2,283.35 3 0
github.com/convision/api/internal/quote/service.go:283.35,295.3 4 0
github.com/convision/api/internal/quote/service.go:297.2,298.27 2 0
github.com/convision/api/internal/quote/service.go:298.27,300.3 1 0
github.com/convision/api/internal/quote/service.go:300.8,300.27 1 0
github.com/convision/api/internal/quote/service.go:300.27,302.3 1 0
github.com/convision/api/internal/quote/service.go:304.2,320.52 2 0
github.com/convision/api/internal/quote/service.go:320.52,322.3 1 0
github.com/convision/api/internal/quote/service.go:325.2,332.40 4 0
github.com/convision/api/internal/quote/service.go:336.82,338.16 2 0
github.com/convision/api/internal/quote/service.go:338.16,340.3 1 0
github.com/convision/api/internal/quote/service.go:341.2,345.8 2 0
github.com/convision/api/internal/serviceorder/service.go:22.82,24.2 1 0
github.com/convision/api/internal/serviceorder/service.go:78.79,80.2 1 0
github.com/convision/api/internal/serviceorder/service.go:83.63,85.16 2 0
github.com/convision/api/internal/serviceorder/service.go:85.16,87.3 1 0
github.com/convision/api/internal/serviceorder/service.go:88.2,89.25 2 0
github.com/convision/api/internal/serviceorder/service.go:89.25,90.19 1 0
github.com/convision/api/internal/serviceorder/service.go:91.18,92.17 1 0
github.com/convision/api/internal/serviceorder/service.go:93.22,94.20 1 0
github.com/convision/api/internal/serviceorder/service.go:95.20,96.19 1 0
github.com/convision/api/internal/serviceorder/service.go:97.20,98.19 1 0
github.com/convision/api/internal/serviceorder/service.go:99.20,100.19 1 0
github.com/convision/api/internal/serviceorder/service.go:103.2,103.17 1 0
github.com/convision/api/internal/serviceorder/service.go:107.87,110.16 3 0
github.com/convision/api/internal/serviceorder/service.go:110.16,112.3 1 0
github.com/convision/api/internal/serviceorder/service.go:113.2,114.15 2 0
github.com/convision/api/internal/serviceorder/service.go:114.15,116.3 1 0
github.com/convision/api/internal/serviceorder/service.go:117.2,117.112 1 0
github.com/convision/api/internal/serviceorder/service.go:121.111,123.26 2 0
github.com/convision/api/internal/serviceorder/service.go:123.26,124.60 1 0
github.com/convision/api/internal/serviceorder/service.go:124.60,126.4 1 0
github.com/convision/api/internal/serviceorder/service.go:130.2,149.45 4 0
github.com/convision/api/internal/serviceorder/service.go:149.45,151.3 1 0
github.com/convision/api/internal/serviceorder/service.go:152.2,153.33 2 0
github.com/convision/api/internal/serviceorder/service.go:157.97,159.16 2 0
github.com/convision/api/internal/serviceorder/service.go:159.16,161.3 1 0
github.com/convision/api/internal/serviceorder/service.go:162.2,162.29 1 0
github.com/convision/api/internal/serviceorder/service.go:162.29,164.3 1 0
github.com/convision/api/internal/serviceorder/service.go:165.2,165.30 1 0
github.com/convision/api/internal/serviceorder/service.go:165.30,167.3 1 0
github.com/convision/api/internal/serviceorder/service.go:168.2,168.31 1 0
github.com/convision/api/internal/serviceorder/service.go:168.31,170.3 1 0
github.com/convision/api/internal/serviceorder/service.go:171.2,171.31 1 0
github.com/convision/api/internal/serviceorder/service.go:171.31,173.3 1 0
github.com/convision/api/internal/serviceorder/service.go:174.2,174.29 1 0
github.com/convision/api/internal/serviceorder/service.go:174.29,176.3 1 0
github.com/convision/api/internal/serviceorder/service.go:177.2,177.36 1 0
github.com/convision/api/internal/serviceorder/service.go:177.36,179.3 1 0
github.com/convision/api/internal/serviceorder/service.go:180.2,180.32 1 0
github.com/convision/api/internal/serviceorder/service.go:180.32,182.3 1 0
github.com/convision/api/internal/serviceorder/service.go:183.2,183.28 1 0
github.com/convision/api/internal/serviceorder/service.go:183.28,185.3 1 0
github.com/convision/api/internal/serviceorder/service.go:186.2,186.26 1 0
github.com/convision/api/internal/serviceorder/service.go:186.26,188.3 1 0
github.com/convision/api/internal/serviceorder/service.go:189.2,189.24 1 0
github.com/convision/api/internal/serviceorder/service.go:189.24,191.3 1 0
github.com/convision/api/internal/serviceorder/service.go:192.2,192.23 1 0
github.com/convision/api/internal/serviceorder/service.go:192.23,194.3 1 0
github.com/convision/api/internal/serviceorder/service.go:195.2,195.30 1 0
github.com/convision/api/internal/serviceorder/service.go:195.30,197.3 1 0
github.com/convision/api/internal/serviceorder/service.go:199.2,199.45 1 0
github.com/convision/api/internal/serviceorder/service.go:199.45,201.3 1 0
github.com/convision/api/internal/serviceorder/service.go:202.2,202.33 1 0
github.com/convision/api/internal/serviceorder/service.go:206.54,207.50 1 0
github.com/convision/api/internal/serviceorder/service.go:207.50,209.3 1 0
github.com/convision/api/internal/serviceorder/service.go:210.2,210.30 1 0
github.com/convision/api/internal/role/service.go:26.12,34.2 1 0
github.com/convision/api/internal/role/service.go:77.76,79.2 1 0
github.com/convision/api/internal/role/service.go:82.79,85.16 3 0
github.com/convision/api/internal/role/service.go:85.16,88.3 2 0
github.com/convision/api/internal/role/service.go:89.2,89.86 1 0
github.com/convision/api/internal/role/service.go:93.85,101.48 2 0
github.com/convision/api/internal/role/service.go:101.48,102.53 1 0
github.com/convision/api/internal/role/service.go:102.53,104.4 1 0
github.com/convision/api/internal/role/service.go:105.3,105.46 1 0
github.com/convision/api/internal/role/service.go:105.46,109.24 1 0
github.com/convision/api/internal/role/service.go:109.24,111.5 1 0
github.com/convision/api/internal/role/service.go:113.3,113.13 1 0
github.com/convision/api/internal/role/service.go:115.2,115.16 1 0
github.com/convision/api/internal/role/service.go:115.16,118.3 2 0
github.com/convision/api/internal/role/service.go:120.2,121.18 2 0
github.com/convision/api/internal/role/service.go:125.94,127.16 2 0
github.com/convision/api/internal/role/service.go:127.16,129.3 1 0
github.com/convision/api/internal/role/service.go:131.2,131.47 1 0
github.com/convision/api/internal/role/service.go:131.47,134.53 3 0
github.com/convision/api/internal/role/service.go:134.53,136.4 1 0
github.com/convision/api/internal/role/service.go:137.3,137.92 1 0
github.com/convision/api/internal/role/service.go:137.92,139.4 1 0
github.com/convision/api/internal/role/service.go:140.3,140.46 1 0
github.com/convision/api/internal/role/service.go:140.46,144.24 1 0
github.com/convision/api/internal/role/service.go:144.24,146.5 1 0
github.com/convision/api/internal/role/service.go:148.3,148.13 1 0
github.com/convision/api/internal/role/service.go:150.2,150.16 1 0
github.com/convision/api/internal/role/service.go:150.16,153.3 2 0
github.com/convision/api/internal/role/service.go:155.2,156.18 2 0
github.com/convision/api/internal/role/service.go:160.54,162.16 2 0
github.com/convision/api/internal/role/service.go:162.16,164.3 1 0
github.com/convision/api/internal/role/service.go:165.2,165.19 1 0
github.com/convision/api/internal/role/service.go:165.19,167.3 1 0
github.com/convision/api/internal/role/service.go:168.2,168.54 1 0
github.com/convision/api/internal/role/service.go:168.54,171.3 2 0
github.com/convision/api/internal/role/service.go:172.2,173.12 2 0
github.com/convision/api/internal/role/service.go:178.85,180.2 1 0
github.com/convision/api/internal/role/service.go:183.87,185.2 1 0
github.com/convision/api/internal/role/service.go:188.93,190.2 1 0
github.com/convision/api/internal/role/service.go:193.81,195.2 1 0
github.com/convision/api/internal/role/service.go:200.74,201.48 1 0
github.com/convision/api/internal/role/service.go:201.48,205.23 1 0
github.com/convision/api/internal/role/service.go:205.23,207.4 1 0
github.com/convision/api/internal/role/service.go:208.3,208.45 1 0
github.com/convision/api/internal/role/service.go:208.45,210.4 1 0
github.com/convision/api/internal/role/service.go:211.3,211.13 1 0
github.com/convision/api/internal/role/service.go:213.2,213.16 1 0
github.com/convision/api/internal/role/service.go:213.16,216.3 2 0
github.com/convision/api/internal/role/service.go:217.2,218.12 2 0
github.com/convision/api/internal/role/service.go:224.76,225.48 1 0
github.com/convision/api/internal/role/service.go:225.48,227.49 1 0
github.com/convision/api/internal/role/service.go:227.49,229.4 1 0
github.com/convision/api/internal/role/service.go:230.3,230.45 1 0
github.com/convision/api/internal/role/service.go:230.45,232.4 1 0
github.com/convision/api/internal/role/service.go:233.3,233.13 1 0
github.com/convision/api/internal/role/service.go:235.2,235.16 1 0
github.com/convision/api/internal/role/service.go:235.16,238.3 2 0
github.com/convision/api/internal/role/service.go:239.2,240.12 2 0
github.com/convision/api/internal/sale/service.go:47.12,63.2 1 0
github.com/convision/api/internal/sale/service.go:145.49,146.16 1 0
github.com/convision/api/internal/sale/service.go:146.16,148.3 1 0
github.com/convision/api/internal/sale/service.go:149.2,150.29 2 0
github.com/convision/api/internal/sale/service.go:150.29,152.3 1 0
github.com/convision/api/internal/sale/service.go:153.2,153.11 1 0
github.com/convision/api/internal/sale/service.go:156.78,157.18 1 0
github.com/convision/api/internal/sale/service.go:157.18,159.3 1 0
github.com/convision/api/internal/sale/service.go:160.2,160.25 1 0
github.com/convision/api/internal/sale/service.go:160.25,162.3 1 0
github.com/convision/api/internal/sale/service.go:163.2,163.18 1 0
github.com/convision/api/internal/sale/service.go:169.66,172.16 3 0
github.com/convision/api/internal/sale/service.go:172.16,174.3 1 0
github.com/convision/api/internal/sale/service.go:175.2,181.8 1 0
github.com/convision/api/internal/sale/service.go:185.58,187.2 1 0
github.com/convision/api/internal/sale/service.go:190.80,194.35 4 0
github.com/convision/api/internal/sale/service.go:194.35,197.26 3 0
github.com/convision/api/internal/sale/service.go:197.26,198.60 1 0
github.com/convision/api/internal/sale/service.go:198.60,200.5 1 0
github.com/convision/api/internal/sale/service.go:202.3,210.25 2 0
github.com/convision/api/internal/sale/service.go:214.2,216.33 3 0
github.com/convision/api/internal/sale/service.go:216.33,218.15 2 0
github.com/convision/api/internal/sale/service.go:218.15,220.4 1 0
github.com/convision/api/internal/sale/service.go:221.3,222.21 2 0
github.com/convision/api/internal/sale/service.go:222.21,224.4 1 0
github.com/convision/api/internal/sale/service.go:225.3,238.26 3 0
github.com/convision/api/internal/sale/service.go:240.2,240.25 1 0
github.com/convision/api/internal/sale/service.go:240.25,242.3 1 0
github.com/convision/api/internal/sale/service.go:243.2,243.41 1 0
github.com/convision/api/internal/sale/service.go:243.41,245.3 1 0
github.com/convision/api/internal/sale/service.go:246.2,247.22 2 0
github.com/convision/api/internal/sale/service.go:247.22,251.3 3 0
github.com/convision/api/internal/sale/service.go:253.2,275.54 4 0
github.com/convision/api/internal/sale/service.go:275.54,277.3 1 0
github.com/convision/api/internal/sale/service.go:279.2,287.42 6 0
github.com/convision/api/internal/sale/service.go:291.76,293.16 2 0
github.com/convision/api/internal/sale/service.go:293.16,295.3 1 0
github.com/convision/api/internal/sale/service.go:297.2,297.26 1 0
github.com/convision/api/internal/sale/service.go:297.26,299.3 1 0
github.com/convision/api/internal/sale/service.go:300.2,300.25 1 0
github.com/convision/api/internal/sale/service.go:300.25,302.3 1 0
github.com/convision/api/internal/sale/service.go:303.2,303.20 1 0
github.com/convision/api/internal/sale/service.go:303.20,305.3 1 0
github.com/convision/api/internal/sale/service.go:306.2,306.25 1 0
github.com/convision/api/internal/sale/service.go:306.25,308.3 1 0
github.com/convision/api/internal/sale/service.go:309.2,309.22 1 0
github.com/convision/api/internal/sale/service.go:309.22,311.3 1 0
github.com/convision/api/internal/sale/service.go:312.2,312.23 1 0
github.com/convision/api/internal/sale/service.go:312.23,314.3 1 0
github.com/convision/api/internal/sale/service.go:315.2,315.24 1 0
github.com/convision/api/internal/sale/service.go:315.24,317.3 1 0
github.com/convision/api/internal/sale/service.go:318.2,318.31 1 0
github.com/convision/api/internal/sale/service.go:318.31,320.3 1 0
github.com/convision/api/internal/sale/service.go:322.2,322.54 1 0
github.com/convision/api/internal/sale/service.go:322.54,324.3 1 0
github.com/convision/api/internal/sale/service.go:325.2,325.42 1 0
github.com/convision/api/internal/sale/service.go:329.41,330.56 1 0
github.com/convision/api/internal/sale/service.go:330.56,332.3 1 0
github.com/convision/api/internal/sale/service.go:333.2,333.36 1 0
github.com/convision/api/internal/sale/service.go:337.101,339.16 2 0
github.com/convision/api/internal/sale/service.go:339.16,341.3 1 0
github.com/convision/api/internal/sale/service.go:343.2,346.29 4 0
github.com/convision/api/internal/sale/service.go:346.29,347.63 1 0
github.com/convision/api/internal/sale/service.go:347.63,349.4 1 0
github.com/convision/api/internal/sale/service.go:351.2,361.61 2 0
github.com/convision/api/internal/sale/service.go:361.61,363.3 1 0
github.com/convision/api/internal/sale/service.go:366.2,368.22 3 0
github.com/convision/api/internal/sale/service.go:368.22,370.3 1 0
github.com/convision/api/internal/sale/service.go:371.2,378.41 4 0
github.com/convision/api/internal/sale/service.go:382.79,384.16 2 0
github.com/convision/api/internal/sale/service.go:384.16,386.3 1 0
github.com/convision/api/internal/sale/service.go:389.2,390.34 2 0
github.com/convision/api/internal/sale/service.go:390.34,391.24 1 0
github.com/convision/api/internal/sale/service.go:391.24,393.9 2 0
github.com/convision/api/internal/sale/service.go:397.2,397.74 1 0
github.com/convision/api/internal/sale/service.go:397.74,399.3 1 0
github.com/convision/api/internal/sale/service.go:402.2,403.25 2 0
github.com/convision/api/internal/sale/service.go:403.25,405.3 1 0
github.com/convision/api/internal/sale/service.go:406.2,409.16 3 0
github.com/convision/api/internal/sale/service.go:409.16,411.3 1 0
github.com/convision/api/internal/sale/service.go:412.2,415.41 3 0
github.com/convision/api/internal/sale/service.go:419.57,421.16 2 0
github.com/convision/api/internal/sale/service.go:421.16,423.3 1 0
github.com/convision/api/internal/sale/service.go:424.2,424.47 1 0
github.com/convision/api/internal/sale/service.go:424.47,426.3 1 0
github.com/convision/api/internal/sale/service.go:428.2,431.54 3 0
github.com/convision/api/internal/sale/service.go:431.54,433.3 1 0
github.com/convision/api/internal/sale/service.go:434.2,434.37 1 0
github.com/convision/api/internal/sale/service.go:438.54,440.2 1 0
github.com/convision/api/internal/sale/service.go:443.59,445.2 1 0
github.com/convision/api/internal/sale/service.go:448.99,449.60 1 0
github.com/convision/api/internal/sale/service.go:449.60,451.3 1 0
github.com/convision/api/internal/sale/service.go:452.2,452.44 1 0
github.com/convision/api/internal/sale/service.go:462.118,464.69 2 0
github.com/convision/api/internal/sale/service.go:464.69,470.3 1 0
github.com/convision/api/internal/sale/service.go:470.8,472.3 1 0
github.com/convision/api/internal/sale/service.go:474.2,474.29 1 0
github.com/convision/api/internal/sale/service.go:474.29,475.28 1 0
github.com/convision/api/internal/sale/service.go:475.28,476.12 1 0
github.com/convision/api/internal/sale/service.go:479.3,480.17 2 0
github.com/convision/api/internal/sale/service.go:480.17,486.12 2 0
github.com/convision/api/internal/sale/service.go:488.3,488.27 1 0
github.com/convision/api/internal/sale/service.go:488.27,489.12 1 0
github.com/convision/api/internal/sale/service.go:492.3,493.13 2 0
github.com/convision/api/internal/sale/service.go:493.13,499.12 2 0
github.com/convision/api/internal/sale/service.go:502.3,506.10 4 0
github.com/convision/api/internal/sale/service.go:507.23,514.12 2 0
github.com/convision/api/internal/sale/service.go:515.30,523.24 2 0
github.com/convision/api/internal/sale/service.go:524.11,525.24 1 0
github.com/convision/api/internal/sale/service.go:528.3,535.53 7 0
github.com/convision/api/internal/sale/service.go:535.53,537.58 2 0
github.com/convision/api/internal/sale/service.go:537.58,539.5 1 0
github.com/convision/api/internal/sale/service.go:540.4,552.46 2 0
github.com/convision/api/internal/sale/service.go:554.3,554.19 1 0
github.com/convision/api/internal/sale/service.go:554.19,560.4 1 0
github.com/convision/api/internal/sale/service.go:568.122,569.31 1 0
github.com/convision/api/internal/sale/service.go:569.31,576.38 3 0
github.com/convision/api/internal/sale/service.go:576.38,578.4 1 0
github.com/convision/api/internal/sale/service.go:581.2,588.38 4 0
github.com/convision/api/internal/sale/service.go:588.38,590.3 1 0
github.com/convision/api/internal/sale/service.go:591.2,591.52 1 0
github.com/convision/api/internal/sale/service.go:596.105,597.29 1 0
github.com/convision/api/internal/sale/service.go:597.29,598.28 1 0
github.com/convision/api/internal/sale/service.go:598.28,599.12 1 0
github.com/convision/api/internal/sale/service.go:602.3,603.17 2 0
github.com/convision/api/internal/sale/service.go:603.17,609.12 2 0
github.com/convision/api/internal/sale/service.go:611.3,611.27 1 0
github.com/convision/api/internal/sale/service.go:611.27,612.12 1 0
github.com/convision/api/internal/sale/service.go:615.3,616.17 2 0
github.com/convision/api/internal/sale/service.go:616.17,621.12 2 0
github.com/convision/api/internal/sale/service.go:624.3,625.23 2 0
github.com/convision/api/internal/sale/service.go:625.23,626.12 1 0
github.com/convision/api/internal/sale/service.go:629.3,636.39 4 0
github.com/convision/api/internal/sale/service.go:636.39,642.12 2 0
github.com/convision/api/internal/sale/service.go:645.3,654.53 9 0
github.com/convision/api/internal/sale/service.go:654.53,656.58 2 0
github.com/convision/api/internal/sale/service.go:656.58,658.5 1 0
github.com/convision/api/internal/sale/service.go:659.4,670.46 2 0
github.com/convision/api/internal/sale/service.go:672.3,672.19 1 0
github.com/convision/api/internal/sale/service.go:672.19,678.4 1 0
github.com/convision/api/internal/sale/service.go:684.137,685.60 1 0
github.com/convision/api/internal/sale/service.go:685.60,687.3 1 0
github.com/convision/api/internal/sale/service.go:689.2,690.16 2 0
github.com/convision/api/internal/sale/service.go:690.16,692.3 1 0
github.com/convision/api/internal/sale/service.go:694.2,694.39 1 0
github.com/convision/api/internal/sale/service.go:694.39,699.3 1 0
github.com/convision/api/internal/sale/service.go:701.2,712.52 3 0
github.com/convision/api/internal/sale/service.go:712.52,714.3 1 0
github.com/convision/api/internal/sale/service.go:715.2,715.40 1 0
github.com/convision/api/internal/sale/service.go:719.71,721.16 2 0
github.com/convision/api/internal/sale/service.go:721.16,723.3 1 0
github.com/convision/api/internal/sale/service.go:724.2,724.26 1 0
github.com/convision/api/internal/sale/service.go:724.26,726.3 1 0
github.com/convision/api/internal/sale/service.go:727.2,727.38 1 0
github.com/convision/api/internal/sale/service.go:731.81,733.16 2 0
github.com/convision/api/internal/sale/service.go:733.16,735.3 1 0
github.com/convision/api/internal/sale/service.go:737.2,738.16 2 0
github.com/convision/api/internal/sale/service.go:738.16,746.3 1 0
github.com/convision/api/internal/sale/service.go:748.2,753.8 1 0
github.com/convision/api/internal/sale/service.go:757.69,759.16 2 0
github.com/convision/api/internal/sale/service.go:759.16,761.3 1 0
github.com/convision/api/internal/sale/service.go:762.2,766.8 2 0
github.com/convision/api/internal/sale/service.go:769.106,773.23 4 0
github.com/convision/api/internal/sale/service.go:773.23,775.51 2 0
github.com/convision/api/internal/sale/service.go:775.51,777.23 2 0
github.com/convision/api/internal/sale/service.go:777.23,779.5 1 0
github.com/convision/api/internal/sale/service.go:780.9,780.39 1 0
github.com/convision/api/internal/sale/service.go:780.39,781.24 1 0
github.com/convision/api/internal/sale/service.go:781.24,783.5 1 0
github.com/convision/api/internal/sale/service.go:786.2,786.14 1 0
github.com/convision/api/internal/sale/service.go:786.14,788.3 1 0
github.com/convision/api/internal/sale/service.go:790.2,791.21 2 0
github.com/convision/api/internal/sale/service.go:791.21,793.3 1 0
github.com/convision/api/internal/sale/service.go:795.2,796.26 2 0
github.com/convision/api/internal/sale/service.go:796.26,797.61 1 0
github.com/convision/api/internal/sale/service.go:797.61,799.4 1 0
github.com/convision/api/internal/sale/service.go:799.9,802.4 1 0
github.com/convision/api/internal/sale/service.go:805.2,817.46 4 0
github.com/convision/api/internal/sale/service.go:817.46,818.84 1 0
github.com/convision/api/internal/sale/service.go:818.84,819.21 1 0
github.com/convision/api/internal/sale/service.go:819.21,821.5 1 0
github.com/convision/api/internal/sale/service.go:821.10,823.5 1 0
github.com/convision/api/internal/sale/service.go:827.2,827.23 1 0
github.com/convision/api/internal/sale/service.go:827.23,828.83 1 0
github.com/convision/api/internal/sale/service.go:828.83,830.4 1 0
github.com/convision/api/internal/sale/service.go:833.2,833.21 1 0
github.com/convision/api/internal/sale/service.go:833.21,835.17 2 0
github.com/convision/api/internal/sale/service.go:835.17,837.4 1 0
github.com/convision/api/internal/sale/service.go:838.3,839.19 2 0
github.com/convision/api/internal/sale/service.go:841.2,841.22 1 0
github.com/convision/api/internal/sale/service.go:841.22,843.20 2 0
github.com/convision/api/internal/sale/service.go:843.20,845.4 1 0
github.com/convision/api/internal/sale/service.go:846.3,846.21 1 0
github.com/convision/api/internal/sale/service.go:849.2,849.60 1 0
github.com/convision/api/internal/sale/service.go:849.60,850.107 1 0
github.com/convision/api/internal/sale/service.go:850.107,865.31 3 0
github.com/convision/api/internal/sale/service.go:865.31,867.5 1 0
github.com/convision/api/internal/sale/service.go:871.2,871.56 1 0
github.com/convision/api/internal/sale/service.go:871.56,876.3 2 0
github.com/convision/api/internal/sale/service.go:877.2,885.35 2 0
github.com/convision/api/internal/sale/service.go:888.63,889.25 1 0
github.com/convision/api/internal/sale/service.go:889.25,891.3 1 0
github.com/convision/api/internal/sale/service.go:892.2,894.39 1 0
github.com/convision/api/internal/sale/service.go:897.63,898.31 1 0
github.com/convision/api/internal/sale/service.go:898.31,900.3 1 0
github.com/convision/api/internal/sale/service.go:901.2,902.16 2 0
github.com/convision/api/internal/sale/service.go:902.16,907.3 2 0
github.com/convision/api/internal/sale/service.go:909.2,912.34 3 0
github.com/convision/api/internal/sale/service.go:912.34,916.3 3 0
github.com/convision/api/internal/sale/service.go:916.8,918.3 1 0
github.com/convision/api/internal/sale/service.go:920.2,920.61 1 0
github.com/convision/api/internal/sale/service.go:920.61,925.3 1 0
github.com/convision/api/internal/supplier/service.go:19.78,21.2 1 0
github.com/convision/api/internal/supplier/service.go:69.75,71.2 1 0
github.com/convision/api/internal/supplier/service.go:74.83,77.16 3 0
github.com/convision/api/internal/supplier/service.go:77.16,79.3 1 0
github.com/convision/api/internal/supplier/service.go:80.2,81.15 2 0
github.com/convision/api/internal/supplier/service.go:81.15,83.3 1 0
github.com/convision/api/internal/supplier/service.go:84.2,84.112 1 0
github.com/convision/api/internal/supplier/service.go:88.84,104.47 2 0
github.com/convision/api/internal/supplier/service.go:104.47,106.3 1 0
github.com/convision/api/internal/supplier/service.go:107.2,108.17 2 0
github.com/convision/api/internal/supplier/service.go:112.93,114.16 2 0
github.com/convision/api/internal/supplier/service.go:114.16,116.3 1 0
github.com/convision/api/internal/supplier/service.go:117.2,117.22 1 0
github.com/convision/api/internal/supplier/service.go:117.22,119.3 1 0
github.com/convision/api/internal/supplier/service.go:120.2,120.27 1 0
github.com/convision/api/internal/supplier/service.go:120.27,122.3 1 0
github.com/convision/api/internal/supplier/service.go:123.2,123.21 1 0
github.com/convision/api/internal/supplier/service.go:123.21,125.3 1 0
github.com/convision/api/internal/supplier/service.go:126.2,126.37 1 0
github.com/convision/api/internal/supplier/service.go:126.37,128.3 1 0
github.com/convision/api/internal/supplier/service.go:129.2,129.28 1 0
github.com/convision/api/internal/supplier/service.go:129.28,131.3 1 0
github.com/convision/api/internal/supplier/service.go:132.2,132.25 1 0
github.com/convision/api/internal/supplier/service.go:132.25,134.3 1 0
github.com/convision/api/internal/supplier/service.go:135.2,135.23 1 0
github.com/convision/api/internal/supplier/service.go:135.23,137.3 1 0
github.com/convision/api/internal/supplier/service.go:138.2,138.23 1 0
github.com/convision/api/internal/supplier/service.go:138.23,140.3 1 0
github.com/convision/api/internal/supplier/service.go:141.2,141.23 1 0
github.com/convision/api/internal/supplier/service.go:141.23,143.3 1 0
github.com/convision/api/internal/supplier/service.go:144.2,144.25 1 0
github.com/convision/api/internal/supplier/service.go:144.25,146.3 1 0
github.com/convision/api/internal/supplier/service.go:147.2,147.28 1 0
github.com/convision/api/internal/supplier/service.go:147.28,149.3 1 0
github.com/convision/api/internal/supplier/service.go:150.2,150.25 1 0
github.com/convision/api/internal/supplier/service.go:150.25,152.3 1 0
github.com/convision/api/internal/supplier/service.go:153.2,153.23 1 0
github.com/convision/api/internal/supplier/service.go:153.23,155.3 1 0
github.com/convision/api/internal/supplier/service.go:156.2,156.47 1 0
github.com/convision/api/internal/supplier/service.go:156.47,158.3 1 0
github.com/convision/api/internal/supplier/service.go:159.2,159.31 1 0
github.com/convision/api/internal/supplier/service.go:163.54,164.50 1 0
github.com/convision/api/internal/supplier/service.go:164.50,166.3 1 0
github.com/convision/api/internal/supplier/service.go:167.2,167.30 1 0
github.com/convision/api/internal/testutil/assertions.go:13.81,16.2 2 0
github.com/convision/api/internal/testutil/assertions.go:19.94,22.62 3 0
github.com/convision/api/internal/testutil/assertions.go:22.62,24.3 1 0
github.com/convision/api/internal/testutil/assertions.go:25.2,25.40 1 0
github.com/convision/api/internal/testutil/assertions.go:29.81,32.62 3 0
github.com/convision/api/internal/testutil/assertions.go:32.62,34.3 1 0
github.com/convision/api/internal/testutil/assertions.go:35.2,36.87 2 0
github.com/convision/api/internal/testutil/auth.go:15.68,23.2 1 0
github.com/convision/api/internal/testutil/auth.go:27.59,28.30 1 0
github.com/convision/api/internal/testutil/auth.go:28.30,31.3 2 0
github.com/convision/api/internal/testutil/auth.go:34.43,34.89 1 0
github.com/convision/api/internal/testutil/auth.go:35.43,35.94 1 0
github.com/convision/api/internal/testutil/auth.go:36.43,36.96 1 0
github.com/convision/api/internal/testutil/auth.go:37.43,37.94 1 0
github.com/convision/api/internal/testutil/gin.go:18.62,20.17 2 0
github.com/convision/api/internal/testutil/gin.go:20.17,22.3 1 0
github.com/convision/api/internal/testutil/gin.go:23.2,25.12 3 0
github.com/convision/api/internal/testutil/gin.go:29.82,33.2 3 0
github.com/convision/api/internal/testutil/gin.go:37.71,44.2 6 0
github.com/convision/api/internal/testutil/mocks/appointment_repo.go:18.96,20.24 2 0
github.com/convision/api/internal/testutil/mocks/appointment_repo.go:20.24,22.3 1 0
github.com/convision/api/internal/testutil/mocks/appointment_repo.go:23.2,23.57 1 0
github.com/convision/api/internal/testutil/mocks/appointment_repo.go:26.138,28.24 2 0
github.com/convision/api/internal/testutil/mocks/appointment_repo.go:28.24,30.3 1 0
github.com/convision/api/internal/testutil/mocks/appointment_repo.go:31.2,31.80 1 0
github.com/convision/api/internal/testutil/mocks/appointment_repo.go:34.144,36.24 2 0
github.com/convision/api/internal/testutil/mocks/appointment_repo.go:36.24,38.3 1 0
github.com/convision/api/internal/testutil/mocks/appointment_repo.go:39.2,39.80 1 0
github.com/convision/api/internal/testutil/mocks/appointment_repo.go:42.86,44.2 1 0
github.com/convision/api/internal/testutil/mocks/appointment_repo.go:46.86,48.2 1 0
github.com/convision/api/internal/testutil/mocks/appointment_repo.go:50.72,52.2 1 0
github.com/convision/api/internal/testutil/mocks/appointment_repo.go:54.121,56.24 2 0
github.com/convision/api/internal/testutil/mocks/appointment_repo.go:56.24,58.3 1 0
github.com/convision/api/internal/testutil/mocks/appointment_repo.go:59.2,59.80 1 0
github.com/convision/api/internal/testutil/mocks/appointment_repo.go:62.124,64.2 1 0
github.com/convision/api/internal/testutil/mocks/appointment_repo.go:66.170,68.24 2 0
github.com/convision/api/internal/testutil/mocks/appointment_repo.go:68.24,70.3 1 0
github.com/convision/api/internal/testutil/mocks/appointment_repo.go:71.2,71.71 1 0
github.com/convision/api/internal/testutil/mocks/appointment_repo.go:74.139,77.2 2 0
github.com/convision/api/internal/testutil/mocks/appointment_repo.go:79.165,82.2 2 0
github.com/convision/api/internal/testutil/mocks/appointment_repo.go:84.131,86.24 2 0
github.com/convision/api/internal/testutil/mocks/appointment_repo.go:86.24,88.3 1 0
github.com/convision/api/internal/testutil/mocks/appointment_repo.go:89.2,89.46 1 0
github.com/convision/api/internal/testutil/mocks/appointment_repo.go:92.120,94.24 2 0
github.com/convision/api/internal/testutil/mocks/appointment_repo.go:94.24,96.3 1 0
github.com/convision/api/internal/testutil/mocks/appointment_repo.go:97.2,97.57 1 0
github.com/convision/api/internal/testutil/mocks/cashclose_repo.go:16.108,18.24 2 0
github.com/convision/api/internal/testutil/mocks/cashclose_repo.go:18.24,20.3 1 0
github.com/convision/api/internal/testutil/mocks/cashclose_repo.go:21.2,21.63 1 0
github.com/convision/api/internal/testutil/mocks/cashclose_repo.go:24.155,26.24 2 0
github.com/convision/api/internal/testutil/mocks/cashclose_repo.go:26.24,28.3 1 0
github.com/convision/api/internal/testutil/mocks/cashclose_repo.go:29.2,29.63 1 0
github.com/convision/api/internal/testutil/mocks/cashclose_repo.go:32.170,34.24 2 0
github.com/convision/api/internal/testutil/mocks/cashclose_repo.go:34.24,36.3 1 0
github.com/convision/api/internal/testutil/mocks/cashclose_repo.go:37.2,37.86 1 0
github.com/convision/api/internal/testutil/mocks/cashclose_repo.go:40.166,42.24 2 0
github.com/convision/api/internal/testutil/mocks/cashclose_repo.go:42.24,44.3 1 0
github.com/convision/api/internal/testutil/mocks/cashclose_repo.go:45.2,45.65 1 0
github.com/convision/api/internal/testutil/mocks/cashclose_repo.go:48.161,50.24 2 0
github.com/convision/api/internal/testutil/mocks/cashclose_repo.go:50.24,52.3 1 0
github.com/convision/api/internal/testutil/mocks/cashclose_repo.go:53.2,53.65 1 0
github.com/convision/api/internal/testutil/mocks/cashclose_repo.go:56.181,58.2 1 0
github.com/convision/api/internal/testutil/mocks/cashclose_repo.go:60.183,62.2 1 0
github.com/convision/api/internal/testutil/mocks/cashclose_repo.go:64.78,66.2 1 0
github.com/convision/api/internal/testutil/mocks/cashclose_repo.go:68.145,70.2 1 0
github.com/convision/api/internal/testutil/mocks/clinic_repo.go:17.104,19.24 2 0
github.com/convision/api/internal/testutil/mocks/clinic_repo.go:19.24,21.3 1 0
github.com/convision/api/internal/testutil/mocks/clinic_repo.go:22.2,22.61 1 0
github.com/convision/api/internal/testutil/mocks/clinic_repo.go:25.146,27.24 2 0
github.com/convision/api/internal/testutil/mocks/clinic_repo.go:27.24,29.3 1 0
github.com/convision/api/internal/testutil/mocks/clinic_repo.go:30.2,30.84 1 0
github.com/convision/api/internal/testutil/mocks/clinic_repo.go:33.124,35.24 2 0
github.com/convision/api/internal/testutil/mocks/clinic_repo.go:35.24,37.3 1 0
github.com/convision/api/internal/testutil/mocks/clinic_repo.go:38.2,38.61 1 0
github.com/convision/api/internal/testutil/mocks/clinic_repo.go:41.133,43.24 2 0
github.com/convision/api/internal/testutil/mocks/clinic_repo.go:43.24,45.3 1 0
github.com/convision/api/internal/testutil/mocks/clinic_repo.go:46.2,46.84 1 0
github.com/convision/api/internal/testutil/mocks/clinic_repo.go:49.94,51.2 1 0
github.com/convision/api/internal/testutil/mocks/clinic_repo.go:53.94,55.2 1 0
github.com/convision/api/internal/testutil/mocks/clinic_repo.go:57.76,59.2 1 0
github.com/convision/api/internal/testutil/mocks/clinic_repo.go:65.108,67.24 2 0
github.com/convision/api/internal/testutil/mocks/clinic_repo.go:67.24,69.3 1 0
github.com/convision/api/internal/testutil/mocks/clinic_repo.go:70.2,70.63 1 0
github.com/convision/api/internal/testutil/mocks/clinic_repo.go:73.158,75.24 2 0
github.com/convision/api/internal/testutil/mocks/clinic_repo.go:75.24,77.3 1 0
github.com/convision/api/internal/testutil/mocks/clinic_repo.go:78.2,78.86 1 0
github.com/convision/api/internal/testutil/mocks/clinic_repo.go:81.98,83.2 1 0
github.com/convision/api/internal/testutil/mocks/clinic_repo.go:85.98,87.2 1 0
github.com/convision/api/internal/testutil/mocks/clinic_repo.go:89.78,91.2 1 0
github.com/convision/api/internal/testutil/mocks/discount_repo.go:16.97,18.24 2 0
github.com/convision/api/internal/testutil/mocks/discount_repo.go:18.24,20.3 1 0
github.com/convision/api/internal/testutil/mocks/discount_repo.go:21.2,21.61 1 0
github.com/convision/api/internal/testutil/mocks/discount_repo.go:24.118,26.24 2 0
github.com/convision/api/internal/testutil/mocks/discount_repo.go:26.24,28.3 1 0
github.com/convision/api/internal/testutil/mocks/discount_repo.go:29.2,29.63 1 0
github.com/convision/api/internal/testutil/mocks/discount_repo.go:32.146,34.24 2 0
github.com/convision/api/internal/testutil/mocks/discount_repo.go:34.24,36.3 1 0
github.com/convision/api/internal/testutil/mocks/discount_repo.go:37.2,37.63 1 0
github.com/convision/api/internal/testutil/mocks/discount_repo.go:40.131,42.24 2 0
github.com/convision/api/internal/testutil/mocks/discount_repo.go:42.24,44.3 1 0
github.com/convision/api/internal/testutil/mocks/discount_repo.go:45.2,45.61 1 0
github.com/convision/api/internal/testutil/mocks/discount_repo.go:48.87,50.2 1 0
github.com/convision/api/internal/testutil/mocks/discount_repo.go:52.87,54.2 1 0
github.com/convision/api/internal/testutil/mocks/discount_repo.go:56.69,58.2 1 0
github.com/convision/api/internal/testutil/mocks/discount_repo.go:60.119,62.24 2 0
github.com/convision/api/internal/testutil/mocks/discount_repo.go:62.24,64.3 1 0
github.com/convision/api/internal/testutil/mocks/discount_repo.go:65.2,65.84 1 0
github.com/convision/api/internal/testutil/mocks/expense_repo.go:18.88,20.24 2 0
github.com/convision/api/internal/testutil/mocks/expense_repo.go:20.24,22.3 1 0
github.com/convision/api/internal/testutil/mocks/expense_repo.go:23.2,23.53 1 0
github.com/convision/api/internal/testutil/mocks/expense_repo.go:26.78,28.2 1 0
github.com/convision/api/internal/testutil/mocks/expense_repo.go:30.78,32.2 1 0
github.com/convision/api/internal/testutil/mocks/expense_repo.go:34.68,36.2 1 0
github.com/convision/api/internal/testutil/mocks/expense_repo.go:38.109,40.24 2 0
github.com/convision/api/internal/testutil/mocks/expense_repo.go:40.24,42.3 1 0
github.com/convision/api/internal/testutil/mocks/expense_repo.go:43.2,43.76 1 0
github.com/convision/api/internal/testutil/mocks/expense_repo.go:50.88,52.24 2 0
github.com/convision/api/internal/testutil/mocks/expense_repo.go:52.24,54.3 1 0
github.com/convision/api/internal/testutil/mocks/expense_repo.go:55.2,55.53 1 0
github.com/convision/api/internal/testutil/mocks/expense_repo.go:58.78,60.2 1 0
github.com/convision/api/internal/testutil/mocks/expense_repo.go:62.78,64.2 1 0
github.com/convision/api/internal/testutil/mocks/expense_repo.go:66.68,68.2 1 0
github.com/convision/api/internal/testutil/mocks/expense_repo.go:70.109,72.24 2 0
github.com/convision/api/internal/testutil/mocks/expense_repo.go:72.24,74.3 1 0
github.com/convision/api/internal/testutil/mocks/expense_repo.go:75.2,75.76 1 0
github.com/convision/api/internal/testutil/mocks/expense_repo.go:82.98,84.24 2 0
github.com/convision/api/internal/testutil/mocks/expense_repo.go:84.24,86.3 1 0
github.com/convision/api/internal/testutil/mocks/expense_repo.go:87.2,87.58 1 0
github.com/convision/api/internal/testutil/mocks/expense_repo.go:90.88,92.2 1 0
github.com/convision/api/internal/testutil/mocks/expense_repo.go:94.88,96.2 1 0
github.com/convision/api/internal/testutil/mocks/expense_repo.go:98.73,100.2 1 0
github.com/convision/api/internal/testutil/mocks/expense_repo.go:102.124,104.24 2 0
github.com/convision/api/internal/testutil/mocks/expense_repo.go:104.24,106.3 1 0
github.com/convision/api/internal/testutil/mocks/expense_repo.go:107.2,107.81 1 0
github.com/convision/api/internal/testutil/mocks/inventory_repo.go:21.92,23.24 2 0
github.com/convision/api/internal/testutil/mocks/inventory_repo.go:23.24,25.3 1 0
github.com/convision/api/internal/testutil/mocks/inventory_repo.go:26.2,26.55 1 0
github.com/convision/api/internal/testutil/mocks/inventory_repo.go:29.82,31.2 1 0
github.com/convision/api/internal/testutil/mocks/inventory_repo.go:33.82,35.2 1 0
github.com/convision/api/internal/testutil/mocks/inventory_repo.go:37.70,39.2 1 0
github.com/convision/api/internal/testutil/mocks/inventory_repo.go:41.115,43.24 2 0
github.com/convision/api/internal/testutil/mocks/inventory_repo.go:43.24,45.3 1 0
github.com/convision/api/internal/testutil/mocks/inventory_repo.go:46.2,46.78 1 0
github.com/convision/api/internal/testutil/mocks/inventory_repo.go:49.117,51.24 2 0
github.com/convision/api/internal/testutil/mocks/inventory_repo.go:51.24,53.3 1 0
github.com/convision/api/internal/testutil/mocks/inventory_repo.go:54.2,54.65 1 0
github.com/convision/api/internal/testutil/mocks/inventory_repo.go:61.108,63.24 2 0
github.com/convision/api/internal/testutil/mocks/inventory_repo.go:63.24,65.3 1 0
github.com/convision/api/internal/testutil/mocks/inventory_repo.go:66.2,66.63 1 0
github.com/convision/api/internal/testutil/mocks/inventory_repo.go:69.98,71.2 1 0
github.com/convision/api/internal/testutil/mocks/inventory_repo.go:73.98,75.2 1 0
github.com/convision/api/internal/testutil/mocks/inventory_repo.go:77.78,79.2 1 0
github.com/convision/api/internal/testutil/mocks/inventory_repo.go:81.139,83.24 2 0
github.com/convision/api/internal/testutil/mocks/inventory_repo.go:83.24,85.3 1 0
github.com/convision/api/internal/testutil/mocks/inventory_repo.go:86.2,86.86 1 0
github.com/convision/api/internal/testutil/mocks/inventory_repo.go:93.100,95.24 2 0
github.com/convision/api/internal/testutil/mocks/inventory_repo.go:95.24,97.3 1 0
github.com/convision/api/internal/testutil/mocks/inventory_repo.go:98.2,98.59 1 0
github.com/convision/api/internal/testutil/mocks/inventory_repo.go:101.90,103.2 1 0
github.com/convision/api/internal/testutil/mocks/inventory_repo.go:105.90,107.2 1 0
github.com/convision/api/internal/testutil/mocks/inventory_repo.go:109.74,111.2 1 0
github.com/convision/api/internal/testutil/mocks/inventory_repo.go:113.127,115.24 2 0
github.com/convision/api/internal/testutil/mocks/inventory_repo.go:115.24,117.3 1 0
github.com/convision/api/internal/testutil/mocks/inventory_repo.go:118.2,118.82 1 0
github.com/convision/api/internal/testutil/mocks/inventory_repo.go:121.78,124.2 2 0
github.com/convision/api/internal/testutil/mocks/inventory_repo.go:126.144,128.24 2 0
github.com/convision/api/internal/testutil/mocks/inventory_repo.go:128.24,130.3 1 0
github.com/convision/api/internal/testutil/mocks/inventory_repo.go:131.2,131.86 1 0
github.com/convision/api/internal/testutil/mocks/inventory_repo.go:134.132,137.2 2 0
github.com/convision/api/internal/testutil/mocks/inventory_repo.go:143.108,145.24 2 0
github.com/convision/api/internal/testutil/mocks/inventory_repo.go:145.24,147.3 1 0
github.com/convision/api/internal/testutil/mocks/inventory_repo.go:148.2,148.63 1 0
github.com/convision/api/internal/testutil/mocks/inventory_repo.go:151.98,153.2 1 0
github.com/convision/api/internal/testutil/mocks/inventory_repo.go:155.98,157.2 1 0
github.com/convision/api/internal/testutil/mocks/inventory_repo.go:159.78,161.2 1 0
github.com/convision/api/internal/testutil/mocks/inventory_repo.go:163.139,165.24 2 0
github.com/convision/api/internal/testutil/mocks/inventory_repo.go:165.24,167.3 1 0
github.com/convision/api/internal/testutil/mocks/inventory_repo.go:168.2,168.86 1 0
github.com/convision/api/internal/testutil/mocks/inventory_repo.go:175.91,177.2 1 0
github.com/convision/api/internal/testutil/mocks/inventory_repo.go:179.127,181.24 2 0
github.com/convision/api/internal/testutil/mocks/inventory_repo.go:181.24,183.3 1 0
github.com/convision/api/internal/testutil/mocks/inventory_repo.go:184.2,184.82 1 0
github.com/convision/api/internal/testutil/mocks/inventory_repo.go:187.141,189.24 2 0
github.com/convision/api/internal/testutil/mocks/inventory_repo.go:189.24,191.3 1 0
github.com/convision/api/internal/testutil/mocks/inventory_repo.go:192.2,192.82 1 0
github.com/convision/api/internal/testutil/mocks/inventory_repo.go:195.128,197.24 2 0
github.com/convision/api/internal/testutil/mocks/inventory_repo.go:197.24,199.3 1 0
github.com/convision/api/internal/testutil/mocks/inventory_repo.go:200.2,200.59 1 0
github.com/convision/api/internal/testutil/mocks/inventory_repo.go:207.112,209.24 2 0
github.com/convision/api/internal/testutil/mocks/inventory_repo.go:209.24,211.3 1 0
github.com/convision/api/internal/testutil/mocks/inventory_repo.go:212.2,212.65 1 0
github.com/convision/api/internal/testutil/mocks/inventory_repo.go:215.102,217.2 1 0
github.com/convision/api/internal/testutil/mocks/inventory_repo.go:219.102,221.2 1 0
github.com/convision/api/internal/testutil/mocks/inventory_repo.go:223.145,225.24 2 0
github.com/convision/api/internal/testutil/mocks/inventory_repo.go:225.24,227.3 1 0
github.com/convision/api/internal/testutil/mocks/inventory_repo.go:228.2,228.88 1 0
github.com/convision/api/internal/testutil/mocks/laboratory_repo.go:19.94,21.24 2 0
github.com/convision/api/internal/testutil/mocks/laboratory_repo.go:21.24,23.3 1 0
github.com/convision/api/internal/testutil/mocks/laboratory_repo.go:24.2,24.56 1 0
github.com/convision/api/internal/testutil/mocks/laboratory_repo.go:27.84,29.2 1 0
github.com/convision/api/internal/testutil/mocks/laboratory_repo.go:31.84,33.2 1 0
github.com/convision/api/internal/testutil/mocks/laboratory_repo.go:35.71,37.2 1 0
github.com/convision/api/internal/testutil/mocks/laboratory_repo.go:39.118,41.24 2 0
github.com/convision/api/internal/testutil/mocks/laboratory_repo.go:41.24,43.3 1 0
github.com/convision/api/internal/testutil/mocks/laboratory_repo.go:44.2,44.79 1 0
github.com/convision/api/internal/testutil/mocks/laboratory_repo.go:47.92,49.24 2 0
github.com/convision/api/internal/testutil/mocks/laboratory_repo.go:49.24,51.3 1 0
github.com/convision/api/internal/testutil/mocks/laboratory_repo.go:52.2,52.56 1 0
github.com/convision/api/internal/testutil/mocks/laboratory_repo.go:59.104,61.24 2 0
github.com/convision/api/internal/testutil/mocks/laboratory_repo.go:61.24,63.3 1 0
github.com/convision/api/internal/testutil/mocks/laboratory_repo.go:64.2,64.61 1 0
github.com/convision/api/internal/testutil/mocks/laboratory_repo.go:67.119,69.24 2 0
github.com/convision/api/internal/testutil/mocks/laboratory_repo.go:69.24,71.3 1 0
github.com/convision/api/internal/testutil/mocks/laboratory_repo.go:72.2,72.61 1 0
github.com/convision/api/internal/testutil/mocks/laboratory_repo.go:75.112,77.24 2 0
github.com/convision/api/internal/testutil/mocks/laboratory_repo.go:77.24,79.3 1 0
github.com/convision/api/internal/testutil/mocks/laboratory_repo.go:80.2,80.61 1 0
github.com/convision/api/internal/testutil/mocks/laboratory_repo.go:83.94,85.2 1 0
github.com/convision/api/internal/testutil/mocks/laboratory_repo.go:87.94,89.2 1 0
github.com/convision/api/internal/testutil/mocks/laboratory_repo.go:91.76,93.2 1 0
github.com/convision/api/internal/testutil/mocks/laboratory_repo.go:95.133,97.24 2 0
github.com/convision/api/internal/testutil/mocks/laboratory_repo.go:97.24,99.3 1 0
github.com/convision/api/internal/testutil/mocks/laboratory_repo.go:100.2,100.84 1 0
github.com/convision/api/internal/testutil/mocks/laboratory_repo.go:103.117,105.2 1 0
github.com/convision/api/internal/testutil/mocks/laboratory_repo.go:107.86,109.24 2 0
github.com/convision/api/internal/testutil/mocks/laboratory_repo.go:109.24,111.3 1 0
github.com/convision/api/internal/testutil/mocks/laboratory_repo.go:112.2,112.54 1 0
github.com/convision/api/internal/testutil/mocks/laboratory_repo.go:119.105,121.2 1 0
github.com/convision/api/internal/testutil/mocks/laboratory_repo.go:123.124,125.24 2 0
github.com/convision/api/internal/testutil/mocks/laboratory_repo.go:125.24,127.3 1 0
github.com/convision/api/internal/testutil/mocks/laboratory_repo.go:128.2,128.67 1 0
github.com/convision/api/internal/testutil/mocks/laboratory_repo.go:131.128,133.24 2 0
github.com/convision/api/internal/testutil/mocks/laboratory_repo.go:133.24,135.3 1 0
github.com/convision/api/internal/testutil/mocks/laboratory_repo.go:136.2,136.67 1 0
github.com/convision/api/internal/testutil/mocks/laboratory_repo.go:139.99,141.24 2 0
github.com/convision/api/internal/testutil/mocks/laboratory_repo.go:141.24,143.3 1 0
github.com/convision/api/internal/testutil/mocks/laboratory_repo.go:144.2,144.54 1 0
github.com/convision/api/internal/testutil/mocks/laboratory_repo.go:151.110,153.2 1 0
github.com/convision/api/internal/testutil/mocks/laboratory_repo.go:155.156,157.24 2 0
github.com/convision/api/internal/testutil/mocks/laboratory_repo.go:157.24,159.3 1 0
github.com/convision/api/internal/testutil/mocks/laboratory_repo.go:160.2,160.71 1 0
github.com/convision/api/internal/testutil/mocks/notification_repo.go:16.107,18.24 2 0
github.com/convision/api/internal/testutil/mocks/notification_repo.go:18.24,20.3 1 0
github.com/convision/api/internal/testutil/mocks/notification_repo.go:21.2,21.67 1 0
github.com/convision/api/internal/testutil/mocks/notification_repo.go:24.123,26.24 2 0
github.com/convision/api/internal/testutil/mocks/notification_repo.go:26.24,28.3 1 0
github.com/convision/api/internal/testutil/mocks/notification_repo.go:29.2,29.69 1 0
github.com/convision/api/internal/testutil/mocks/notification_repo.go:32.97,34.2 1 0
github.com/convision/api/internal/testutil/mocks/notification_repo.go:36.77,38.2 1 0
github.com/convision/api/internal/testutil/mocks/notification_repo.go:40.79,42.2 1 0
github.com/convision/api/internal/testutil/mocks/notification_repo.go:44.74,46.2 1 0
github.com/convision/api/internal/testutil/mocks/notification_repo.go:48.76,50.2 1 0
github.com/convision/api/internal/testutil/mocks/notification_repo.go:52.65,54.2 1 0
github.com/convision/api/internal/testutil/mocks/notification_repo.go:56.96,58.24 2 0
github.com/convision/api/internal/testutil/mocks/notification_repo.go:58.24,60.3 1 0
github.com/convision/api/internal/testutil/mocks/notification_repo.go:61.2,61.65 1 0
github.com/convision/api/internal/testutil/mocks/notification_repo.go:64.73,66.2 1 0
github.com/convision/api/internal/testutil/mocks/notification_repo.go:68.133,70.24 2 0
github.com/convision/api/internal/testutil/mocks/notification_repo.go:70.24,72.3 1 0
github.com/convision/api/internal/testutil/mocks/notification_repo.go:73.2,73.90 1 0
github.com/convision/api/internal/testutil/mocks/optica_feature_repo.go:15.102,17.24 2 0
github.com/convision/api/internal/testutil/mocks/optica_feature_repo.go:17.24,19.3 1 0
github.com/convision/api/internal/testutil/mocks/optica_feature_repo.go:20.2,20.61 1 0
github.com/convision/api/internal/testutil/mocks/optica_feature_repo.go:23.104,25.2 1 0
github.com/convision/api/internal/testutil/mocks/optica_feature_repo.go:27.102,29.2 1 0
github.com/convision/api/internal/testutil/mocks/optica_feature_repo.go:31.73,33.2 1 0
github.com/convision/api/internal/testutil/mocks/optica_repo.go:15.73,17.24 2 0
github.com/convision/api/internal/testutil/mocks/optica_repo.go:17.24,19.3 1 0
github.com/convision/api/internal/testutil/mocks/optica_repo.go:20.2,20.52 1 0
github.com/convision/api/internal/testutil/mocks/optica_repo.go:23.79,25.24 2 0
github.com/convision/api/internal/testutil/mocks/optica_repo.go:25.24,27.3 1 0
github.com/convision/api/internal/testutil/mocks/optica_repo.go:28.2,28.52 1 0
github.com/convision/api/internal/testutil/mocks/optica_repo.go:31.63,33.2 1 0
github.com/convision/api/internal/testutil/mocks/optica_repo.go:35.63,37.2 1 0
github.com/convision/api/internal/testutil/mocks/optica_repo.go:39.54,41.2 1 0
github.com/convision/api/internal/testutil/mocks/optica_repo.go:43.89,45.24 2 0
github.com/convision/api/internal/testutil/mocks/optica_repo.go:45.24,47.3 1 0
github.com/convision/api/internal/testutil/mocks/optica_repo.go:48.2,48.75 1 0
github.com/convision/api/internal/testutil/mocks/optica_repo.go:51.74,53.24 2 0
github.com/convision/api/internal/testutil/mocks/optica_repo.go:53.24,55.3 1 0
github.com/convision/api/internal/testutil/mocks/optica_repo.go:56.2,56.54 1 0
github.com/convision/api/internal/testutil/mocks/order_repo.go:16.84,18.24 2 0
github.com/convision/api/internal/testutil/mocks/order_repo.go:18.24,20.3 1 0
github.com/convision/api/internal/testutil/mocks/order_repo.go:21.2,21.51 1 0
github.com/convision/api/internal/testutil/mocks/order_repo.go:24.99,26.24 2 0
github.com/convision/api/internal/testutil/mocks/order_repo.go:26.24,28.3 1 0
github.com/convision/api/internal/testutil/mocks/order_repo.go:29.2,29.51 1 0
github.com/convision/api/internal/testutil/mocks/order_repo.go:32.74,34.2 1 0
github.com/convision/api/internal/testutil/mocks/order_repo.go:36.74,38.2 1 0
github.com/convision/api/internal/testutil/mocks/order_repo.go:40.66,42.2 1 0
github.com/convision/api/internal/testutil/mocks/order_repo.go:44.103,46.24 2 0
github.com/convision/api/internal/testutil/mocks/order_repo.go:46.24,48.3 1 0
github.com/convision/api/internal/testutil/mocks/order_repo.go:49.2,49.74 1 0
github.com/convision/api/internal/testutil/mocks/patient_repo.go:16.88,18.24 2 0
github.com/convision/api/internal/testutil/mocks/patient_repo.go:18.24,20.3 1 0
github.com/convision/api/internal/testutil/mocks/patient_repo.go:21.2,21.53 1 0
github.com/convision/api/internal/testutil/mocks/patient_repo.go:24.103,26.24 2 0
github.com/convision/api/internal/testutil/mocks/patient_repo.go:26.24,28.3 1 0
github.com/convision/api/internal/testutil/mocks/patient_repo.go:29.2,29.53 1 0
github.com/convision/api/internal/testutil/mocks/patient_repo.go:32.78,34.2 1 0
github.com/convision/api/internal/testutil/mocks/patient_repo.go:36.78,38.2 1 0
github.com/convision/api/internal/testutil/mocks/patient_repo.go:40.68,42.2 1 0
github.com/convision/api/internal/testutil/mocks/patient_repo.go:44.109,46.24 2 0
github.com/convision/api/internal/testutil/mocks/patient_repo.go:46.24,48.3 1 0
github.com/convision/api/internal/testutil/mocks/patient_repo.go:49.2,49.76 1 0
github.com/convision/api/internal/testutil/mocks/prescription_repo.go:16.98,18.24 2 0
github.com/convision/api/internal/testutil/mocks/prescription_repo.go:18.24,20.3 1 0
github.com/convision/api/internal/testutil/mocks/prescription_repo.go:21.2,21.58 1 0
github.com/convision/api/internal/testutil/mocks/prescription_repo.go:24.120,26.24 2 0
github.com/convision/api/internal/testutil/mocks/prescription_repo.go:26.24,28.3 1 0
github.com/convision/api/internal/testutil/mocks/prescription_repo.go:29.2,29.58 1 0
github.com/convision/api/internal/testutil/mocks/prescription_repo.go:32.128,34.24 2 0
github.com/convision/api/internal/testutil/mocks/prescription_repo.go:34.24,36.3 1 0
github.com/convision/api/internal/testutil/mocks/prescription_repo.go:37.2,37.81 1 0
github.com/convision/api/internal/testutil/mocks/prescription_repo.go:40.141,42.24 2 0
github.com/convision/api/internal/testutil/mocks/prescription_repo.go:42.24,44.3 1 0
github.com/convision/api/internal/testutil/mocks/prescription_repo.go:45.2,45.81 1 0
github.com/convision/api/internal/testutil/mocks/prescription_repo.go:48.88,50.2 1 0
github.com/convision/api/internal/testutil/mocks/prescription_repo.go:52.88,54.2 1 0
github.com/convision/api/internal/testutil/mocks/prescription_repo.go:56.73,58.2 1 0
github.com/convision/api/internal/testutil/mocks/product_repo.go:17.88,19.24 2 0
github.com/convision/api/internal/testutil/mocks/product_repo.go:19.24,21.3 1 0
github.com/convision/api/internal/testutil/mocks/product_repo.go:22.2,22.53 1 0
github.com/convision/api/internal/testutil/mocks/product_repo.go:25.78,27.2 1 0
github.com/convision/api/internal/testutil/mocks/product_repo.go:29.78,31.2 1 0
github.com/convision/api/internal/testutil/mocks/product_repo.go:33.68,35.2 1 0
github.com/convision/api/internal/testutil/mocks/product_repo.go:37.109,39.24 2 0
github.com/convision/api/internal/testutil/mocks/product_repo.go:39.24,41.3 1 0
github.com/convision/api/internal/testutil/mocks/product_repo.go:42.2,42.76 1 0
github.com/convision/api/internal/testutil/mocks/product_repo.go:45.137,47.24 2 0
github.com/convision/api/internal/testutil/mocks/product_repo.go:47.24,49.3 1 0
github.com/convision/api/internal/testutil/mocks/product_repo.go:50.2,50.76 1 0
github.com/convision/api/internal/testutil/mocks/product_repo.go:53.105,56.2 2 0
github.com/convision/api/internal/testutil/mocks/product_repo.go:58.151,60.24 2 0
github.com/convision/api/internal/testutil/mocks/product_repo.go:60.24,62.3 1 0
github.com/convision/api/internal/testutil/mocks/product_repo.go:63.2,63.76 1 0
github.com/convision/api/internal/testutil/mocks/product_repo.go:66.121,68.24 2 0
github.com/convision/api/internal/testutil/mocks/product_repo.go:68.24,70.3 1 0
github.com/convision/api/internal/testutil/mocks/product_repo.go:71.2,71.55 1 0
github.com/convision/api/internal/testutil/mocks/product_repo.go:74.120,76.24 2 0
github.com/convision/api/internal/testutil/mocks/product_repo.go:76.24,78.3 1 0
github.com/convision/api/internal/testutil/mocks/product_repo.go:79.2,79.71 1 0
github.com/convision/api/internal/testutil/mocks/product_repo.go:82.124,84.24 2 0
github.com/convision/api/internal/testutil/mocks/product_repo.go:84.24,86.3 1 0
github.com/convision/api/internal/testutil/mocks/product_repo.go:87.2,87.76 1 0
github.com/convision/api/internal/testutil/mocks/product_repo.go:94.104,96.24 2 0
github.com/convision/api/internal/testutil/mocks/product_repo.go:96.24,98.3 1 0
github.com/convision/api/internal/testutil/mocks/product_repo.go:99.2,99.61 1 0
github.com/convision/api/internal/testutil/mocks/product_repo.go:102.94,104.2 1 0
github.com/convision/api/internal/testutil/mocks/product_repo.go:106.94,108.2 1 0
github.com/convision/api/internal/testutil/mocks/product_repo.go:110.76,112.2 1 0
github.com/convision/api/internal/testutil/mocks/product_repo.go:114.133,116.24 2 0
github.com/convision/api/internal/testutil/mocks/product_repo.go:116.24,118.3 1 0
github.com/convision/api/internal/testutil/mocks/product_repo.go:119.2,119.84 1 0
github.com/convision/api/internal/testutil/mocks/product_repo.go:122.93,124.24 2 0
github.com/convision/api/internal/testutil/mocks/product_repo.go:124.24,126.3 1 0
github.com/convision/api/internal/testutil/mocks/product_repo.go:127.2,127.63 1 0
github.com/convision/api/internal/testutil/mocks/product_repo.go:130.112,132.24 2 0
github.com/convision/api/internal/testutil/mocks/product_repo.go:132.24,134.3 1 0
github.com/convision/api/internal/testutil/mocks/product_repo.go:135.2,135.65 1 0
github.com/convision/api/internal/testutil/mocks/product_repo.go:138.110,140.24 2 0
github.com/convision/api/internal/testutil/mocks/product_repo.go:140.24,142.3 1 0
github.com/convision/api/internal/testutil/mocks/product_repo.go:143.2,143.61 1 0
github.com/convision/api/internal/testutil/mocks/quote_repo.go:16.84,18.24 2 0
github.com/convision/api/internal/testutil/mocks/quote_repo.go:18.24,20.3 1 0
github.com/convision/api/internal/testutil/mocks/quote_repo.go:21.2,21.51 1 0
github.com/convision/api/internal/testutil/mocks/quote_repo.go:24.99,26.24 2 0
github.com/convision/api/internal/testutil/mocks/quote_repo.go:26.24,28.3 1 0
github.com/convision/api/internal/testutil/mocks/quote_repo.go:29.2,29.51 1 0
github.com/convision/api/internal/testutil/mocks/quote_repo.go:32.74,34.2 1 0
github.com/convision/api/internal/testutil/mocks/quote_repo.go:36.74,38.2 1 0
github.com/convision/api/internal/testutil/mocks/quote_repo.go:40.66,42.2 1 0
github.com/convision/api/internal/testutil/mocks/quote_repo.go:44.103,46.24 2 0
github.com/convision/api/internal/testutil/mocks/quote_repo.go:46.24,48.3 1 0
github.com/convision/api/internal/testutil/mocks/quote_repo.go:49.2,49.74 1 0
github.com/convision/api/internal/testutil/mocks/revoked_token_repo.go:16.87,19.2 2 0
github.com/convision/api/internal/testutil/mocks/revoked_token_repo.go:21.76,23.2 1 0
github.com/convision/api/internal/testutil/mocks/sale_repo.go:17.82,19.24 2 0
github.com/convision/api/internal/testutil/mocks/sale_repo.go:19.24,21.3 1 0
github.com/convision/api/internal/testutil/mocks/sale_repo.go:22.2,22.50 1 0
github.com/convision/api/internal/testutil/mocks/sale_repo.go:25.96,27.24 2 0
github.com/convision/api/internal/testutil/mocks/sale_repo.go:27.24,29.3 1 0
github.com/convision/api/internal/testutil/mocks/sale_repo.go:30.2,30.50 1 0
github.com/convision/api/internal/testutil/mocks/sale_repo.go:33.72,35.2 1 0
github.com/convision/api/internal/testutil/mocks/sale_repo.go:37.72,39.2 1 0
github.com/convision/api/internal/testutil/mocks/sale_repo.go:41.65,43.2 1 0
github.com/convision/api/internal/testutil/mocks/sale_repo.go:45.100,47.24 2 0
github.com/convision/api/internal/testutil/mocks/sale_repo.go:47.24,49.3 1 0
github.com/convision/api/internal/testutil/mocks/sale_repo.go:50.2,50.73 1 0
github.com/convision/api/internal/testutil/mocks/sale_repo.go:53.89,55.2 1 0
github.com/convision/api/internal/testutil/mocks/sale_repo.go:57.87,59.2 1 0
github.com/convision/api/internal/testutil/mocks/sale_repo.go:61.76,63.24 2 0
github.com/convision/api/internal/testutil/mocks/sale_repo.go:63.24,65.3 1 0
github.com/convision/api/internal/testutil/mocks/sale_repo.go:66.2,66.52 1 0
github.com/convision/api/internal/testutil/mocks/sale_repo.go:69.81,71.24 2 0
github.com/convision/api/internal/testutil/mocks/sale_repo.go:71.24,73.3 1 0
github.com/convision/api/internal/testutil/mocks/sale_repo.go:74.2,74.52 1 0
github.com/convision/api/internal/testutil/mocks/sale_repo.go:81.130,83.24 2 0
github.com/convision/api/internal/testutil/mocks/sale_repo.go:83.24,85.3 1 0
github.com/convision/api/internal/testutil/mocks/sale_repo.go:86.2,86.71 1 0
github.com/convision/api/internal/testutil/mocks/sale_repo.go:89.120,91.24 2 0
github.com/convision/api/internal/testutil/mocks/sale_repo.go:91.24,93.3 1 0
github.com/convision/api/internal/testutil/mocks/sale_repo.go:94.2,94.69 1 0
github.com/convision/api/internal/testutil/mocks/sale_repo.go:97.112,99.2 1 0
github.com/convision/api/internal/testutil/mocks/sale_repo.go:101.84,103.2 1 0
github.com/convision/api/internal/testutil/mocks/sale_repo.go:105.138,107.24 2 0
github.com/convision/api/internal/testutil/mocks/sale_repo.go:107.24,109.3 1 0
github.com/convision/api/internal/testutil/mocks/sale_repo.go:110.2,110.69 1 0
github.com/convision/api/internal/testutil/mocks/super_admin_repo.go:15.81,17.24 2 0
github.com/convision/api/internal/testutil/mocks/super_admin_repo.go:17.24,19.3 1 0
github.com/convision/api/internal/testutil/mocks/super_admin_repo.go:20.2,20.56 1 0
github.com/convision/api/internal/testutil/mocks/super_admin_repo.go:23.89,25.24 2 0
github.com/convision/api/internal/testutil/mocks/super_admin_repo.go:25.24,27.3 1 0
github.com/convision/api/internal/testutil/mocks/super_admin_repo.go:28.2,28.56 1 0
github.com/convision/api/internal/testutil/mocks/super_admin_repo.go:31.72,33.2 1 0
github.com/convision/api/internal/testutil/mocks/super_admin_repo.go:35.97,37.24 2 0
github.com/convision/api/internal/testutil/mocks/super_admin_repo.go:37.24,39.3 1 0
github.com/convision/api/internal/testutil/mocks/super_admin_repo.go:40.2,40.79 1 0
github.com/convision/api/internal/testutil/mocks/supplier_repo.go:17.90,19.24 2 0
github.com/convision/api/internal/testutil/mocks/supplier_repo.go:19.24,21.3 1 0
github.com/convision/api/internal/testutil/mocks/supplier_repo.go:22.2,22.54 1 0
github.com/convision/api/internal/testutil/mocks/supplier_repo.go:25.80,27.2 1 0
github.com/convision/api/internal/testutil/mocks/supplier_repo.go:29.80,31.2 1 0
github.com/convision/api/internal/testutil/mocks/supplier_repo.go:33.69,35.2 1 0
github.com/convision/api/internal/testutil/mocks/supplier_repo.go:37.112,39.24 2 0
github.com/convision/api/internal/testutil/mocks/supplier_repo.go:39.24,41.3 1 0
github.com/convision/api/internal/testutil/mocks/supplier_repo.go:42.2,42.77 1 0
github.com/convision/api/internal/testutil/mocks/supplier_repo.go:49.90,51.24 2 0
github.com/convision/api/internal/testutil/mocks/supplier_repo.go:51.24,53.3 1 0
github.com/convision/api/internal/testutil/mocks/supplier_repo.go:54.2,54.54 1 0
github.com/convision/api/internal/testutil/mocks/supplier_repo.go:57.80,59.2 1 0
github.com/convision/api/internal/testutil/mocks/supplier_repo.go:61.80,63.2 1 0
github.com/convision/api/internal/testutil/mocks/supplier_repo.go:65.69,67.2 1 0
github.com/convision/api/internal/testutil/mocks/supplier_repo.go:69.112,71.24 2 0
github.com/convision/api/internal/testutil/mocks/supplier_repo.go:71.24,73.3 1 0
github.com/convision/api/internal/testutil/mocks/supplier_repo.go:74.2,74.77 1 0
github.com/convision/api/internal/testutil/mocks/user_repo.go:16.82,18.24 2 0
github.com/convision/api/internal/testutil/mocks/user_repo.go:18.24,20.3 1 0
github.com/convision/api/internal/testutil/mocks/user_repo.go:21.2,21.50 1 0
github.com/convision/api/internal/testutil/mocks/user_repo.go:24.90,26.24 2 0
github.com/convision/api/internal/testutil/mocks/user_repo.go:26.24,28.3 1 0
github.com/convision/api/internal/testutil/mocks/user_repo.go:29.2,29.50 1 0
github.com/convision/api/internal/testutil/mocks/user_repo.go:32.108,34.24 2 0
github.com/convision/api/internal/testutil/mocks/user_repo.go:34.24,36.3 1 0
github.com/convision/api/internal/testutil/mocks/user_repo.go:37.2,37.50 1 0
github.com/convision/api/internal/testutil/mocks/user_repo.go:40.100,42.2 1 0
github.com/convision/api/internal/testutil/mocks/user_repo.go:44.72,46.2 1 0
github.com/convision/api/internal/testutil/mocks/user_repo.go:48.72,50.2 1 0
github.com/convision/api/internal/testutil/mocks/user_repo.go:52.65,54.2 1 0
github.com/convision/api/internal/testutil/mocks/user_repo.go:56.100,58.24 2 0
github.com/convision/api/internal/testutil/mocks/user_repo.go:58.24,60.3 1 0
github.com/convision/api/internal/testutil/mocks/user_repo.go:61.2,61.73 1 0
github.com/convision/api/internal/testutil/mocks/user_repo.go:64.134,66.24 2 0
github.com/convision/api/internal/testutil/mocks/user_repo.go:66.24,68.3 1 0
github.com/convision/api/internal/testutil/mocks/user_repo.go:69.2,69.73 1 0
github.com/convision/api/internal/testutil/mocks/user_repo.go:72.105,74.24 2 0
github.com/convision/api/internal/testutil/mocks/user_repo.go:74.24,76.3 1 0
github.com/convision/api/internal/testutil/mocks/user_repo.go:77.2,77.52 1 0
github.com/convision/api/internal/testutil/mocks/user_repo.go:80.102,82.24 2 0
github.com/convision/api/internal/testutil/mocks/user_repo.go:82.24,84.3 1 0
github.com/convision/api/internal/testutil/mocks/user_repo.go:85.2,85.52 1 0
github.com/convision/api/internal/testutil/mocks/user_repo.go:88.94,90.24 2 0
github.com/convision/api/internal/testutil/mocks/user_repo.go:90.24,92.3 1 0
github.com/convision/api/internal/testutil/mocks/user_repo.go:93.2,93.57 1 0
github.com/convision/api/internal/testutil/mocks/user_repo.go:96.90,98.2 1 0
github.com/convision/api/internal/testutil/mocks/user_repo.go:100.84,102.2 1 0
github.com/convision/api/internal/transport/http/middleware/logger.go:11.46,12.30 1 0
github.com/convision/api/internal/transport/http/middleware/logger.go:12.30,28.24 6 0
github.com/convision/api/internal/transport/http/middleware/logger.go:28.24,31.4 2 0
github.com/convision/api/internal/transport/http/middleware/logger.go:31.9,33.4 1 0
github.com/convision/api/internal/transport/http/middleware/logger.go:38.48,39.58 1 0
github.com/convision/api/internal/transport/http/middleware/logger.go:39.58,42.3 2 0
github.com/convision/api/internal/transport/http/v1/middleware/branch.go:17.93,18.30 1 0
github.com/convision/api/internal/transport/http/v1/middleware/branch.go:18.30,20.22 2 0
github.com/convision/api/internal/transport/http/v1/middleware/branch.go:20.22,23.4 2 0
github.com/convision/api/internal/transport/http/v1/middleware/branch.go:25.3,26.17 2 0
github.com/convision/api/internal/transport/http/v1/middleware/branch.go:26.17,29.4 2 0
github.com/convision/api/internal/transport/http/v1/middleware/branch.go:30.3,33.38 3 0
github.com/convision/api/internal/transport/http/v1/middleware/branch.go:33.38,34.35 1 0
github.com/convision/api/internal/transport/http/v1/middleware/branch.go:34.35,36.5 1 0
github.com/convision/api/internal/transport/http/v1/middleware/branch.go:39.3,40.17 2 0
github.com/convision/api/internal/transport/http/v1/middleware/branch.go:40.17,43.62 3 0
github.com/convision/api/internal/transport/http/v1/middleware/branch.go:43.62,46.5 2 0
github.com/convision/api/internal/transport/http/v1/middleware/branch.go:47.4,48.10 2 0
github.com/convision/api/internal/transport/http/v1/middleware/branch.go:50.3,53.10 3 0
github.com/convision/api/internal/transport/http/v1/middleware/branch.go:53.10,56.4 2 0
github.com/convision/api/internal/transport/http/v1/middleware/branch.go:58.3,58.38 1 0
github.com/convision/api/internal/transport/http/v1/middleware/branch.go:58.38,60.18 2 0
github.com/convision/api/internal/transport/http/v1/middleware/branch.go:60.18,63.5 2 0
github.com/convision/api/internal/transport/http/v1/middleware/branch.go:64.4,64.18 1 0
github.com/convision/api/internal/transport/http/v1/middleware/branch.go:64.18,67.5 2 0
github.com/convision/api/internal/transport/http/v1/middleware/branch.go:70.3,71.11 2 0
github.com/convision/api/internal/transport/http/v1/middleware/branch.go:75.43,79.2 3 0
github.com/convision/api/internal/transport/http/v1/middleware/tenant_schema.go:18.27,18.49 1 0
github.com/convision/api/internal/transport/http/v1/middleware/tenant_schema.go:20.54,21.30 1 0
github.com/convision/api/internal/transport/http/v1/middleware/tenant_schema.go:21.30,25.61 3 0
github.com/convision/api/internal/transport/http/v1/middleware/tenant_schema.go:25.61,28.4 2 0
github.com/convision/api/internal/transport/http/v1/middleware/tenant_schema.go:31.3,32.82 2 0
github.com/convision/api/internal/transport/http/v1/middleware/tenant_schema.go:32.82,35.4 2 0
github.com/convision/api/internal/transport/http/v1/middleware/tenant_schema.go:37.3,38.22 2 0
github.com/convision/api/internal/transport/http/v1/middleware/tenant_schema.go:38.22,41.4 2 0
github.com/convision/api/internal/transport/http/v1/middleware/tenant_schema.go:44.3,44.88 1 0
github.com/convision/api/internal/transport/http/v1/middleware/tenant_schema.go:44.88,48.4 3 0
github.com/convision/api/internal/transport/http/v1/middleware/tenant_schema.go:50.3,52.16 2 0
github.com/convision/api/internal/transport/http/v1/middleware/tenant_schema.go:52.16,53.32 1 0
github.com/convision/api/internal/transport/http/v1/middleware/tenant_schema.go:53.32,55.13 2 0
github.com/convision/api/internal/transport/http/v1/middleware/tenant_schema.go:59.3,61.21 2 0
github.com/convision/api/internal/transport/http/v1/middleware/tenant_schema.go:61.21,63.4 1 0
github.com/convision/api/internal/transport/http/v1/middleware/tenant_schema.go:63.9,65.4 1 0
github.com/convision/api/internal/transport/http/v1/middleware/tenant_subdomain.go:18.87,19.30 1 0
github.com/convision/api/internal/transport/http/v1/middleware/tenant_subdomain.go:19.30,20.38 1 0
github.com/convision/api/internal/transport/http/v1/middleware/tenant_subdomain.go:20.38,22.18 2 0
github.com/convision/api/internal/transport/http/v1/middleware/tenant_subdomain.go:22.18,24.5 1 0
github.com/convision/api/internal/transport/http/v1/middleware/tenant_subdomain.go:25.4,25.23 1 0
github.com/convision/api/internal/transport/http/v1/middleware/tenant_subdomain.go:25.23,30.5 4 0
github.com/convision/api/internal/transport/http/v1/middleware/tenant_subdomain.go:31.4,33.46 3 0
github.com/convision/api/internal/transport/http/v1/middleware/tenant_subdomain.go:33.46,35.5 1 0
github.com/convision/api/internal/transport/http/v1/middleware/tenant_subdomain.go:36.4,39.10 4 0
github.com/convision/api/internal/transport/http/v1/middleware/tenant_subdomain.go:42.3,43.17 2 0
github.com/convision/api/internal/transport/http/v1/middleware/tenant_subdomain.go:43.17,45.4 1 0
github.com/convision/api/internal/transport/http/v1/middleware/tenant_subdomain.go:46.3,49.17 3 0
github.com/convision/api/internal/transport/http/v1/middleware/tenant_subdomain.go:49.17,52.4 2 0
github.com/convision/api/internal/transport/http/v1/middleware/tenant_subdomain.go:54.3,54.22 1 0
github.com/convision/api/internal/transport/http/v1/middleware/tenant_subdomain.go:54.22,59.4 4 0
github.com/convision/api/internal/transport/http/v1/middleware/tenant_subdomain.go:61.3,62.10 2 0
github.com/convision/api/internal/transport/http/v1/middleware/tenant_subdomain.go:62.10,65.4 2 0
github.com/convision/api/internal/transport/http/v1/middleware/tenant_subdomain.go:66.3,66.22 1 0
github.com/convision/api/internal/transport/http/v1/middleware/tenant_subdomain.go:66.22,69.4 2 0
github.com/convision/api/internal/transport/http/v1/middleware/tenant_subdomain.go:71.3,73.11 3 0
github.com/convision/api/internal/transport/http/v1/middleware/tenant_subdomain.go:77.50,78.24 1 0
github.com/convision/api/internal/transport/http/v1/middleware/tenant_subdomain.go:78.24,80.17 2 0
github.com/convision/api/internal/transport/http/v1/middleware/tenant_subdomain.go:80.17,82.4 1 0
github.com/convision/api/internal/transport/http/v1/middleware/tenant_subdomain.go:83.3,83.14 1 0
github.com/convision/api/internal/transport/http/v1/middleware/tenant_subdomain.go:85.2,86.38 2 0
github.com/convision/api/internal/transport/http/v1/middleware/tenant_subdomain.go:86.38,88.3 1 0
github.com/convision/api/internal/transport/http/v1/middleware/tenant_subdomain.go:89.2,90.37 2 0
github.com/convision/api/internal/transport/http/v1/middleware/tenant_subdomain.go:90.37,92.3 1 0
github.com/convision/api/internal/transport/http/v1/middleware/tenant_subdomain.go:93.2,93.15 1 0
github.com/convision/api/internal/transport/http/v1/middleware/tenant_subdomain.go:96.29,96.53 1 0
github.com/convision/api/internal/transport/http/v1/middleware/tenant_subdomain.go:98.27,98.49 1 0
github.com/convision/api/internal/transport/http/v1/middleware/tenant_subdomain.go:100.47,104.2 3 0
github.com/convision/api/internal/transport/http/v1/middleware/tenant_subdomain.go:106.43,110.2 3 0
github.com/convision/api/internal/transport/http/v1/handler.go:75.50,90.2 1 0
github.com/convision/api/internal/transport/http/v1/handler.go:92.59,94.26 2 0
github.com/convision/api/internal/transport/http/v1/handler.go:94.26,96.3 1 0
github.com/convision/api/internal/transport/http/v1/handler.go:97.2,97.12 1 0
github.com/convision/api/internal/transport/http/v1/handler.go:100.33,102.16 2 0
github.com/convision/api/internal/transport/http/v1/handler.go:102.16,104.3 1 0
github.com/convision/api/internal/transport/http/v1/handler.go:105.2,106.52 2 0
github.com/convision/api/internal/transport/http/v1/handler.go:106.52,108.3 1 0
github.com/convision/api/internal/transport/http/v1/handler.go:109.2,109.12 1 0
github.com/convision/api/internal/transport/http/v1/handler.go:196.12,238.2 1 0
github.com/convision/api/internal/transport/http/v1/handler.go:244.41,246.49 2 0
github.com/convision/api/internal/transport/http/v1/handler.go:246.49,249.3 2 0
github.com/convision/api/internal/transport/http/v1/handler.go:251.2,260.16 5 0
github.com/convision/api/internal/transport/http/v1/handler.go:260.16,262.32 2 0
github.com/convision/api/internal/transport/http/v1/handler.go:262.32,265.4 2 0
github.com/convision/api/internal/transport/http/v1/handler.go:266.3,267.9 2 0
github.com/convision/api/internal/transport/http/v1/handler.go:270.2,276.48 2 0
github.com/convision/api/internal/transport/http/v1/handler.go:276.48,283.3 1 0
github.com/convision/api/internal/transport/http/v1/handler.go:283.8,289.3 5 0
github.com/convision/api/internal/transport/http/v1/handler.go:290.2,290.33 1 0
github.com/convision/api/internal/transport/http/v1/handler.go:296.49,298.49 2 0
github.com/convision/api/internal/transport/http/v1/handler.go:298.49,301.3 2 0
github.com/convision/api/internal/transport/http/v1/handler.go:303.2,310.16 3 0
github.com/convision/api/internal/transport/http/v1/handler.go:310.16,313.3 2 0
github.com/convision/api/internal/transport/http/v1/handler.go:315.2,325.4 1 0
github.com/convision/api/internal/transport/http/v1/handler.go:330.50,335.49 2 0
github.com/convision/api/internal/transport/http/v1/handler.go:335.49,338.3 2 0
github.com/convision/api/internal/transport/http/v1/handler.go:339.2,339.48 1 0
github.com/convision/api/internal/transport/http/v1/handler.go:339.48,342.3 2 0
github.com/convision/api/internal/transport/http/v1/handler.go:344.2,345.9 2 0
github.com/convision/api/internal/transport/http/v1/handler.go:345.9,348.3 2 0
github.com/convision/api/internal/transport/http/v1/handler.go:350.2,351.84 2 0
github.com/convision/api/internal/transport/http/v1/handler.go:351.84,354.3 2 0
github.com/convision/api/internal/transport/http/v1/handler.go:356.2,356.82 1 0
github.com/convision/api/internal/transport/http/v1/handler.go:361.42,363.9 2 0
github.com/convision/api/internal/transport/http/v1/handler.go:363.9,366.3 2 0
github.com/convision/api/internal/transport/http/v1/handler.go:368.2,368.49 1 0
github.com/convision/api/internal/transport/http/v1/handler.go:368.49,371.3 2 0
github.com/convision/api/internal/transport/http/v1/handler.go:373.2,373.68 1 0
github.com/convision/api/internal/transport/http/v1/handler.go:378.38,380.9 2 0
github.com/convision/api/internal/transport/http/v1/handler.go:380.9,383.3 2 0
github.com/convision/api/internal/transport/http/v1/handler.go:385.2,386.16 2 0
github.com/convision/api/internal/transport/http/v1/handler.go:386.16,389.3 2 0
github.com/convision/api/internal/transport/http/v1/handler.go:391.2,391.60 1 0
github.com/convision/api/internal/transport/http/v1/handler.go:396.43,398.9 2 0
github.com/convision/api/internal/transport/http/v1/handler.go:398.9,401.3 2 0
github.com/convision/api/internal/transport/http/v1/handler.go:403.2,407.16 5 0
github.com/convision/api/internal/transport/http/v1/handler.go:407.16,409.32 2 0
github.com/convision/api/internal/transport/http/v1/handler.go:409.32,412.4 2 0
github.com/convision/api/internal/transport/http/v1/handler.go:413.3,414.9 2 0
github.com/convision/api/internal/transport/http/v1/handler.go:417.2,423.48 2 0
github.com/convision/api/internal/transport/http/v1/handler.go:423.48,430.3 1 0
github.com/convision/api/internal/transport/http/v1/handler.go:430.8,434.3 3 0
github.com/convision/api/internal/transport/http/v1/handler.go:435.2,435.33 1 0
github.com/convision/api/internal/transport/http/v1/handler.go:442.45,445.46 3 0
github.com/convision/api/internal/transport/http/v1/handler.go:445.46,448.3 2 0
github.com/convision/api/internal/transport/http/v1/handler.go:450.2,450.22 1 0
github.com/convision/api/internal/transport/http/v1/handler.go:450.22,452.3 1 0
github.com/convision/api/internal/transport/http/v1/handler.go:454.2,455.98 2 0
github.com/convision/api/internal/transport/http/v1/handler.go:455.98,456.74 1 0
github.com/convision/api/internal/transport/http/v1/handler.go:456.74,458.4 1 0
github.com/convision/api/internal/transport/http/v1/handler.go:462.2,462.38 1 0
github.com/convision/api/internal/transport/http/v1/handler.go:462.38,464.17 2 0
github.com/convision/api/internal/transport/http/v1/handler.go:464.17,467.4 2 0
github.com/convision/api/internal/transport/http/v1/handler.go:468.3,478.9 3 0
github.com/convision/api/internal/transport/http/v1/handler.go:481.2,482.16 2 0
github.com/convision/api/internal/transport/http/v1/handler.go:482.16,485.3 2 0
github.com/convision/api/internal/transport/http/v1/handler.go:487.2,499.4 1 0
github.com/convision/api/internal/transport/http/v1/handler.go:504.43,507.16 3 0
github.com/convision/api/internal/transport/http/v1/handler.go:507.16,509.3 1 0
github.com/convision/api/internal/transport/http/v1/handler.go:511.2,512.16 2 0
github.com/convision/api/internal/transport/http/v1/handler.go:512.16,515.3 2 0
github.com/convision/api/internal/transport/http/v1/handler.go:517.2,518.82 2 0
github.com/convision/api/internal/transport/http/v1/handler.go:518.82,520.17 2 0
github.com/convision/api/internal/transport/http/v1/handler.go:520.17,523.4 2 0
github.com/convision/api/internal/transport/http/v1/handler.go:524.3,525.29 2 0
github.com/convision/api/internal/transport/http/v1/handler.go:525.29,531.4 1 0
github.com/convision/api/internal/transport/http/v1/handler.go:534.2,534.28 1 0
github.com/convision/api/internal/transport/http/v1/handler.go:539.46,542.49 3 0
github.com/convision/api/internal/transport/http/v1/handler.go:542.49,545.3 2 0
github.com/convision/api/internal/transport/http/v1/handler.go:547.2,548.16 2 0
github.com/convision/api/internal/transport/http/v1/handler.go:548.16,551.3 2 0
github.com/convision/api/internal/transport/http/v1/handler.go:553.2,553.47 1 0
github.com/convision/api/internal/transport/http/v1/handler.go:558.46,561.16 3 0
github.com/convision/api/internal/transport/http/v1/handler.go:561.16,563.3 1 0
github.com/convision/api/internal/transport/http/v1/handler.go:565.2,566.49 2 0
github.com/convision/api/internal/transport/http/v1/handler.go:566.49,569.3 2 0
github.com/convision/api/internal/transport/http/v1/handler.go:571.2,572.16 2 0
github.com/convision/api/internal/transport/http/v1/handler.go:572.16,575.3 2 0
github.com/convision/api/internal/transport/http/v1/handler.go:577.2,577.42 1 0
github.com/convision/api/internal/transport/http/v1/handler.go:582.46,585.16 3 0
github.com/convision/api/internal/transport/http/v1/handler.go:585.16,587.3 1 0
github.com/convision/api/internal/transport/http/v1/handler.go:589.2,589.46 1 0
github.com/convision/api/internal/transport/http/v1/handler.go:589.46,592.3 2 0
github.com/convision/api/internal/transport/http/v1/handler.go:594.2,594.32 1 0
github.com/convision/api/internal/transport/http/v1/handler.go:601.51,605.23 4 0
github.com/convision/api/internal/transport/http/v1/handler.go:605.23,606.78 1 0
github.com/convision/api/internal/transport/http/v1/handler.go:606.78,608.4 1 0
github.com/convision/api/internal/transport/http/v1/handler.go:611.2,613.18 3 0
github.com/convision/api/internal/transport/http/v1/handler.go:613.18,615.3 1 0
github.com/convision/api/internal/transport/http/v1/handler.go:615.8,617.3 1 0
github.com/convision/api/internal/transport/http/v1/handler.go:619.2,619.16 1 0
github.com/convision/api/internal/transport/http/v1/handler.go:619.16,622.3 2 0
github.com/convision/api/internal/transport/http/v1/handler.go:623.2,623.62 1 0
github.com/convision/api/internal/transport/http/v1/handler.go:660.59,680.24 2 0
github.com/convision/api/internal/transport/http/v1/handler.go:680.24,683.3 2 0
github.com/convision/api/internal/transport/http/v1/handler.go:684.2,684.33 1 0
github.com/convision/api/internal/transport/http/v1/handler.go:684.33,686.3 1 0
github.com/convision/api/internal/transport/http/v1/handler.go:687.2,687.19 1 0
github.com/convision/api/internal/transport/http/v1/handler.go:687.19,689.3 1 0
github.com/convision/api/internal/transport/http/v1/handler.go:690.2,690.23 1 0
github.com/convision/api/internal/transport/http/v1/handler.go:690.23,692.3 1 0
github.com/convision/api/internal/transport/http/v1/handler.go:693.2,693.25 1 0
github.com/convision/api/internal/transport/http/v1/handler.go:693.25,695.3 1 0
github.com/convision/api/internal/transport/http/v1/handler.go:696.2,696.22 1 0
github.com/convision/api/internal/transport/http/v1/handler.go:696.22,698.3 1 0
github.com/convision/api/internal/transport/http/v1/handler.go:699.2,699.30 1 0
github.com/convision/api/internal/transport/http/v1/handler.go:699.30,701.3 1 0
github.com/convision/api/internal/transport/http/v1/handler.go:702.2,702.30 1 0
github.com/convision/api/internal/transport/http/v1/handler.go:702.30,704.3 1 0
github.com/convision/api/internal/transport/http/v1/handler.go:705.2,705.27 1 0
github.com/convision/api/internal/transport/http/v1/handler.go:705.27,707.3 1 0
github.com/convision/api/internal/transport/http/v1/handler.go:708.2,708.29 1 0
github.com/convision/api/internal/transport/http/v1/handler.go:708.29,710.3 1 0
github.com/convision/api/internal/transport/http/v1/handler.go:711.2,711.26 1 0
github.com/convision/api/internal/transport/http/v1/handler.go:711.26,713.3 1 0
github.com/convision/api/internal/transport/http/v1/handler.go:714.2,714.10 1 0
github.com/convision/api/internal/transport/http/v1/handler.go:717.71,719.29 2 0
github.com/convision/api/internal/transport/http/v1/handler.go:719.29,721.3 1 0
github.com/convision/api/internal/transport/http/v1/handler.go:722.2,722.12 1 0
github.com/convision/api/internal/transport/http/v1/handler.go:727.48,729.46 2 0
github.com/convision/api/internal/transport/http/v1/handler.go:729.46,732.3 2 0
github.com/convision/api/internal/transport/http/v1/handler.go:733.2,735.16 3 0
github.com/convision/api/internal/transport/http/v1/handler.go:735.16,738.3 2 0
github.com/convision/api/internal/transport/http/v1/handler.go:739.2,751.4 1 0
github.com/convision/api/internal/transport/http/v1/handler.go:756.46,759.16 3 0
github.com/convision/api/internal/transport/http/v1/handler.go:759.16,761.3 1 0
github.com/convision/api/internal/transport/http/v1/handler.go:763.2,764.16 2 0
github.com/convision/api/internal/transport/http/v1/handler.go:764.16,767.3 2 0
github.com/convision/api/internal/transport/http/v1/handler.go:768.2,768.45 1 0
github.com/convision/api/internal/transport/http/v1/handler.go:773.49,776.49 3 0
github.com/convision/api/internal/transport/http/v1/handler.go:776.49,779.3 2 0
github.com/convision/api/internal/transport/http/v1/handler.go:781.2,782.16 2 0
github.com/convision/api/internal/transport/http/v1/handler.go:782.16,785.3 2 0
github.com/convision/api/internal/transport/http/v1/handler.go:786.2,786.50 1 0
github.com/convision/api/internal/transport/http/v1/handler.go:791.49,794.16 3 0
github.com/convision/api/internal/transport/http/v1/handler.go:794.16,796.3 1 0
github.com/convision/api/internal/transport/http/v1/handler.go:798.2,799.49 2 0
github.com/convision/api/internal/transport/http/v1/handler.go:799.49,802.3 2 0
github.com/convision/api/internal/transport/http/v1/handler.go:804.2,805.16 2 0
github.com/convision/api/internal/transport/http/v1/handler.go:805.16,808.3 2 0
github.com/convision/api/internal/transport/http/v1/handler.go:809.2,809.45 1 0
github.com/convision/api/internal/transport/http/v1/handler.go:814.49,817.16 3 0
github.com/convision/api/internal/transport/http/v1/handler.go:817.16,819.3 1 0
github.com/convision/api/internal/transport/http/v1/handler.go:821.2,821.49 1 0
github.com/convision/api/internal/transport/http/v1/handler.go:821.49,824.3 2 0
github.com/convision/api/internal/transport/http/v1/handler.go:825.2,825.32 1 0
github.com/convision/api/internal/transport/http/v1/handler.go:830.58,833.16 3 0
github.com/convision/api/internal/transport/http/v1/handler.go:833.16,836.3 2 0
github.com/convision/api/internal/transport/http/v1/handler.go:837.2,837.21 1 0
github.com/convision/api/internal/transport/http/v1/handler.go:840.50,842.15 2 0
github.com/convision/api/internal/transport/http/v1/handler.go:842.15,844.3 1 0
github.com/convision/api/internal/transport/http/v1/handler.go:845.2,845.32 1 0
github.com/convision/api/internal/transport/http/v1/handler.go:845.32,848.3 2 0
github.com/convision/api/internal/transport/http/v1/handler.go:849.2,850.16 2 0
github.com/convision/api/internal/transport/http/v1/handler.go:850.16,852.3 1 0
github.com/convision/api/internal/transport/http/v1/handler.go:853.2,854.11 2 0
github.com/convision/api/internal/transport/http/v1/handler.go:858.47,861.2 2 0
github.com/convision/api/internal/transport/http/v1/handler.go:864.46,866.31 2 0
github.com/convision/api/internal/transport/http/v1/handler.go:866.31,869.3 2 0
github.com/convision/api/internal/transport/http/v1/handler.go:871.2,872.31 2 0
github.com/convision/api/internal/transport/http/v1/handler.go:872.31,875.3 2 0
github.com/convision/api/internal/transport/http/v1/handler.go:877.2,878.35 2 0
github.com/convision/api/internal/transport/http/v1/handler.go:878.35,881.3 2 0
github.com/convision/api/internal/transport/http/v1/handler.go:883.2,884.33 2 0
github.com/convision/api/internal/transport/http/v1/handler.go:884.33,887.3 2 0
github.com/convision/api/internal/transport/http/v1/handler.go:889.2,890.33 2 0
github.com/convision/api/internal/transport/http/v1/handler.go:890.33,897.3 2 0
github.com/convision/api/internal/transport/http/v1/handler.go:899.2,899.83 1 0
github.com/convision/api/internal/transport/http/v1/handler_appointment.go:53.64,54.14 1 0
github.com/convision/api/internal/transport/http/v1/handler_appointment.go:54.14,56.3 1 0
github.com/convision/api/internal/transport/http/v1/handler_appointment.go:57.2,85.19 2 0
github.com/convision/api/internal/transport/http/v1/handler_appointment.go:85.19,88.3 2 0
github.com/convision/api/internal/transport/http/v1/handler_appointment.go:88.8,90.3 1 0
github.com/convision/api/internal/transport/http/v1/handler_appointment.go:91.2,91.12 1 0
github.com/convision/api/internal/transport/http/v1/handler_appointment.go:94.45,95.13 1 0
github.com/convision/api/internal/transport/http/v1/handler_appointment.go:95.13,97.3 1 0
github.com/convision/api/internal/transport/http/v1/handler_appointment.go:98.2,99.54 2 0
github.com/convision/api/internal/transport/http/v1/handler_appointment.go:99.54,101.3 1 0
github.com/convision/api/internal/transport/http/v1/handler_appointment.go:102.2,102.27 1 0
github.com/convision/api/internal/transport/http/v1/handler_appointment.go:105.39,106.13 1 0
github.com/convision/api/internal/transport/http/v1/handler_appointment.go:106.13,108.3 1 0
github.com/convision/api/internal/transport/http/v1/handler_appointment.go:109.2,109.11 1 0
github.com/convision/api/internal/transport/http/v1/handler_appointment.go:112.71,136.26 2 0
github.com/convision/api/internal/transport/http/v1/handler_appointment.go:136.26,139.3 2 0
github.com/convision/api/internal/transport/http/v1/handler_appointment.go:140.2,140.36 1 0
github.com/convision/api/internal/transport/http/v1/handler_appointment.go:140.36,142.3 1 0
github.com/convision/api/internal/transport/http/v1/handler_appointment.go:143.2,143.37 1 0
github.com/convision/api/internal/transport/http/v1/handler_appointment.go:143.37,145.3 1 0
github.com/convision/api/internal/transport/http/v1/handler_appointment.go:146.2,146.22 1 0
github.com/convision/api/internal/transport/http/v1/handler_appointment.go:146.22,149.3 2 0
github.com/convision/api/internal/transport/http/v1/handler_appointment.go:150.2,150.21 1 0
github.com/convision/api/internal/transport/http/v1/handler_appointment.go:150.21,161.3 2 0
github.com/convision/api/internal/transport/http/v1/handler_appointment.go:162.2,162.25 1 0
github.com/convision/api/internal/transport/http/v1/handler_appointment.go:162.25,165.3 2 0
github.com/convision/api/internal/transport/http/v1/handler_appointment.go:166.2,166.27 1 0
github.com/convision/api/internal/transport/http/v1/handler_appointment.go:166.27,169.3 2 0
github.com/convision/api/internal/transport/http/v1/handler_appointment.go:170.2,170.22 1 0
github.com/convision/api/internal/transport/http/v1/handler_appointment.go:170.22,173.3 2 0
github.com/convision/api/internal/transport/http/v1/handler_appointment.go:175.2,175.10 1 0
github.com/convision/api/internal/transport/http/v1/handler_appointment.go:178.87,180.33 2 0
github.com/convision/api/internal/transport/http/v1/handler_appointment.go:180.33,182.3 1 0
github.com/convision/api/internal/transport/http/v1/handler_appointment.go:183.2,183.12 1 0
github.com/convision/api/internal/transport/http/v1/handler_appointment.go:188.52,190.46 2 0
github.com/convision/api/internal/transport/http/v1/handler_appointment.go:190.46,193.3 2 0
github.com/convision/api/internal/transport/http/v1/handler_appointment.go:195.2,196.59 2 0
github.com/convision/api/internal/transport/http/v1/handler_appointment.go:196.59,197.21 1 0
github.com/convision/api/internal/transport/http/v1/handler_appointment.go:197.21,199.4 1 0
github.com/convision/api/internal/transport/http/v1/handler_appointment.go:199.9,201.4 1 0
github.com/convision/api/internal/transport/http/v1/handler_appointment.go:203.2,203.18 1 0
github.com/convision/api/internal/transport/http/v1/handler_appointment.go:203.18,206.3 2 0
github.com/convision/api/internal/transport/http/v1/handler_appointment.go:208.2,210.16 3 0
github.com/convision/api/internal/transport/http/v1/handler_appointment.go:210.16,213.3 2 0
github.com/convision/api/internal/transport/http/v1/handler_appointment.go:214.2,226.4 1 0
github.com/convision/api/internal/transport/http/v1/handler_appointment.go:231.50,234.16 3 0
github.com/convision/api/internal/transport/http/v1/handler_appointment.go:234.16,236.3 1 0
github.com/convision/api/internal/transport/http/v1/handler_appointment.go:238.2,239.16 2 0
github.com/convision/api/internal/transport/http/v1/handler_appointment.go:239.16,242.3 2 0
github.com/convision/api/internal/transport/http/v1/handler_appointment.go:243.2,243.49 1 0
github.com/convision/api/internal/transport/http/v1/handler_appointment.go:250.101,251.23 1 0
github.com/convision/api/internal/transport/http/v1/handler_appointment.go:251.23,253.3 1 0
github.com/convision/api/internal/transport/http/v1/handler_appointment.go:254.2,256.16 3 0
github.com/convision/api/internal/transport/http/v1/handler_appointment.go:256.16,259.3 2 0
github.com/convision/api/internal/transport/http/v1/handler_appointment.go:260.2,260.23 1 0
github.com/convision/api/internal/transport/http/v1/handler_appointment.go:260.23,263.3 2 0
github.com/convision/api/internal/transport/http/v1/handler_appointment.go:264.2,264.19 1 0
github.com/convision/api/internal/transport/http/v1/handler_appointment.go:264.19,266.3 1 0
github.com/convision/api/internal/transport/http/v1/handler_appointment.go:267.2,267.28 1 0
github.com/convision/api/internal/transport/http/v1/handler_appointment.go:267.28,268.29 1 0
github.com/convision/api/internal/transport/http/v1/handler_appointment.go:268.29,270.4 1 0
github.com/convision/api/internal/transport/http/v1/handler_appointment.go:272.2,273.14 2 0
github.com/convision/api/internal/transport/http/v1/handler_appointment.go:278.53,281.49 3 0
github.com/convision/api/internal/transport/http/v1/handler_appointment.go:281.49,284.3 2 0
github.com/convision/api/internal/transport/http/v1/handler_appointment.go:286.2,287.9 2 0
github.com/convision/api/internal/transport/http/v1/handler_appointment.go:287.9,290.3 2 0
github.com/convision/api/internal/transport/http/v1/handler_appointment.go:292.2,294.56 2 0
github.com/convision/api/internal/transport/http/v1/handler_appointment.go:294.56,296.3 1 0
github.com/convision/api/internal/transport/http/v1/handler_appointment.go:298.2,298.58 1 0
github.com/convision/api/internal/transport/http/v1/handler_appointment.go:298.58,299.76 1 0
github.com/convision/api/internal/transport/http/v1/handler_appointment.go:299.76,301.4 1 0
github.com/convision/api/internal/transport/http/v1/handler_appointment.go:304.2,305.16 2 0
github.com/convision/api/internal/transport/http/v1/handler_appointment.go:305.16,308.3 2 0
github.com/convision/api/internal/transport/http/v1/handler_appointment.go:309.2,309.54 1 0
github.com/convision/api/internal/transport/http/v1/handler_appointment.go:314.53,317.16 3 0
github.com/convision/api/internal/transport/http/v1/handler_appointment.go:317.16,319.3 1 0
github.com/convision/api/internal/transport/http/v1/handler_appointment.go:321.2,322.49 2 0
github.com/convision/api/internal/transport/http/v1/handler_appointment.go:322.49,325.3 2 0
github.com/convision/api/internal/transport/http/v1/handler_appointment.go:327.2,327.58 1 0
github.com/convision/api/internal/transport/http/v1/handler_appointment.go:327.58,329.18 2 0
github.com/convision/api/internal/transport/http/v1/handler_appointment.go:329.18,332.4 2 0
github.com/convision/api/internal/transport/http/v1/handler_appointment.go:333.3,333.79 1 0
github.com/convision/api/internal/transport/http/v1/handler_appointment.go:333.79,335.4 1 0
github.com/convision/api/internal/transport/http/v1/handler_appointment.go:338.2,339.16 2 0
github.com/convision/api/internal/transport/http/v1/handler_appointment.go:339.16,342.3 2 0
github.com/convision/api/internal/transport/http/v1/handler_appointment.go:343.2,343.49 1 0
github.com/convision/api/internal/transport/http/v1/handler_appointment.go:348.53,351.16 3 0
github.com/convision/api/internal/transport/http/v1/handler_appointment.go:351.16,353.3 1 0
github.com/convision/api/internal/transport/http/v1/handler_appointment.go:355.2,355.53 1 0
github.com/convision/api/internal/transport/http/v1/handler_appointment.go:355.53,358.3 2 0
github.com/convision/api/internal/transport/http/v1/handler_appointment.go:359.2,359.32 1 0
github.com/convision/api/internal/transport/http/v1/handler_appointment.go:364.51,367.16 3 0
github.com/convision/api/internal/transport/http/v1/handler_appointment.go:367.16,369.3 1 0
github.com/convision/api/internal/transport/http/v1/handler_appointment.go:371.2,372.9 2 0
github.com/convision/api/internal/transport/http/v1/handler_appointment.go:372.9,375.3 2 0
github.com/convision/api/internal/transport/http/v1/handler_appointment.go:377.2,378.16 2 0
github.com/convision/api/internal/transport/http/v1/handler_appointment.go:378.16,381.3 2 0
github.com/convision/api/internal/transport/http/v1/handler_appointment.go:382.2,382.49 1 0
github.com/convision/api/internal/transport/http/v1/handler_appointment.go:387.52,390.16 3 0
github.com/convision/api/internal/transport/http/v1/handler_appointment.go:390.16,392.3 1 0
github.com/convision/api/internal/transport/http/v1/handler_appointment.go:394.2,395.16 2 0
github.com/convision/api/internal/transport/http/v1/handler_appointment.go:395.16,398.3 2 0
github.com/convision/api/internal/transport/http/v1/handler_appointment.go:399.2,399.49 1 0
github.com/convision/api/internal/transport/http/v1/handler_appointment.go:404.53,407.16 3 0
github.com/convision/api/internal/transport/http/v1/handler_appointment.go:407.16,409.3 1 0
github.com/convision/api/internal/transport/http/v1/handler_appointment.go:411.2,412.16 2 0
github.com/convision/api/internal/transport/http/v1/handler_appointment.go:412.16,415.3 2 0
github.com/convision/api/internal/transport/http/v1/handler_appointment.go:416.2,416.49 1 0
github.com/convision/api/internal/transport/http/v1/handler_appointment.go:421.62,424.16 3 0
github.com/convision/api/internal/transport/http/v1/handler_appointment.go:424.16,426.3 1 0
github.com/convision/api/internal/transport/http/v1/handler_appointment.go:428.2,429.49 2 0
github.com/convision/api/internal/transport/http/v1/handler_appointment.go:429.49,432.3 2 0
github.com/convision/api/internal/transport/http/v1/handler_appointment.go:434.2,435.16 2 0
github.com/convision/api/internal/transport/http/v1/handler_appointment.go:435.16,438.3 2 0
github.com/convision/api/internal/transport/http/v1/handler_appointment.go:439.2,439.49 1 0
github.com/convision/api/internal/transport/http/v1/handler_appointment.go:444.64,449.44 4 0
github.com/convision/api/internal/transport/http/v1/handler_appointment.go:449.44,452.3 2 0
github.com/convision/api/internal/transport/http/v1/handler_appointment.go:454.2,455.37 2 0
github.com/convision/api/internal/transport/http/v1/handler_appointment.go:455.37,458.3 2 0
github.com/convision/api/internal/transport/http/v1/handler_appointment.go:460.2,461.16 2 0
github.com/convision/api/internal/transport/http/v1/handler_appointment.go:461.16,464.3 2 0
github.com/convision/api/internal/transport/http/v1/handler_appointment.go:466.2,467.16 2 0
github.com/convision/api/internal/transport/http/v1/handler_appointment.go:467.16,470.3 2 0
github.com/convision/api/internal/transport/http/v1/handler_appointment.go:472.2,472.54 1 0
github.com/convision/api/internal/transport/http/v1/handler_appointment.go:477.53,480.16 3 0
github.com/convision/api/internal/transport/http/v1/handler_appointment.go:480.16,482.3 1 0
github.com/convision/api/internal/transport/http/v1/handler_appointment.go:484.2,485.16 2 0
github.com/convision/api/internal/transport/http/v1/handler_appointment.go:485.16,488.3 2 0
github.com/convision/api/internal/transport/http/v1/handler_appointment.go:490.2,494.4 1 0
github.com/convision/api/internal/transport/http/v1/handler_appointment.go:497.54,500.16 3 0
github.com/convision/api/internal/transport/http/v1/handler_appointment.go:500.16,502.3 1 0
github.com/convision/api/internal/transport/http/v1/handler_appointment.go:504.2,505.49 2 0
github.com/convision/api/internal/transport/http/v1/handler_appointment.go:505.49,508.3 2 0
github.com/convision/api/internal/transport/http/v1/handler_appointment.go:510.2,511.16 2 0
github.com/convision/api/internal/transport/http/v1/handler_appointment.go:511.16,514.3 2 0
github.com/convision/api/internal/transport/http/v1/handler_appointment.go:516.2,520.4 1 0
github.com/convision/api/internal/transport/http/v1/handler_appointment_clinical_record.go:18.64,21.16 3 0
github.com/convision/api/internal/transport/http/v1/handler_appointment_clinical_record.go:21.16,23.3 1 0
github.com/convision/api/internal/transport/http/v1/handler_appointment_clinical_record.go:25.2,26.16 2 0
github.com/convision/api/internal/transport/http/v1/handler_appointment_clinical_record.go:26.16,29.3 2 0
github.com/convision/api/internal/transport/http/v1/handler_appointment_clinical_record.go:30.2,30.28 1 0
github.com/convision/api/internal/transport/http/v1/handler_appointment_clinical_record.go:38.66,41.16 3 0
github.com/convision/api/internal/transport/http/v1/handler_appointment_clinical_record.go:41.16,43.3 1 0
github.com/convision/api/internal/transport/http/v1/handler_appointment_clinical_record.go:45.2,46.16 2 0
github.com/convision/api/internal/transport/http/v1/handler_appointment_clinical_record.go:46.16,49.3 2 0
github.com/convision/api/internal/transport/http/v1/handler_appointment_clinical_record.go:50.2,50.28 1 0
github.com/convision/api/internal/transport/http/v1/handler_appointment_clinical_record.go:55.67,58.16 3 0
github.com/convision/api/internal/transport/http/v1/handler_appointment_clinical_record.go:58.16,60.3 1 0
github.com/convision/api/internal/transport/http/v1/handler_appointment_clinical_record.go:62.2,63.9 2 0
github.com/convision/api/internal/transport/http/v1/handler_appointment_clinical_record.go:63.9,66.3 2 0
github.com/convision/api/internal/transport/http/v1/handler_appointment_clinical_record.go:68.2,69.16 2 0
github.com/convision/api/internal/transport/http/v1/handler_appointment_clinical_record.go:69.16,72.3 2 0
github.com/convision/api/internal/transport/http/v1/handler_appointment_clinical_record.go:74.2,80.30 4 0
github.com/convision/api/internal/transport/http/v1/handler_appointment_clinical_record.go:80.30,82.3 1 0
github.com/convision/api/internal/transport/http/v1/handler_appointment_clinical_record.go:84.2,93.16 3 0
github.com/convision/api/internal/transport/http/v1/handler_appointment_clinical_record.go:93.16,96.3 2 0
github.com/convision/api/internal/transport/http/v1/handler_appointment_clinical_record.go:97.2,97.33 1 0
github.com/convision/api/internal/transport/http/v1/handler_appointment_clinical_record.go:102.63,105.16 3 0
github.com/convision/api/internal/transport/http/v1/handler_appointment_clinical_record.go:105.16,107.3 1 0
github.com/convision/api/internal/transport/http/v1/handler_appointment_clinical_record.go:109.2,110.49 2 0
github.com/convision/api/internal/transport/http/v1/handler_appointment_clinical_record.go:110.49,113.3 2 0
github.com/convision/api/internal/transport/http/v1/handler_appointment_clinical_record.go:115.2,116.16 2 0
github.com/convision/api/internal/transport/http/v1/handler_appointment_clinical_record.go:116.16,117.52 1 0
github.com/convision/api/internal/transport/http/v1/handler_appointment_clinical_record.go:117.52,121.4 3 0
github.com/convision/api/internal/transport/http/v1/handler_appointment_clinical_record.go:122.3,123.9 2 0
github.com/convision/api/internal/transport/http/v1/handler_appointment_clinical_record.go:126.2,126.91 1 0
github.com/convision/api/internal/transport/http/v1/handler_appointment_clinical_record.go:126.91,129.3 2 0
github.com/convision/api/internal/transport/http/v1/handler_appointment_clinical_record.go:131.2,132.32 2 0
github.com/convision/api/internal/transport/http/v1/handler_appointment_clinical_record.go:137.62,140.16 3 0
github.com/convision/api/internal/transport/http/v1/handler_appointment_clinical_record.go:140.16,142.3 1 0
github.com/convision/api/internal/transport/http/v1/handler_appointment_clinical_record.go:144.2,145.49 2 0
github.com/convision/api/internal/transport/http/v1/handler_appointment_clinical_record.go:145.49,148.3 2 0
github.com/convision/api/internal/transport/http/v1/handler_appointment_clinical_record.go:150.2,151.16 2 0
github.com/convision/api/internal/transport/http/v1/handler_appointment_clinical_record.go:151.16,152.45 1 0
github.com/convision/api/internal/transport/http/v1/handler_appointment_clinical_record.go:152.45,155.4 2 0
github.com/convision/api/internal/transport/http/v1/handler_appointment_clinical_record.go:156.3,157.9 2 0
github.com/convision/api/internal/transport/http/v1/handler_appointment_clinical_record.go:160.2,160.90 1 0
github.com/convision/api/internal/transport/http/v1/handler_appointment_clinical_record.go:160.90,163.3 2 0
github.com/convision/api/internal/transport/http/v1/handler_appointment_clinical_record.go:165.2,166.32 2 0
github.com/convision/api/internal/transport/http/v1/handler_appointment_clinical_record.go:171.65,174.16 3 0
github.com/convision/api/internal/transport/http/v1/handler_appointment_clinical_record.go:174.16,176.3 1 0
github.com/convision/api/internal/transport/http/v1/handler_appointment_clinical_record.go:178.2,179.49 2 0
github.com/convision/api/internal/transport/http/v1/handler_appointment_clinical_record.go:179.49,182.3 2 0
github.com/convision/api/internal/transport/http/v1/handler_appointment_clinical_record.go:184.2,185.16 2 0
github.com/convision/api/internal/transport/http/v1/handler_appointment_clinical_record.go:185.16,186.45 1 0
github.com/convision/api/internal/transport/http/v1/handler_appointment_clinical_record.go:186.45,189.4 2 0
github.com/convision/api/internal/transport/http/v1/handler_appointment_clinical_record.go:190.3,191.9 2 0
github.com/convision/api/internal/transport/http/v1/handler_appointment_clinical_record.go:194.2,194.93 1 0
github.com/convision/api/internal/transport/http/v1/handler_appointment_clinical_record.go:194.93,197.3 2 0
github.com/convision/api/internal/transport/http/v1/handler_appointment_clinical_record.go:199.2,200.32 2 0
github.com/convision/api/internal/transport/http/v1/handler_appointment_clinical_record.go:205.65,208.16 3 0
github.com/convision/api/internal/transport/http/v1/handler_appointment_clinical_record.go:208.16,210.3 1 0
github.com/convision/api/internal/transport/http/v1/handler_appointment_clinical_record.go:212.2,218.16 4 0
github.com/convision/api/internal/transport/http/v1/handler_appointment_clinical_record.go:218.16,219.45 1 0
github.com/convision/api/internal/transport/http/v1/handler_appointment_clinical_record.go:219.45,222.4 2 0
github.com/convision/api/internal/transport/http/v1/handler_appointment_clinical_record.go:223.3,224.9 2 0
github.com/convision/api/internal/transport/http/v1/handler_appointment_clinical_record.go:227.2,227.50 1 0
github.com/convision/api/internal/transport/http/v1/handler_appointment_clinical_record.go:227.50,228.86 1 0
github.com/convision/api/internal/transport/http/v1/handler_appointment_clinical_record.go:228.86,230.4 1 0
github.com/convision/api/internal/transport/http/v1/handler_appointment_clinical_record.go:235.3,236.74 2 0
github.com/convision/api/internal/transport/http/v1/handler_appointment_clinical_record.go:236.74,238.4 1 0
github.com/convision/api/internal/transport/http/v1/handler_appointment_clinical_record.go:239.3,239.13 1 0
github.com/convision/api/internal/transport/http/v1/handler_appointment_clinical_record.go:241.2,241.18 1 0
github.com/convision/api/internal/transport/http/v1/handler_appointment_clinical_record.go:241.18,244.3 2 0
github.com/convision/api/internal/transport/http/v1/handler_appointment_clinical_record.go:246.2,247.32 2 0
github.com/convision/api/internal/transport/http/v1/handler_appointment_clinical_record.go:252.62,255.16 3 0
github.com/convision/api/internal/transport/http/v1/handler_appointment_clinical_record.go:255.16,257.3 1 0
github.com/convision/api/internal/transport/http/v1/handler_appointment_clinical_record.go:259.2,260.49 2 0
github.com/convision/api/internal/transport/http/v1/handler_appointment_clinical_record.go:260.49,263.3 2 0
github.com/convision/api/internal/transport/http/v1/handler_appointment_clinical_record.go:265.2,266.16 2 0
github.com/convision/api/internal/transport/http/v1/handler_appointment_clinical_record.go:266.16,267.52 1 0
github.com/convision/api/internal/transport/http/v1/handler_appointment_clinical_record.go:267.52,271.4 3 0
github.com/convision/api/internal/transport/http/v1/handler_appointment_clinical_record.go:272.3,273.9 2 0
github.com/convision/api/internal/transport/http/v1/handler_appointment_clinical_record.go:276.2,276.90 1 0
github.com/convision/api/internal/transport/http/v1/handler_appointment_clinical_record.go:276.90,279.3 2 0
github.com/convision/api/internal/transport/http/v1/handler_appointment_clinical_record.go:281.2,282.32 2 0
github.com/convision/api/internal/transport/http/v1/handler_branch.go:24.56,35.2 1 0
github.com/convision/api/internal/transport/http/v1/handler_branch.go:37.48,40.16 3 0
github.com/convision/api/internal/transport/http/v1/handler_branch.go:40.16,43.3 2 0
github.com/convision/api/internal/transport/http/v1/handler_branch.go:44.2,45.29 2 0
github.com/convision/api/internal/transport/http/v1/handler_branch.go:45.29,47.3 1 0
github.com/convision/api/internal/transport/http/v1/handler_branch.go:48.2,48.43 1 0
github.com/convision/api/internal/transport/http/v1/handler_branch.go:51.45,54.16 3 0
github.com/convision/api/internal/transport/http/v1/handler_branch.go:54.16,56.3 1 0
github.com/convision/api/internal/transport/http/v1/handler_branch.go:57.2,58.16 2 0
github.com/convision/api/internal/transport/http/v1/handler_branch.go:58.16,61.3 2 0
github.com/convision/api/internal/transport/http/v1/handler_branch.go:62.2,62.44 1 0
github.com/convision/api/internal/transport/http/v1/handler_branch.go:65.48,68.49 3 0
github.com/convision/api/internal/transport/http/v1/handler_branch.go:68.49,71.3 2 0
github.com/convision/api/internal/transport/http/v1/handler_branch.go:72.2,73.16 2 0
github.com/convision/api/internal/transport/http/v1/handler_branch.go:73.16,76.3 2 0
github.com/convision/api/internal/transport/http/v1/handler_branch.go:77.2,77.49 1 0
github.com/convision/api/internal/transport/http/v1/handler_branch.go:80.48,83.16 3 0
github.com/convision/api/internal/transport/http/v1/handler_branch.go:83.16,85.3 1 0
github.com/convision/api/internal/transport/http/v1/handler_branch.go:86.2,87.49 2 0
github.com/convision/api/internal/transport/http/v1/handler_branch.go:87.49,90.3 2 0
github.com/convision/api/internal/transport/http/v1/handler_branch.go:91.2,92.16 2 0
github.com/convision/api/internal/transport/http/v1/handler_branch.go:92.16,95.3 2 0
github.com/convision/api/internal/transport/http/v1/handler_branch.go:96.2,96.44 1 0
github.com/convision/api/internal/transport/http/v1/handler_branch.go:99.54,103.16 4 0
github.com/convision/api/internal/transport/http/v1/handler_branch.go:103.16,106.3 2 0
github.com/convision/api/internal/transport/http/v1/handler_branch.go:107.2,109.49 3 0
github.com/convision/api/internal/transport/http/v1/handler_branch.go:109.49,112.3 2 0
github.com/convision/api/internal/transport/http/v1/handler_branch.go:113.2,113.71 1 0
github.com/convision/api/internal/transport/http/v1/handler_branch.go:113.71,116.3 2 0
github.com/convision/api/internal/transport/http/v1/handler_branch.go:117.2,117.74 1 0
github.com/convision/api/internal/transport/http/v1/handler_bulk_import.go:20.46,22.19 2 0
github.com/convision/api/internal/transport/http/v1/handler_bulk_import.go:22.19,28.3 2 0
github.com/convision/api/internal/transport/http/v1/handler_bulk_import.go:29.2,29.56 1 0
github.com/convision/api/internal/transport/http/v1/handler_bulk_import.go:34.54,36.2 1 0
github.com/convision/api/internal/transport/http/v1/handler_bulk_import.go:40.53,42.2 1 0
github.com/convision/api/internal/transport/http/v1/handler_bulk_import.go:46.67,48.2 1 0
github.com/convision/api/internal/transport/http/v1/handler_bulk_import.go:52.52,54.2 1 0
github.com/convision/api/internal/transport/http/v1/handler_bulk_import.go:58.56,60.2 1 0
github.com/convision/api/internal/transport/http/v1/handler_bulk_import.go:64.55,66.2 1 0
github.com/convision/api/internal/transport/http/v1/handler_bulk_import.go:70.53,74.14 4 0
github.com/convision/api/internal/transport/http/v1/handler_bulk_import.go:74.14,76.3 1 0
github.com/convision/api/internal/transport/http/v1/handler_bulk_import.go:77.2,77.34 1 0
github.com/convision/api/internal/transport/http/v1/handler_bulk_import.go:77.34,79.3 1 0
github.com/convision/api/internal/transport/http/v1/handler_bulk_import.go:81.2,83.16 3 0
github.com/convision/api/internal/transport/http/v1/handler_bulk_import.go:83.16,86.3 2 0
github.com/convision/api/internal/transport/http/v1/handler_bulk_import.go:88.2,93.4 1 0
github.com/convision/api/internal/transport/http/v1/handler_bulk_import.go:96.87,98.68 2 0
github.com/convision/api/internal/transport/http/v1/handler_bulk_import.go:98.68,100.35 2 0
github.com/convision/api/internal/transport/http/v1/handler_bulk_import.go:100.35,102.4 1 0
github.com/convision/api/internal/transport/http/v1/handler_bulk_import.go:102.9,104.4 1 0
github.com/convision/api/internal/transport/http/v1/handler_bulk_import.go:105.3,105.9 1 0
github.com/convision/api/internal/transport/http/v1/handler_bulk_import.go:108.2,109.16 2 0
github.com/convision/api/internal/transport/http/v1/handler_bulk_import.go:109.16,112.3 2 0
github.com/convision/api/internal/transport/http/v1/handler_bulk_import.go:114.2,115.19 2 0
github.com/convision/api/internal/transport/http/v1/handler_bulk_import.go:115.19,118.3 2 0
github.com/convision/api/internal/transport/http/v1/handler_bulk_import.go:119.2,120.52 2 0
github.com/convision/api/internal/transport/http/v1/handler_bulk_import.go:120.52,123.3 2 0
github.com/convision/api/internal/transport/http/v1/handler_bulk_import.go:125.2,128.44 3 0
github.com/convision/api/internal/transport/http/v1/handler_bulk_import.go:128.44,130.3 1 0
github.com/convision/api/internal/transport/http/v1/handler_bulk_import.go:132.2,133.16 2 0
github.com/convision/api/internal/transport/http/v1/handler_bulk_import.go:133.16,136.3 2 0
github.com/convision/api/internal/transport/http/v1/handler_bulk_import.go:138.2,139.44 2 0
github.com/convision/api/internal/transport/http/v1/handler_bulk_import.go:139.44,142.3 2 0
github.com/convision/api/internal/transport/http/v1/handler_bulk_import.go:144.2,156.31 3 0
github.com/convision/api/internal/transport/http/v1/handler_cash_register_close.go:51.49,52.14 1 0
github.com/convision/api/internal/transport/http/v1/handler_cash_register_close.go:52.14,54.3 1 0
github.com/convision/api/internal/transport/http/v1/handler_cash_register_close.go:55.2,56.11 2 0
github.com/convision/api/internal/transport/http/v1/handler_cash_register_close.go:59.76,61.27 2 0
github.com/convision/api/internal/transport/http/v1/handler_cash_register_close.go:61.27,63.3 1 0
github.com/convision/api/internal/transport/http/v1/handler_cash_register_close.go:65.2,66.34 2 0
github.com/convision/api/internal/transport/http/v1/handler_cash_register_close.go:66.34,71.3 1 0
github.com/convision/api/internal/transport/http/v1/handler_cash_register_close.go:73.2,74.39 2 0
github.com/convision/api/internal/transport/http/v1/handler_cash_register_close.go:74.39,80.3 1 0
github.com/convision/api/internal/transport/http/v1/handler_cash_register_close.go:82.2,83.22 2 0
github.com/convision/api/internal/transport/http/v1/handler_cash_register_close.go:83.22,85.3 1 0
github.com/convision/api/internal/transport/http/v1/handler_cash_register_close.go:87.2,103.3 1 0
github.com/convision/api/internal/transport/http/v1/handler_cash_register_close.go:108.58,110.9 2 0
github.com/convision/api/internal/transport/http/v1/handler_cash_register_close.go:110.9,113.3 2 0
github.com/convision/api/internal/transport/http/v1/handler_cash_register_close.go:115.2,116.46 2 0
github.com/convision/api/internal/transport/http/v1/handler_cash_register_close.go:116.46,119.3 2 0
github.com/convision/api/internal/transport/http/v1/handler_cash_register_close.go:121.2,122.59 2 0
github.com/convision/api/internal/transport/http/v1/handler_cash_register_close.go:122.59,123.21 1 0
github.com/convision/api/internal/transport/http/v1/handler_cash_register_close.go:123.21,125.4 1 0
github.com/convision/api/internal/transport/http/v1/handler_cash_register_close.go:125.9,127.4 1 0
github.com/convision/api/internal/transport/http/v1/handler_cash_register_close.go:129.2,129.18 1 0
github.com/convision/api/internal/transport/http/v1/handler_cash_register_close.go:129.18,132.3 2 0
github.com/convision/api/internal/transport/http/v1/handler_cash_register_close.go:134.2,136.16 3 0
github.com/convision/api/internal/transport/http/v1/handler_cash_register_close.go:136.16,139.3 2 0
github.com/convision/api/internal/transport/http/v1/handler_cash_register_close.go:141.2,142.32 2 0
github.com/convision/api/internal/transport/http/v1/handler_cash_register_close.go:142.32,144.3 1 0
github.com/convision/api/internal/transport/http/v1/handler_cash_register_close.go:146.2,158.4 1 0
github.com/convision/api/internal/transport/http/v1/handler_cash_register_close.go:163.56,165.9 2 0
github.com/convision/api/internal/transport/http/v1/handler_cash_register_close.go:165.9,168.3 2 0
github.com/convision/api/internal/transport/http/v1/handler_cash_register_close.go:170.2,171.16 2 0
github.com/convision/api/internal/transport/http/v1/handler_cash_register_close.go:171.16,173.3 1 0
github.com/convision/api/internal/transport/http/v1/handler_cash_register_close.go:175.2,177.16 3 0
github.com/convision/api/internal/transport/http/v1/handler_cash_register_close.go:177.16,180.3 2 0
github.com/convision/api/internal/transport/http/v1/handler_cash_register_close.go:182.2,182.65 1 0
github.com/convision/api/internal/transport/http/v1/handler_cash_register_close.go:187.59,189.9 2 0
github.com/convision/api/internal/transport/http/v1/handler_cash_register_close.go:189.9,192.3 2 0
github.com/convision/api/internal/transport/http/v1/handler_cash_register_close.go:194.2,195.49 2 0
github.com/convision/api/internal/transport/http/v1/handler_cash_register_close.go:195.49,198.3 2 0
github.com/convision/api/internal/transport/http/v1/handler_cash_register_close.go:200.2,204.16 4 0
github.com/convision/api/internal/transport/http/v1/handler_cash_register_close.go:204.16,207.3 2 0
github.com/convision/api/internal/transport/http/v1/handler_cash_register_close.go:209.2,209.70 1 0
github.com/convision/api/internal/transport/http/v1/handler_cash_register_close.go:214.59,216.9 2 0
github.com/convision/api/internal/transport/http/v1/handler_cash_register_close.go:216.9,219.3 2 0
github.com/convision/api/internal/transport/http/v1/handler_cash_register_close.go:221.2,222.16 2 0
github.com/convision/api/internal/transport/http/v1/handler_cash_register_close.go:222.16,224.3 1 0
github.com/convision/api/internal/transport/http/v1/handler_cash_register_close.go:226.2,227.49 2 0
github.com/convision/api/internal/transport/http/v1/handler_cash_register_close.go:227.49,230.3 2 0
github.com/convision/api/internal/transport/http/v1/handler_cash_register_close.go:232.2,234.16 3 0
github.com/convision/api/internal/transport/http/v1/handler_cash_register_close.go:234.16,237.3 2 0
github.com/convision/api/internal/transport/http/v1/handler_cash_register_close.go:239.2,239.65 1 0
github.com/convision/api/internal/transport/http/v1/handler_cash_register_close.go:244.59,246.9 2 0
github.com/convision/api/internal/transport/http/v1/handler_cash_register_close.go:246.9,249.3 2 0
github.com/convision/api/internal/transport/http/v1/handler_cash_register_close.go:251.2,252.16 2 0
github.com/convision/api/internal/transport/http/v1/handler_cash_register_close.go:252.16,254.3 1 0
github.com/convision/api/internal/transport/http/v1/handler_cash_register_close.go:256.2,258.16 3 0
github.com/convision/api/internal/transport/http/v1/handler_cash_register_close.go:258.16,261.3 2 0
github.com/convision/api/internal/transport/http/v1/handler_cash_register_close.go:263.2,263.65 1 0
github.com/convision/api/internal/transport/http/v1/handler_cash_register_close.go:268.60,270.9 2 0
github.com/convision/api/internal/transport/http/v1/handler_cash_register_close.go:270.9,273.3 2 0
github.com/convision/api/internal/transport/http/v1/handler_cash_register_close.go:275.2,276.16 2 0
github.com/convision/api/internal/transport/http/v1/handler_cash_register_close.go:276.16,278.3 1 0
github.com/convision/api/internal/transport/http/v1/handler_cash_register_close.go:280.2,281.73 2 0
github.com/convision/api/internal/transport/http/v1/handler_cash_register_close.go:281.73,284.3 2 0
github.com/convision/api/internal/transport/http/v1/handler_cash_register_close.go:286.2,288.16 3 0
github.com/convision/api/internal/transport/http/v1/handler_cash_register_close.go:288.16,291.3 2 0
github.com/convision/api/internal/transport/http/v1/handler_cash_register_close.go:293.2,293.65 1 0
github.com/convision/api/internal/transport/http/v1/handler_cash_register_close.go:298.66,300.16 2 0
github.com/convision/api/internal/transport/http/v1/handler_cash_register_close.go:300.16,302.3 1 0
github.com/convision/api/internal/transport/http/v1/handler_cash_register_close.go:304.2,305.73 2 0
github.com/convision/api/internal/transport/http/v1/handler_cash_register_close.go:305.73,308.3 2 0
github.com/convision/api/internal/transport/http/v1/handler_cash_register_close.go:310.2,312.16 3 0
github.com/convision/api/internal/transport/http/v1/handler_cash_register_close.go:312.16,315.3 2 0
github.com/convision/api/internal/transport/http/v1/handler_cash_register_close.go:317.2,317.65 1 0
github.com/convision/api/internal/transport/http/v1/handler_cash_register_close.go:322.68,324.16 2 0
github.com/convision/api/internal/transport/http/v1/handler_cash_register_close.go:324.16,326.3 1 0
github.com/convision/api/internal/transport/http/v1/handler_cash_register_close.go:328.2,329.49 2 0
github.com/convision/api/internal/transport/http/v1/handler_cash_register_close.go:329.49,332.3 2 0
github.com/convision/api/internal/transport/http/v1/handler_cash_register_close.go:334.2,336.16 3 0
github.com/convision/api/internal/transport/http/v1/handler_cash_register_close.go:336.16,339.3 2 0
github.com/convision/api/internal/transport/http/v1/handler_cash_register_close.go:341.2,341.65 1 0
github.com/convision/api/internal/transport/http/v1/handler_cash_register_close.go:346.59,348.9 2 0
github.com/convision/api/internal/transport/http/v1/handler_cash_register_close.go:348.9,351.3 2 0
github.com/convision/api/internal/transport/http/v1/handler_cash_register_close.go:353.2,354.16 2 0
github.com/convision/api/internal/transport/http/v1/handler_cash_register_close.go:354.16,356.3 1 0
github.com/convision/api/internal/transport/http/v1/handler_cash_register_close.go:358.2,359.79 2 0
github.com/convision/api/internal/transport/http/v1/handler_cash_register_close.go:359.79,362.3 2 0
github.com/convision/api/internal/transport/http/v1/handler_cash_register_close.go:364.2,364.32 1 0
github.com/convision/api/internal/transport/http/v1/handler_cash_register_close.go:369.73,371.59 2 0
github.com/convision/api/internal/transport/http/v1/handler_cash_register_close.go:371.59,372.21 1 0
github.com/convision/api/internal/transport/http/v1/handler_cash_register_close.go:372.21,374.4 1 0
github.com/convision/api/internal/transport/http/v1/handler_cash_register_close.go:374.9,376.4 1 0
github.com/convision/api/internal/transport/http/v1/handler_cash_register_close.go:378.2,380.16 3 0
github.com/convision/api/internal/transport/http/v1/handler_cash_register_close.go:380.16,383.3 2 0
github.com/convision/api/internal/transport/http/v1/handler_cash_register_close.go:385.2,385.28 1 0
github.com/convision/api/internal/transport/http/v1/handler_cash_register_close.go:390.69,392.59 2 0
github.com/convision/api/internal/transport/http/v1/handler_cash_register_close.go:392.59,393.21 1 0
github.com/convision/api/internal/transport/http/v1/handler_cash_register_close.go:393.21,395.4 1 0
github.com/convision/api/internal/transport/http/v1/handler_cash_register_close.go:395.9,397.4 1 0
github.com/convision/api/internal/transport/http/v1/handler_cash_register_close.go:399.2,401.18 3 0
github.com/convision/api/internal/transport/http/v1/handler_cash_register_close.go:401.18,402.63 1 0
github.com/convision/api/internal/transport/http/v1/handler_cash_register_close.go:402.63,404.4 1 0
github.com/convision/api/internal/transport/http/v1/handler_cash_register_close.go:405.8,407.17 2 0
github.com/convision/api/internal/transport/http/v1/handler_cash_register_close.go:407.17,408.31 1 0
github.com/convision/api/internal/transport/http/v1/handler_cash_register_close.go:408.31,410.5 1 0
github.com/convision/api/internal/transport/http/v1/handler_cash_register_close.go:413.2,414.16 2 0
github.com/convision/api/internal/transport/http/v1/handler_cash_register_close.go:414.16,417.3 2 0
github.com/convision/api/internal/transport/http/v1/handler_cash_register_close.go:419.2,419.43 1 0
github.com/convision/api/internal/transport/http/v1/handler_cash_register_close.go:424.65,426.21 2 0
github.com/convision/api/internal/transport/http/v1/handler_cash_register_close.go:426.21,429.3 2 0
github.com/convision/api/internal/transport/http/v1/handler_cash_register_close.go:431.2,432.33 2 0
github.com/convision/api/internal/transport/http/v1/handler_cash_register_close.go:432.33,435.3 2 0
github.com/convision/api/internal/transport/http/v1/handler_cash_register_close.go:436.2,440.16 4 0
github.com/convision/api/internal/transport/http/v1/handler_cash_register_close.go:440.16,443.3 2 0
github.com/convision/api/internal/transport/http/v1/handler_cash_register_close.go:445.2,446.59 2 0
github.com/convision/api/internal/transport/http/v1/handler_cash_register_close.go:446.59,447.21 1 0
github.com/convision/api/internal/transport/http/v1/handler_cash_register_close.go:447.21,449.4 1 0
github.com/convision/api/internal/transport/http/v1/handler_cash_register_close.go:449.9,451.4 1 0
github.com/convision/api/internal/transport/http/v1/handler_cash_register_close.go:454.2,455.16 2 0
github.com/convision/api/internal/transport/http/v1/handler_cash_register_close.go:455.16,458.3 2 0
github.com/convision/api/internal/transport/http/v1/handler_cash_register_close.go:460.2,473.4 1 0
github.com/convision/api/internal/transport/http/v1/handler_catalog.go:37.49,41.2 3 0
github.com/convision/api/internal/transport/http/v1/handler_catalog.go:43.50,45.16 2 0
github.com/convision/api/internal/transport/http/v1/handler_catalog.go:45.16,48.3 2 0
github.com/convision/api/internal/transport/http/v1/handler_catalog.go:49.2,49.23 1 0
github.com/convision/api/internal/transport/http/v1/handler_catalog.go:54.46,58.16 4 0
github.com/convision/api/internal/transport/http/v1/handler_catalog.go:58.16,61.3 2 0
github.com/convision/api/internal/transport/http/v1/handler_catalog.go:62.2,63.29 2 0
github.com/convision/api/internal/transport/http/v1/handler_catalog.go:63.29,65.3 1 0
github.com/convision/api/internal/transport/http/v1/handler_catalog.go:66.2,78.4 1 0
github.com/convision/api/internal/transport/http/v1/handler_catalog.go:81.44,84.9 3 0
github.com/convision/api/internal/transport/http/v1/handler_catalog.go:84.9,86.3 1 0
github.com/convision/api/internal/transport/http/v1/handler_catalog.go:87.2,88.16 2 0
github.com/convision/api/internal/transport/http/v1/handler_catalog.go:88.16,91.3 2 0
github.com/convision/api/internal/transport/http/v1/handler_catalog.go:92.2,92.50 1 0
github.com/convision/api/internal/transport/http/v1/handler_catalog.go:95.47,98.49 3 0
github.com/convision/api/internal/transport/http/v1/handler_catalog.go:98.49,101.3 2 0
github.com/convision/api/internal/transport/http/v1/handler_catalog.go:102.2,103.16 2 0
github.com/convision/api/internal/transport/http/v1/handler_catalog.go:103.16,106.3 2 0
github.com/convision/api/internal/transport/http/v1/handler_catalog.go:107.2,107.55 1 0
github.com/convision/api/internal/transport/http/v1/handler_catalog.go:110.47,113.9 3 0
github.com/convision/api/internal/transport/http/v1/handler_catalog.go:113.9,115.3 1 0
github.com/convision/api/internal/transport/http/v1/handler_catalog.go:116.2,117.49 2 0
github.com/convision/api/internal/transport/http/v1/handler_catalog.go:117.49,120.3 2 0
github.com/convision/api/internal/transport/http/v1/handler_catalog.go:121.2,122.16 2 0
github.com/convision/api/internal/transport/http/v1/handler_catalog.go:122.16,125.3 2 0
github.com/convision/api/internal/transport/http/v1/handler_catalog.go:126.2,126.50 1 0
github.com/convision/api/internal/transport/http/v1/handler_catalog.go:129.47,132.9 3 0
github.com/convision/api/internal/transport/http/v1/handler_catalog.go:132.9,134.3 1 0
github.com/convision/api/internal/transport/http/v1/handler_catalog.go:135.2,135.54 1 0
github.com/convision/api/internal/transport/http/v1/handler_catalog.go:135.54,138.3 2 0
github.com/convision/api/internal/transport/http/v1/handler_catalog.go:139.2,139.32 1 0
github.com/convision/api/internal/transport/http/v1/handler_catalog.go:142.66,150.2 1 0
github.com/convision/api/internal/transport/http/v1/handler_catalog.go:154.49,158.16 4 0
github.com/convision/api/internal/transport/http/v1/handler_catalog.go:158.16,161.3 2 0
github.com/convision/api/internal/transport/http/v1/handler_catalog.go:162.2,163.29 2 0
github.com/convision/api/internal/transport/http/v1/handler_catalog.go:163.29,169.3 1 0
github.com/convision/api/internal/transport/http/v1/handler_catalog.go:170.2,179.4 1 0
github.com/convision/api/internal/transport/http/v1/handler_catalog.go:182.47,185.9 3 0
github.com/convision/api/internal/transport/http/v1/handler_catalog.go:185.9,187.3 1 0
github.com/convision/api/internal/transport/http/v1/handler_catalog.go:188.2,189.16 2 0
github.com/convision/api/internal/transport/http/v1/handler_catalog.go:189.16,192.3 2 0
github.com/convision/api/internal/transport/http/v1/handler_catalog.go:193.2,197.4 1 0
github.com/convision/api/internal/transport/http/v1/handler_catalog.go:200.50,203.49 3 0
github.com/convision/api/internal/transport/http/v1/handler_catalog.go:203.49,206.3 2 0
github.com/convision/api/internal/transport/http/v1/handler_catalog.go:207.2,208.16 2 0
github.com/convision/api/internal/transport/http/v1/handler_catalog.go:208.16,211.3 2 0
github.com/convision/api/internal/transport/http/v1/handler_catalog.go:212.2,216.4 1 0
github.com/convision/api/internal/transport/http/v1/handler_catalog.go:219.50,222.9 3 0
github.com/convision/api/internal/transport/http/v1/handler_catalog.go:222.9,224.3 1 0
github.com/convision/api/internal/transport/http/v1/handler_catalog.go:225.2,226.49 2 0
github.com/convision/api/internal/transport/http/v1/handler_catalog.go:226.49,229.3 2 0
github.com/convision/api/internal/transport/http/v1/handler_catalog.go:230.2,231.16 2 0
github.com/convision/api/internal/transport/http/v1/handler_catalog.go:231.16,234.3 2 0
github.com/convision/api/internal/transport/http/v1/handler_catalog.go:235.2,239.4 1 0
github.com/convision/api/internal/transport/http/v1/handler_catalog.go:242.50,245.9 3 0
github.com/convision/api/internal/transport/http/v1/handler_catalog.go:245.9,247.3 1 0
github.com/convision/api/internal/transport/http/v1/handler_catalog.go:248.2,248.57 1 0
github.com/convision/api/internal/transport/http/v1/handler_catalog.go:248.57,251.3 2 0
github.com/convision/api/internal/transport/http/v1/handler_catalog.go:252.2,252.32 1 0
github.com/convision/api/internal/transport/http/v1/handler_catalog.go:257.49,261.16 4 0
github.com/convision/api/internal/transport/http/v1/handler_catalog.go:261.16,264.3 2 0
github.com/convision/api/internal/transport/http/v1/handler_catalog.go:265.2,266.29 2 0
github.com/convision/api/internal/transport/http/v1/handler_catalog.go:266.29,272.3 1 0
github.com/convision/api/internal/transport/http/v1/handler_catalog.go:273.2,282.4 1 0
github.com/convision/api/internal/transport/http/v1/handler_catalog.go:285.47,288.9 3 0
github.com/convision/api/internal/transport/http/v1/handler_catalog.go:288.9,290.3 1 0
github.com/convision/api/internal/transport/http/v1/handler_catalog.go:291.2,292.16 2 0
github.com/convision/api/internal/transport/http/v1/handler_catalog.go:292.16,295.3 2 0
github.com/convision/api/internal/transport/http/v1/handler_catalog.go:296.2,300.4 1 0
github.com/convision/api/internal/transport/http/v1/handler_catalog.go:303.50,306.49 3 0
github.com/convision/api/internal/transport/http/v1/handler_catalog.go:306.49,309.3 2 0
github.com/convision/api/internal/transport/http/v1/handler_catalog.go:310.2,311.16 2 0
github.com/convision/api/internal/transport/http/v1/handler_catalog.go:311.16,314.3 2 0
github.com/convision/api/internal/transport/http/v1/handler_catalog.go:315.2,319.4 1 0
github.com/convision/api/internal/transport/http/v1/handler_catalog.go:322.50,325.9 3 0
github.com/convision/api/internal/transport/http/v1/handler_catalog.go:325.9,327.3 1 0
github.com/convision/api/internal/transport/http/v1/handler_catalog.go:328.2,329.49 2 0
github.com/convision/api/internal/transport/http/v1/handler_catalog.go:329.49,332.3 2 0
github.com/convision/api/internal/transport/http/v1/handler_catalog.go:333.2,334.16 2 0
github.com/convision/api/internal/transport/http/v1/handler_catalog.go:334.16,337.3 2 0
github.com/convision/api/internal/transport/http/v1/handler_catalog.go:338.2,342.4 1 0
github.com/convision/api/internal/transport/http/v1/handler_catalog.go:345.50,348.9 3 0
github.com/convision/api/internal/transport/http/v1/handler_catalog.go:348.9,350.3 1 0
github.com/convision/api/internal/transport/http/v1/handler_catalog.go:351.2,351.57 1 0
github.com/convision/api/internal/transport/http/v1/handler_catalog.go:351.57,354.3 2 0
github.com/convision/api/internal/transport/http/v1/handler_catalog.go:355.2,355.32 1 0
github.com/convision/api/internal/transport/http/v1/handler_catalog.go:360.51,364.16 4 0
github.com/convision/api/internal/transport/http/v1/handler_catalog.go:364.16,367.3 2 0
github.com/convision/api/internal/transport/http/v1/handler_catalog.go:368.2,369.29 2 0
github.com/convision/api/internal/transport/http/v1/handler_catalog.go:369.29,375.3 1 0
github.com/convision/api/internal/transport/http/v1/handler_catalog.go:376.2,385.4 1 0
github.com/convision/api/internal/transport/http/v1/handler_catalog.go:388.48,391.9 3 0
github.com/convision/api/internal/transport/http/v1/handler_catalog.go:391.9,393.3 1 0
github.com/convision/api/internal/transport/http/v1/handler_catalog.go:394.2,395.16 2 0
github.com/convision/api/internal/transport/http/v1/handler_catalog.go:395.16,398.3 2 0
github.com/convision/api/internal/transport/http/v1/handler_catalog.go:399.2,403.4 1 0
github.com/convision/api/internal/transport/http/v1/handler_catalog.go:406.51,409.49 3 0
github.com/convision/api/internal/transport/http/v1/handler_catalog.go:409.49,412.3 2 0
github.com/convision/api/internal/transport/http/v1/handler_catalog.go:413.2,414.16 2 0
github.com/convision/api/internal/transport/http/v1/handler_catalog.go:414.16,417.3 2 0
github.com/convision/api/internal/transport/http/v1/handler_catalog.go:418.2,422.4 1 0
github.com/convision/api/internal/transport/http/v1/handler_catalog.go:425.51,428.9 3 0
github.com/convision/api/internal/transport/http/v1/handler_catalog.go:428.9,430.3 1 0
github.com/convision/api/internal/transport/http/v1/handler_catalog.go:431.2,432.49 2 0
github.com/convision/api/internal/transport/http/v1/handler_catalog.go:432.49,435.3 2 0
github.com/convision/api/internal/transport/http/v1/handler_catalog.go:436.2,437.16 2 0
github.com/convision/api/internal/transport/http/v1/handler_catalog.go:437.16,440.3 2 0
github.com/convision/api/internal/transport/http/v1/handler_catalog.go:441.2,445.4 1 0
github.com/convision/api/internal/transport/http/v1/handler_catalog.go:448.51,451.9 3 0
github.com/convision/api/internal/transport/http/v1/handler_catalog.go:451.9,453.3 1 0
github.com/convision/api/internal/transport/http/v1/handler_catalog.go:454.2,454.58 1 0
github.com/convision/api/internal/transport/http/v1/handler_catalog.go:454.58,457.3 2 0
github.com/convision/api/internal/transport/http/v1/handler_catalog.go:458.2,458.32 1 0
github.com/convision/api/internal/transport/http/v1/handler_catalog.go:463.50,467.16 4 0
github.com/convision/api/internal/transport/http/v1/handler_catalog.go:467.16,470.3 2 0
github.com/convision/api/internal/transport/http/v1/handler_catalog.go:471.2,472.29 2 0
github.com/convision/api/internal/transport/http/v1/handler_catalog.go:472.29,478.3 1 0
github.com/convision/api/internal/transport/http/v1/handler_catalog.go:479.2,488.4 1 0
github.com/convision/api/internal/transport/http/v1/handler_catalog.go:491.48,494.9 3 0
github.com/convision/api/internal/transport/http/v1/handler_catalog.go:494.9,496.3 1 0
github.com/convision/api/internal/transport/http/v1/handler_catalog.go:497.2,498.16 2 0
github.com/convision/api/internal/transport/http/v1/handler_catalog.go:498.16,501.3 2 0
github.com/convision/api/internal/transport/http/v1/handler_catalog.go:502.2,506.4 1 0
github.com/convision/api/internal/transport/http/v1/handler_catalog.go:509.51,512.49 3 0
github.com/convision/api/internal/transport/http/v1/handler_catalog.go:512.49,515.3 2 0
github.com/convision/api/internal/transport/http/v1/handler_catalog.go:516.2,517.16 2 0
github.com/convision/api/internal/transport/http/v1/handler_catalog.go:517.16,520.3 2 0
github.com/convision/api/internal/transport/http/v1/handler_catalog.go:521.2,525.4 1 0
github.com/convision/api/internal/transport/http/v1/handler_catalog.go:528.51,531.9 3 0
github.com/convision/api/internal/transport/http/v1/handler_catalog.go:531.9,533.3 1 0
github.com/convision/api/internal/transport/http/v1/handler_catalog.go:534.2,535.49 2 0
github.com/convision/api/internal/transport/http/v1/handler_catalog.go:535.49,538.3 2 0
github.com/convision/api/internal/transport/http/v1/handler_catalog.go:539.2,540.16 2 0
github.com/convision/api/internal/transport/http/v1/handler_catalog.go:540.16,543.3 2 0
github.com/convision/api/internal/transport/http/v1/handler_catalog.go:544.2,548.4 1 0
github.com/convision/api/internal/transport/http/v1/handler_catalog.go:551.51,554.9 3 0
github.com/convision/api/internal/transport/http/v1/handler_catalog.go:554.9,556.3 1 0
github.com/convision/api/internal/transport/http/v1/handler_catalog.go:557.2,557.58 1 0
github.com/convision/api/internal/transport/http/v1/handler_catalog.go:557.58,560.3 2 0
github.com/convision/api/internal/transport/http/v1/handler_catalog.go:561.2,561.32 1 0
github.com/convision/api/internal/transport/http/v1/handler_catalog.go:566.53,570.16 4 0
github.com/convision/api/internal/transport/http/v1/handler_catalog.go:570.16,573.3 2 0
github.com/convision/api/internal/transport/http/v1/handler_catalog.go:574.2,575.29 2 0
github.com/convision/api/internal/transport/http/v1/handler_catalog.go:575.29,581.3 1 0
github.com/convision/api/internal/transport/http/v1/handler_catalog.go:582.2,591.4 1 0
github.com/convision/api/internal/transport/http/v1/handler_catalog.go:594.51,597.9 3 0
github.com/convision/api/internal/transport/http/v1/handler_catalog.go:597.9,599.3 1 0
github.com/convision/api/internal/transport/http/v1/handler_catalog.go:600.2,601.16 2 0
github.com/convision/api/internal/transport/http/v1/handler_catalog.go:601.16,604.3 2 0
github.com/convision/api/internal/transport/http/v1/handler_catalog.go:605.2,609.4 1 0
github.com/convision/api/internal/transport/http/v1/handler_catalog.go:612.54,615.49 3 0
github.com/convision/api/internal/transport/http/v1/handler_catalog.go:615.49,618.3 2 0
github.com/convision/api/internal/transport/http/v1/handler_catalog.go:619.2,620.16 2 0
github.com/convision/api/internal/transport/http/v1/handler_catalog.go:620.16,623.3 2 0
github.com/convision/api/internal/transport/http/v1/handler_catalog.go:624.2,628.4 1 0
github.com/convision/api/internal/transport/http/v1/handler_catalog.go:631.54,634.9 3 0
github.com/convision/api/internal/transport/http/v1/handler_catalog.go:634.9,636.3 1 0
github.com/convision/api/internal/transport/http/v1/handler_catalog.go:637.2,638.49 2 0
github.com/convision/api/internal/transport/http/v1/handler_catalog.go:638.49,641.3 2 0
github.com/convision/api/internal/transport/http/v1/handler_catalog.go:642.2,643.16 2 0
github.com/convision/api/internal/transport/http/v1/handler_catalog.go:643.16,646.3 2 0
github.com/convision/api/internal/transport/http/v1/handler_catalog.go:647.2,651.4 1 0
github.com/convision/api/internal/transport/http/v1/handler_catalog.go:654.54,657.9 3 0
github.com/convision/api/internal/transport/http/v1/handler_catalog.go:657.9,659.3 1 0
github.com/convision/api/internal/transport/http/v1/handler_catalog.go:660.2,660.61 1 0
github.com/convision/api/internal/transport/http/v1/handler_catalog.go:660.61,663.3 2 0
github.com/convision/api/internal/transport/http/v1/handler_catalog.go:664.2,664.32 1 0
github.com/convision/api/internal/transport/http/v1/handler_catalog.go:669.77,677.2 1 0
github.com/convision/api/internal/transport/http/v1/handler_catalog.go:679.54,683.16 3 0
github.com/convision/api/internal/transport/http/v1/handler_catalog.go:683.16,686.3 2 0
github.com/convision/api/internal/transport/http/v1/handler_catalog.go:687.2,688.25 2 0
github.com/convision/api/internal/transport/http/v1/handler_catalog.go:688.25,690.3 1 0
github.com/convision/api/internal/transport/http/v1/handler_catalog.go:691.2,691.30 1 0
github.com/convision/api/internal/transport/http/v1/handler_catalog.go:694.52,697.9 3 0
github.com/convision/api/internal/transport/http/v1/handler_catalog.go:697.9,699.3 1 0
github.com/convision/api/internal/transport/http/v1/handler_catalog.go:700.2,701.16 2 0
github.com/convision/api/internal/transport/http/v1/handler_catalog.go:701.16,704.3 2 0
github.com/convision/api/internal/transport/http/v1/handler_catalog.go:705.2,705.51 1 0
github.com/convision/api/internal/transport/http/v1/handler_catalog.go:708.55,711.49 3 0
github.com/convision/api/internal/transport/http/v1/handler_catalog.go:711.49,714.3 2 0
github.com/convision/api/internal/transport/http/v1/handler_catalog.go:715.2,716.16 2 0
github.com/convision/api/internal/transport/http/v1/handler_catalog.go:716.16,719.3 2 0
github.com/convision/api/internal/transport/http/v1/handler_catalog.go:720.2,720.56 1 0
github.com/convision/api/internal/transport/http/v1/handler_catalog.go:723.55,726.9 3 0
github.com/convision/api/internal/transport/http/v1/handler_catalog.go:726.9,728.3 1 0
github.com/convision/api/internal/transport/http/v1/handler_catalog.go:729.2,730.49 2 0
github.com/convision/api/internal/transport/http/v1/handler_catalog.go:730.49,733.3 2 0
github.com/convision/api/internal/transport/http/v1/handler_catalog.go:734.2,735.16 2 0
github.com/convision/api/internal/transport/http/v1/handler_catalog.go:735.16,738.3 2 0
github.com/convision/api/internal/transport/http/v1/handler_catalog.go:739.2,739.51 1 0
github.com/convision/api/internal/transport/http/v1/handler_catalog.go:742.55,745.9 3 0
github.com/convision/api/internal/transport/http/v1/handler_catalog.go:745.9,747.3 1 0
github.com/convision/api/internal/transport/http/v1/handler_catalog.go:748.2,748.62 1 0
github.com/convision/api/internal/transport/http/v1/handler_catalog.go:748.62,751.3 2 0
github.com/convision/api/internal/transport/http/v1/handler_catalog.go:752.2,752.32 1 0
github.com/convision/api/internal/transport/http/v1/handler_clinical.go:108.86,167.22 2 0
github.com/convision/api/internal/transport/http/v1/handler_clinical.go:167.22,170.3 2 0
github.com/convision/api/internal/transport/http/v1/handler_clinical.go:171.2,171.22 1 0
github.com/convision/api/internal/transport/http/v1/handler_clinical.go:171.22,174.3 2 0
github.com/convision/api/internal/transport/http/v1/handler_clinical.go:175.2,175.22 1 0
github.com/convision/api/internal/transport/http/v1/handler_clinical.go:175.22,178.3 2 0
github.com/convision/api/internal/transport/http/v1/handler_clinical.go:179.2,179.33 1 0
github.com/convision/api/internal/transport/http/v1/handler_clinical.go:179.33,182.3 2 0
github.com/convision/api/internal/transport/http/v1/handler_clinical.go:184.2,184.10 1 0
github.com/convision/api/internal/transport/http/v1/handler_clinical.go:187.92,215.28 2 0
github.com/convision/api/internal/transport/http/v1/handler_clinical.go:215.28,217.3 1 0
github.com/convision/api/internal/transport/http/v1/handler_clinical.go:218.2,218.22 1 0
github.com/convision/api/internal/transport/http/v1/handler_clinical.go:218.22,221.3 2 0
github.com/convision/api/internal/transport/http/v1/handler_clinical.go:222.2,222.22 1 0
github.com/convision/api/internal/transport/http/v1/handler_clinical.go:222.22,225.3 2 0
github.com/convision/api/internal/transport/http/v1/handler_clinical.go:227.2,227.10 1 0
github.com/convision/api/internal/transport/http/v1/handler_clinical.go:234.57,237.46 3 0
github.com/convision/api/internal/transport/http/v1/handler_clinical.go:237.46,240.3 2 0
github.com/convision/api/internal/transport/http/v1/handler_clinical.go:242.2,243.16 2 0
github.com/convision/api/internal/transport/http/v1/handler_clinical.go:243.16,246.3 2 0
github.com/convision/api/internal/transport/http/v1/handler_clinical.go:248.2,249.31 2 0
github.com/convision/api/internal/transport/http/v1/handler_clinical.go:249.31,251.3 1 0
github.com/convision/api/internal/transport/http/v1/handler_clinical.go:253.2,265.4 1 0
github.com/convision/api/internal/transport/http/v1/handler_clinical.go:270.54,273.16 3 0
github.com/convision/api/internal/transport/http/v1/handler_clinical.go:273.16,275.3 1 0
github.com/convision/api/internal/transport/http/v1/handler_clinical.go:277.2,278.16 2 0
github.com/convision/api/internal/transport/http/v1/handler_clinical.go:278.16,281.3 2 0
github.com/convision/api/internal/transport/http/v1/handler_clinical.go:282.2,282.58 1 0
github.com/convision/api/internal/transport/http/v1/handler_clinical.go:287.57,290.49 3 0
github.com/convision/api/internal/transport/http/v1/handler_clinical.go:290.49,293.3 2 0
github.com/convision/api/internal/transport/http/v1/handler_clinical.go:296.2,296.44 1 0
github.com/convision/api/internal/transport/http/v1/handler_clinical.go:296.44,298.3 1 0
github.com/convision/api/internal/transport/http/v1/handler_clinical.go:300.2,301.16 2 0
github.com/convision/api/internal/transport/http/v1/handler_clinical.go:301.16,304.3 2 0
github.com/convision/api/internal/transport/http/v1/handler_clinical.go:305.2,305.63 1 0
github.com/convision/api/internal/transport/http/v1/handler_clinical.go:310.57,312.16 2 0
github.com/convision/api/internal/transport/http/v1/handler_clinical.go:312.16,314.3 1 0
github.com/convision/api/internal/transport/http/v1/handler_clinical.go:316.2,317.49 2 0
github.com/convision/api/internal/transport/http/v1/handler_clinical.go:317.49,320.3 2 0
github.com/convision/api/internal/transport/http/v1/handler_clinical.go:323.2,323.44 1 0
github.com/convision/api/internal/transport/http/v1/handler_clinical.go:323.44,325.3 1 0
github.com/convision/api/internal/transport/http/v1/handler_clinical.go:327.2,329.16 3 0
github.com/convision/api/internal/transport/http/v1/handler_clinical.go:329.16,332.3 2 0
github.com/convision/api/internal/transport/http/v1/handler_clinical.go:333.2,333.58 1 0
github.com/convision/api/internal/transport/http/v1/handler_clinical.go:338.61,341.16 3 0
github.com/convision/api/internal/transport/http/v1/handler_clinical.go:341.16,343.3 1 0
github.com/convision/api/internal/transport/http/v1/handler_clinical.go:345.2,346.16 2 0
github.com/convision/api/internal/transport/http/v1/handler_clinical.go:346.16,349.3 2 0
github.com/convision/api/internal/transport/http/v1/handler_clinical.go:350.2,350.58 1 0
github.com/convision/api/internal/transport/http/v1/handler_clinical.go:357.58,360.16 3 0
github.com/convision/api/internal/transport/http/v1/handler_clinical.go:360.16,362.3 1 0
github.com/convision/api/internal/transport/http/v1/handler_clinical.go:364.2,368.16 4 0
github.com/convision/api/internal/transport/http/v1/handler_clinical.go:368.16,371.3 2 0
github.com/convision/api/internal/transport/http/v1/handler_clinical.go:373.2,374.29 2 0
github.com/convision/api/internal/transport/http/v1/handler_clinical.go:374.29,376.3 1 0
github.com/convision/api/internal/transport/http/v1/handler_clinical.go:378.2,390.4 1 0
github.com/convision/api/internal/transport/http/v1/handler_clinical.go:395.56,398.16 3 0
github.com/convision/api/internal/transport/http/v1/handler_clinical.go:398.16,400.3 1 0
github.com/convision/api/internal/transport/http/v1/handler_clinical.go:402.2,403.16 2 0
github.com/convision/api/internal/transport/http/v1/handler_clinical.go:403.16,406.3 2 0
github.com/convision/api/internal/transport/http/v1/handler_clinical.go:407.2,407.58 1 0
github.com/convision/api/internal/transport/http/v1/handler_clinical.go:412.59,415.49 3 0
github.com/convision/api/internal/transport/http/v1/handler_clinical.go:415.49,418.3 2 0
github.com/convision/api/internal/transport/http/v1/handler_clinical.go:420.2,420.44 1 0
github.com/convision/api/internal/transport/http/v1/handler_clinical.go:420.44,422.3 1 0
github.com/convision/api/internal/transport/http/v1/handler_clinical.go:424.2,425.16 2 0
github.com/convision/api/internal/transport/http/v1/handler_clinical.go:425.16,428.3 2 0
github.com/convision/api/internal/transport/http/v1/handler_clinical.go:429.2,429.63 1 0
github.com/convision/api/internal/transport/http/v1/handler_clinical.go:434.59,436.16 2 0
github.com/convision/api/internal/transport/http/v1/handler_clinical.go:436.16,438.3 1 0
github.com/convision/api/internal/transport/http/v1/handler_clinical.go:440.2,441.49 2 0
github.com/convision/api/internal/transport/http/v1/handler_clinical.go:441.49,444.3 2 0
github.com/convision/api/internal/transport/http/v1/handler_clinical.go:446.2,446.44 1 0
github.com/convision/api/internal/transport/http/v1/handler_clinical.go:446.44,448.3 1 0
github.com/convision/api/internal/transport/http/v1/handler_clinical.go:450.2,452.16 3 0
github.com/convision/api/internal/transport/http/v1/handler_clinical.go:452.16,455.3 2 0
github.com/convision/api/internal/transport/http/v1/handler_clinical.go:456.2,456.58 1 0
github.com/convision/api/internal/transport/http/v1/handler_clinical.go:461.59,464.16 3 0
github.com/convision/api/internal/transport/http/v1/handler_clinical.go:464.16,466.3 1 0
github.com/convision/api/internal/transport/http/v1/handler_clinical.go:468.2,468.57 1 0
github.com/convision/api/internal/transport/http/v1/handler_clinical.go:468.57,471.3 2 0
github.com/convision/api/internal/transport/http/v1/handler_clinical.go:472.2,472.32 1 0
github.com/convision/api/internal/transport/http/v1/handler_clinical.go:477.55,479.16 2 0
github.com/convision/api/internal/transport/http/v1/handler_clinical.go:479.16,481.3 1 0
github.com/convision/api/internal/transport/http/v1/handler_clinical.go:483.2,488.16 5 0
github.com/convision/api/internal/transport/http/v1/handler_clinical.go:488.16,491.3 2 0
github.com/convision/api/internal/transport/http/v1/handler_clinical.go:493.2,494.30 2 0
github.com/convision/api/internal/transport/http/v1/handler_clinical.go:494.30,496.13 2 0
github.com/convision/api/internal/transport/http/v1/handler_clinical.go:496.13,498.4 1 0
github.com/convision/api/internal/transport/http/v1/handler_clinical.go:501.2,502.30 2 0
github.com/convision/api/internal/transport/http/v1/handler_clinical.go:502.30,504.3 1 0
github.com/convision/api/internal/transport/http/v1/handler_clinical.go:506.2,518.4 1 0
github.com/convision/api/internal/transport/http/v1/handler_discount.go:14.56,16.46 2 0
github.com/convision/api/internal/transport/http/v1/handler_discount.go:16.46,19.3 2 0
github.com/convision/api/internal/transport/http/v1/handler_discount.go:20.2,21.16 2 0
github.com/convision/api/internal/transport/http/v1/handler_discount.go:21.16,24.3 2 0
github.com/convision/api/internal/transport/http/v1/handler_discount.go:25.2,25.28 1 0
github.com/convision/api/internal/transport/http/v1/handler_discount.go:28.54,30.16 2 0
github.com/convision/api/internal/transport/http/v1/handler_discount.go:30.16,32.3 1 0
github.com/convision/api/internal/transport/http/v1/handler_discount.go:33.2,34.16 2 0
github.com/convision/api/internal/transport/http/v1/handler_discount.go:34.16,37.3 2 0
github.com/convision/api/internal/transport/http/v1/handler_discount.go:38.2,38.26 1 0
github.com/convision/api/internal/transport/http/v1/handler_discount.go:41.57,43.49 2 0
github.com/convision/api/internal/transport/http/v1/handler_discount.go:43.49,46.3 2 0
github.com/convision/api/internal/transport/http/v1/handler_discount.go:48.2,49.9 2 0
github.com/convision/api/internal/transport/http/v1/handler_discount.go:49.9,52.3 2 0
github.com/convision/api/internal/transport/http/v1/handler_discount.go:53.2,55.28 2 0
github.com/convision/api/internal/transport/http/v1/handler_discount.go:55.28,58.17 3 0
github.com/convision/api/internal/transport/http/v1/handler_discount.go:58.17,61.4 2 0
github.com/convision/api/internal/transport/http/v1/handler_discount.go:62.3,63.77 2 0
github.com/convision/api/internal/transport/http/v1/handler_discount.go:66.2,66.37 1 0
github.com/convision/api/internal/transport/http/v1/handler_discount.go:66.37,69.3 2 0
github.com/convision/api/internal/transport/http/v1/handler_discount.go:71.2,72.16 2 0
github.com/convision/api/internal/transport/http/v1/handler_discount.go:72.16,75.3 2 0
github.com/convision/api/internal/transport/http/v1/handler_discount.go:76.2,76.31 1 0
github.com/convision/api/internal/transport/http/v1/handler_discount.go:79.57,81.16 2 0
github.com/convision/api/internal/transport/http/v1/handler_discount.go:81.16,83.3 1 0
github.com/convision/api/internal/transport/http/v1/handler_discount.go:84.2,85.49 2 0
github.com/convision/api/internal/transport/http/v1/handler_discount.go:85.49,88.3 2 0
github.com/convision/api/internal/transport/http/v1/handler_discount.go:89.2,90.9 2 0
github.com/convision/api/internal/transport/http/v1/handler_discount.go:90.9,93.3 2 0
github.com/convision/api/internal/transport/http/v1/handler_discount.go:94.2,95.16 2 0
github.com/convision/api/internal/transport/http/v1/handler_discount.go:95.16,98.3 2 0
github.com/convision/api/internal/transport/http/v1/handler_discount.go:99.2,99.26 1 0
github.com/convision/api/internal/transport/http/v1/handler_discount.go:102.57,104.16 2 0
github.com/convision/api/internal/transport/http/v1/handler_discount.go:104.16,106.3 1 0
github.com/convision/api/internal/transport/http/v1/handler_discount.go:107.2,107.46 1 0
github.com/convision/api/internal/transport/http/v1/handler_discount.go:107.46,110.3 2 0
github.com/convision/api/internal/transport/http/v1/handler_discount.go:111.2,111.32 1 0
github.com/convision/api/internal/transport/http/v1/handler_discount.go:114.58,116.16 2 0
github.com/convision/api/internal/transport/http/v1/handler_discount.go:116.16,118.3 1 0
github.com/convision/api/internal/transport/http/v1/handler_discount.go:119.2,120.33 2 0
github.com/convision/api/internal/transport/http/v1/handler_discount.go:120.33,121.50 1 0
github.com/convision/api/internal/transport/http/v1/handler_discount.go:121.50,124.4 2 0
github.com/convision/api/internal/transport/http/v1/handler_discount.go:126.2,127.9 2 0
github.com/convision/api/internal/transport/http/v1/handler_discount.go:127.9,130.3 2 0
github.com/convision/api/internal/transport/http/v1/handler_discount.go:131.2,132.16 2 0
github.com/convision/api/internal/transport/http/v1/handler_discount.go:132.16,135.3 2 0
github.com/convision/api/internal/transport/http/v1/handler_discount.go:136.2,136.26 1 0
github.com/convision/api/internal/transport/http/v1/handler_discount.go:139.57,141.16 2 0
github.com/convision/api/internal/transport/http/v1/handler_discount.go:141.16,143.3 1 0
github.com/convision/api/internal/transport/http/v1/handler_discount.go:144.2,145.49 2 0
github.com/convision/api/internal/transport/http/v1/handler_discount.go:145.49,148.3 2 0
github.com/convision/api/internal/transport/http/v1/handler_discount.go:149.2,150.16 2 0
github.com/convision/api/internal/transport/http/v1/handler_discount.go:150.16,153.3 2 0
github.com/convision/api/internal/transport/http/v1/handler_discount.go:154.2,154.26 1 0
github.com/convision/api/internal/transport/http/v1/handler_discount.go:157.55,161.41 3 0
github.com/convision/api/internal/transport/http/v1/handler_discount.go:161.41,162.58 1 0
github.com/convision/api/internal/transport/http/v1/handler_discount.go:162.58,165.4 2 0
github.com/convision/api/internal/transport/http/v1/handler_discount.go:166.8,166.45 1 0
github.com/convision/api/internal/transport/http/v1/handler_discount.go:166.45,167.58 1 0
github.com/convision/api/internal/transport/http/v1/handler_discount.go:167.58,170.4 2 0
github.com/convision/api/internal/transport/http/v1/handler_discount.go:173.2,174.41 2 0
github.com/convision/api/internal/transport/http/v1/handler_discount.go:174.41,175.58 1 0
github.com/convision/api/internal/transport/http/v1/handler_discount.go:175.58,178.4 2 0
github.com/convision/api/internal/transport/http/v1/handler_discount.go:181.2,181.22 1 0
github.com/convision/api/internal/transport/http/v1/handler_discount.go:181.22,187.17 3 0
github.com/convision/api/internal/transport/http/v1/handler_discount.go:187.17,190.4 2 0
github.com/convision/api/internal/transport/http/v1/handler_discount.go:191.3,200.9 2 0
github.com/convision/api/internal/transport/http/v1/handler_discount.go:203.2,204.16 2 0
github.com/convision/api/internal/transport/http/v1/handler_discount.go:204.16,207.3 2 0
github.com/convision/api/internal/transport/http/v1/handler_discount.go:208.2,208.49 1 0
github.com/convision/api/internal/transport/http/v1/handler_discount.go:211.51,215.38 3 0
github.com/convision/api/internal/transport/http/v1/handler_discount.go:215.38,216.58 1 0
github.com/convision/api/internal/transport/http/v1/handler_discount.go:216.58,219.4 2 0
github.com/convision/api/internal/transport/http/v1/handler_discount.go:222.2,222.41 1 0
github.com/convision/api/internal/transport/http/v1/handler_discount.go:222.41,223.58 1 0
github.com/convision/api/internal/transport/http/v1/handler_discount.go:223.58,226.4 2 0
github.com/convision/api/internal/transport/http/v1/handler_discount.go:229.2,230.16 2 0
github.com/convision/api/internal/transport/http/v1/handler_discount.go:230.16,233.3 2 0
github.com/convision/api/internal/transport/http/v1/handler_discount.go:235.2,235.25 1 0
github.com/convision/api/internal/transport/http/v1/handler_discount.go:235.25,238.3 2 0
github.com/convision/api/internal/transport/http/v1/handler_discount.go:240.2,242.4 1 0
github.com/convision/api/internal/transport/http/v1/handler_feature.go:19.54,21.16 2 0
github.com/convision/api/internal/transport/http/v1/handler_feature.go:21.16,23.3 1 0
github.com/convision/api/internal/transport/http/v1/handler_feature.go:24.2,25.16 2 0
github.com/convision/api/internal/transport/http/v1/handler_feature.go:25.16,28.3 2 0
github.com/convision/api/internal/transport/http/v1/handler_feature.go:29.2,30.29 2 0
github.com/convision/api/internal/transport/http/v1/handler_feature.go:30.29,32.3 1 0
github.com/convision/api/internal/transport/http/v1/handler_feature.go:33.2,33.48 1 0
github.com/convision/api/internal/transport/http/v1/handler_feature.go:38.60,40.16 2 0
github.com/convision/api/internal/transport/http/v1/handler_feature.go:40.16,42.3 1 0
github.com/convision/api/internal/transport/http/v1/handler_feature.go:43.2,46.48 2 0
github.com/convision/api/internal/transport/http/v1/handler_feature.go:46.48,49.3 2 0
github.com/convision/api/internal/transport/http/v1/handler_feature.go:50.2,50.74 1 0
github.com/convision/api/internal/transport/http/v1/handler_feature.go:50.74,53.3 2 0
github.com/convision/api/internal/transport/http/v1/handler_feature.go:54.2,54.80 1 0
github.com/convision/api/internal/transport/http/v1/handler_feature.go:59.55,61.16 2 0
github.com/convision/api/internal/transport/http/v1/handler_feature.go:61.16,63.3 1 0
github.com/convision/api/internal/transport/http/v1/handler_feature.go:64.2,68.48 3 0
github.com/convision/api/internal/transport/http/v1/handler_feature.go:68.48,71.3 2 0
github.com/convision/api/internal/transport/http/v1/handler_feature.go:72.2,72.83 1 0
github.com/convision/api/internal/transport/http/v1/handler_feature.go:72.83,75.3 2 0
github.com/convision/api/internal/transport/http/v1/handler_feature.go:76.2,76.64 1 0
github.com/convision/api/internal/transport/http/v1/handler_feature.go:81.51,84.2 2 0
github.com/convision/api/internal/transport/http/v1/handler_finance.go:52.65,54.40 2 0
github.com/convision/api/internal/transport/http/v1/handler_finance.go:54.40,56.3 1 0
github.com/convision/api/internal/transport/http/v1/handler_finance.go:57.2,89.3 1 0
github.com/convision/api/internal/transport/http/v1/handler_finance.go:94.49,97.46 3 0
github.com/convision/api/internal/transport/http/v1/handler_finance.go:97.46,100.3 2 0
github.com/convision/api/internal/transport/http/v1/handler_finance.go:101.2,102.16 2 0
github.com/convision/api/internal/transport/http/v1/handler_finance.go:102.16,105.3 2 0
github.com/convision/api/internal/transport/http/v1/handler_finance.go:108.2,109.29 2 0
github.com/convision/api/internal/transport/http/v1/handler_finance.go:109.29,111.3 1 0
github.com/convision/api/internal/transport/http/v1/handler_finance.go:113.2,119.4 1 0
github.com/convision/api/internal/transport/http/v1/handler_finance.go:122.47,125.16 3 0
github.com/convision/api/internal/transport/http/v1/handler_finance.go:125.16,128.3 2 0
github.com/convision/api/internal/transport/http/v1/handler_finance.go:129.2,130.16 2 0
github.com/convision/api/internal/transport/http/v1/handler_finance.go:130.16,133.3 2 0
github.com/convision/api/internal/transport/http/v1/handler_finance.go:134.2,134.49 1 0
github.com/convision/api/internal/transport/http/v1/handler_finance.go:137.50,140.49 3 0
github.com/convision/api/internal/transport/http/v1/handler_finance.go:140.49,143.3 2 0
github.com/convision/api/internal/transport/http/v1/handler_finance.go:144.2,145.16 2 0
github.com/convision/api/internal/transport/http/v1/handler_finance.go:145.16,148.3 2 0
github.com/convision/api/internal/transport/http/v1/handler_finance.go:149.2,149.54 1 0
github.com/convision/api/internal/transport/http/v1/handler_finance.go:152.50,155.16 3 0
github.com/convision/api/internal/transport/http/v1/handler_finance.go:155.16,158.3 2 0
github.com/convision/api/internal/transport/http/v1/handler_finance.go:159.2,160.49 2 0
github.com/convision/api/internal/transport/http/v1/handler_finance.go:160.49,163.3 2 0
github.com/convision/api/internal/transport/http/v1/handler_finance.go:164.2,165.16 2 0
github.com/convision/api/internal/transport/http/v1/handler_finance.go:165.16,168.3 2 0
github.com/convision/api/internal/transport/http/v1/handler_finance.go:169.2,169.49 1 0
github.com/convision/api/internal/transport/http/v1/handler_finance.go:172.50,175.16 3 0
github.com/convision/api/internal/transport/http/v1/handler_finance.go:175.16,178.3 2 0
github.com/convision/api/internal/transport/http/v1/handler_finance.go:179.2,179.56 1 0
github.com/convision/api/internal/transport/http/v1/handler_finance.go:179.56,182.3 2 0
github.com/convision/api/internal/transport/http/v1/handler_finance.go:183.2,183.32 1 0
github.com/convision/api/internal/transport/http/v1/handler_finance.go:188.49,190.46 2 0
github.com/convision/api/internal/transport/http/v1/handler_finance.go:190.46,193.3 2 0
github.com/convision/api/internal/transport/http/v1/handler_finance.go:194.2,196.16 3 0
github.com/convision/api/internal/transport/http/v1/handler_finance.go:196.16,199.3 2 0
github.com/convision/api/internal/transport/http/v1/handler_finance.go:200.2,200.28 1 0
github.com/convision/api/internal/transport/http/v1/handler_finance.go:203.47,206.16 3 0
github.com/convision/api/internal/transport/http/v1/handler_finance.go:206.16,209.3 2 0
github.com/convision/api/internal/transport/http/v1/handler_finance.go:210.2,211.16 2 0
github.com/convision/api/internal/transport/http/v1/handler_finance.go:211.16,214.3 2 0
github.com/convision/api/internal/transport/http/v1/handler_finance.go:215.2,215.26 1 0
github.com/convision/api/internal/transport/http/v1/handler_finance.go:218.50,221.49 3 0
github.com/convision/api/internal/transport/http/v1/handler_finance.go:221.49,224.3 2 0
github.com/convision/api/internal/transport/http/v1/handler_finance.go:225.2,227.19 3 0
github.com/convision/api/internal/transport/http/v1/handler_finance.go:227.19,230.3 2 0
github.com/convision/api/internal/transport/http/v1/handler_finance.go:231.2,232.16 2 0
github.com/convision/api/internal/transport/http/v1/handler_finance.go:232.16,235.3 2 0
github.com/convision/api/internal/transport/http/v1/handler_finance.go:236.2,236.31 1 0
github.com/convision/api/internal/transport/http/v1/handler_finance.go:239.50,242.16 3 0
github.com/convision/api/internal/transport/http/v1/handler_finance.go:242.16,245.3 2 0
github.com/convision/api/internal/transport/http/v1/handler_finance.go:246.2,247.49 2 0
github.com/convision/api/internal/transport/http/v1/handler_finance.go:247.49,250.3 2 0
github.com/convision/api/internal/transport/http/v1/handler_finance.go:251.2,252.16 2 0
github.com/convision/api/internal/transport/http/v1/handler_finance.go:252.16,255.3 2 0
github.com/convision/api/internal/transport/http/v1/handler_finance.go:256.2,256.26 1 0
github.com/convision/api/internal/transport/http/v1/handler_finance.go:259.50,262.16 3 0
github.com/convision/api/internal/transport/http/v1/handler_finance.go:262.16,265.3 2 0
github.com/convision/api/internal/transport/http/v1/handler_finance.go:266.2,266.56 1 0
github.com/convision/api/internal/transport/http/v1/handler_finance.go:266.56,269.3 2 0
github.com/convision/api/internal/transport/http/v1/handler_finance.go:270.2,270.32 1 0
github.com/convision/api/internal/transport/http/v1/handler_finance.go:275.51,278.16 3 0
github.com/convision/api/internal/transport/http/v1/handler_finance.go:278.16,281.3 2 0
github.com/convision/api/internal/transport/http/v1/handler_finance.go:282.2,283.16 2 0
github.com/convision/api/internal/transport/http/v1/handler_finance.go:283.16,286.3 2 0
github.com/convision/api/internal/transport/http/v1/handler_finance.go:287.2,287.26 1 0
github.com/convision/api/internal/transport/http/v1/handler_finance.go:292.51,295.16 3 0
github.com/convision/api/internal/transport/http/v1/handler_finance.go:295.16,298.3 2 0
github.com/convision/api/internal/transport/http/v1/handler_finance.go:299.2,299.30 1 0
github.com/convision/api/internal/transport/http/v1/handler_finance.go:302.48,304.46 2 0
github.com/convision/api/internal/transport/http/v1/handler_finance.go:304.46,307.3 2 0
github.com/convision/api/internal/transport/http/v1/handler_finance.go:308.2,310.16 3 0
github.com/convision/api/internal/transport/http/v1/handler_finance.go:310.16,313.3 2 0
github.com/convision/api/internal/transport/http/v1/handler_finance.go:314.2,314.28 1 0
github.com/convision/api/internal/transport/http/v1/handler_finance.go:317.46,319.16 2 0
github.com/convision/api/internal/transport/http/v1/handler_finance.go:319.16,322.3 2 0
github.com/convision/api/internal/transport/http/v1/handler_finance.go:323.2,325.16 3 0
github.com/convision/api/internal/transport/http/v1/handler_finance.go:325.16,328.3 2 0
github.com/convision/api/internal/transport/http/v1/handler_finance.go:329.2,329.26 1 0
github.com/convision/api/internal/transport/http/v1/handler_finance.go:332.49,334.49 2 0
github.com/convision/api/internal/transport/http/v1/handler_finance.go:334.49,337.3 2 0
github.com/convision/api/internal/transport/http/v1/handler_finance.go:338.2,340.19 3 0
github.com/convision/api/internal/transport/http/v1/handler_finance.go:340.19,343.3 2 0
github.com/convision/api/internal/transport/http/v1/handler_finance.go:344.2,346.16 3 0
github.com/convision/api/internal/transport/http/v1/handler_finance.go:346.16,349.3 2 0
github.com/convision/api/internal/transport/http/v1/handler_finance.go:350.2,350.31 1 0
github.com/convision/api/internal/transport/http/v1/handler_finance.go:353.49,355.16 2 0
github.com/convision/api/internal/transport/http/v1/handler_finance.go:355.16,358.3 2 0
github.com/convision/api/internal/transport/http/v1/handler_finance.go:359.2,360.49 2 0
github.com/convision/api/internal/transport/http/v1/handler_finance.go:360.49,363.3 2 0
github.com/convision/api/internal/transport/http/v1/handler_finance.go:364.2,366.16 3 0
github.com/convision/api/internal/transport/http/v1/handler_finance.go:366.16,369.3 2 0
github.com/convision/api/internal/transport/http/v1/handler_finance.go:370.2,370.26 1 0
github.com/convision/api/internal/transport/http/v1/handler_finance.go:373.49,375.16 2 0
github.com/convision/api/internal/transport/http/v1/handler_finance.go:375.16,378.3 2 0
github.com/convision/api/internal/transport/http/v1/handler_finance.go:379.2,380.55 2 0
github.com/convision/api/internal/transport/http/v1/handler_finance.go:380.55,383.3 2 0
github.com/convision/api/internal/transport/http/v1/handler_finance.go:384.2,384.32 1 0
github.com/convision/api/internal/transport/http/v1/handler_finance.go:391.56,395.14 3 0
github.com/convision/api/internal/transport/http/v1/handler_finance.go:395.14,397.3 1 0
github.com/convision/api/internal/transport/http/v1/handler_finance.go:398.2,398.34 1 0
github.com/convision/api/internal/transport/http/v1/handler_finance.go:398.34,400.3 1 0
github.com/convision/api/internal/transport/http/v1/handler_finance.go:403.2,410.33 2 0
github.com/convision/api/internal/transport/http/v1/handler_guest_pdf.go:16.53,17.17 1 0
github.com/convision/api/internal/transport/http/v1/handler_guest_pdf.go:17.17,19.3 1 0
github.com/convision/api/internal/transport/http/v1/handler_guest_pdf.go:20.2,21.41 2 0
github.com/convision/api/internal/transport/http/v1/handler_guest_pdf.go:21.41,23.3 1 0
github.com/convision/api/internal/transport/http/v1/handler_guest_pdf.go:25.2,26.21 2 0
github.com/convision/api/internal/transport/http/v1/handler_guest_pdf.go:26.21,28.3 1 0
github.com/convision/api/internal/transport/http/v1/handler_guest_pdf.go:29.2,30.19 2 0
github.com/convision/api/internal/transport/http/v1/handler_guest_pdf.go:35.69,44.2 6 0
github.com/convision/api/internal/transport/http/v1/handler_guest_pdf.go:47.42,66.2 2 0
github.com/convision/api/internal/transport/http/v1/handler_guest_pdf.go:72.49,74.16 2 0
github.com/convision/api/internal/transport/http/v1/handler_guest_pdf.go:74.16,77.3 2 0
github.com/convision/api/internal/transport/http/v1/handler_guest_pdf.go:78.2,79.42 2 0
github.com/convision/api/internal/transport/http/v1/handler_guest_pdf.go:79.42,82.3 2 0
github.com/convision/api/internal/transport/http/v1/handler_guest_pdf.go:83.2,83.40 1 0
github.com/convision/api/internal/transport/http/v1/handler_guest_pdf.go:88.52,90.16 2 0
github.com/convision/api/internal/transport/http/v1/handler_guest_pdf.go:90.16,93.3 2 0
github.com/convision/api/internal/transport/http/v1/handler_guest_pdf.go:94.2,95.42 2 0
github.com/convision/api/internal/transport/http/v1/handler_guest_pdf.go:95.42,98.3 2 0
github.com/convision/api/internal/transport/http/v1/handler_guest_pdf.go:99.2,99.44 1 0
github.com/convision/api/internal/transport/http/v1/handler_guest_pdf.go:104.59,106.16 2 0
github.com/convision/api/internal/transport/http/v1/handler_guest_pdf.go:106.16,109.3 2 0
github.com/convision/api/internal/transport/http/v1/handler_guest_pdf.go:110.2,111.42 2 0
github.com/convision/api/internal/transport/http/v1/handler_guest_pdf.go:111.42,114.3 2 0
github.com/convision/api/internal/transport/http/v1/handler_guest_pdf.go:116.2,118.16 3 0
github.com/convision/api/internal/transport/http/v1/handler_guest_pdf.go:118.16,121.3 2 0
github.com/convision/api/internal/transport/http/v1/handler_guest_pdf.go:123.2,124.19 2 0
github.com/convision/api/internal/transport/http/v1/handler_guest_pdf.go:124.19,127.3 2 0
github.com/convision/api/internal/transport/http/v1/handler_guest_pdf.go:129.2,132.52 4 0
github.com/convision/api/internal/transport/http/v1/handler_guest_pdf.go:137.48,139.16 2 0
github.com/convision/api/internal/transport/http/v1/handler_guest_pdf.go:139.16,142.3 2 0
github.com/convision/api/internal/transport/http/v1/handler_guest_pdf.go:143.2,144.42 2 0
github.com/convision/api/internal/transport/http/v1/handler_guest_pdf.go:144.42,147.3 2 0
github.com/convision/api/internal/transport/http/v1/handler_guest_pdf.go:148.2,148.39 1 0
github.com/convision/api/internal/transport/http/v1/handler_guest_pdf.go:153.49,155.16 2 0
github.com/convision/api/internal/transport/http/v1/handler_guest_pdf.go:155.16,158.3 2 0
github.com/convision/api/internal/transport/http/v1/handler_guest_pdf.go:159.2,160.42 2 0
github.com/convision/api/internal/transport/http/v1/handler_guest_pdf.go:160.42,163.3 2 0
github.com/convision/api/internal/transport/http/v1/handler_guest_pdf.go:164.2,164.40 1 0
github.com/convision/api/internal/transport/http/v1/handler_guest_pdf.go:169.59,171.16 2 0
github.com/convision/api/internal/transport/http/v1/handler_guest_pdf.go:171.16,174.3 2 0
github.com/convision/api/internal/transport/http/v1/handler_guest_pdf.go:175.2,176.42 2 0
github.com/convision/api/internal/transport/http/v1/handler_guest_pdf.go:176.42,179.3 2 0
github.com/convision/api/internal/transport/http/v1/handler_guest_pdf.go:180.2,180.51 1 0
github.com/convision/api/internal/transport/http/v1/handler_inventory.go:17.50,19.46 2 0
github.com/convision/api/internal/transport/http/v1/handler_inventory.go:19.46,22.3 2 0
github.com/convision/api/internal/transport/http/v1/handler_inventory.go:23.2,24.59 2 0
github.com/convision/api/internal/transport/http/v1/handler_inventory.go:24.59,25.21 1 0
github.com/convision/api/internal/transport/http/v1/handler_inventory.go:25.21,27.4 1 0
github.com/convision/api/internal/transport/http/v1/handler_inventory.go:27.9,29.4 1 0
github.com/convision/api/internal/transport/http/v1/handler_inventory.go:31.2,31.18 1 0
github.com/convision/api/internal/transport/http/v1/handler_inventory.go:31.18,33.3 1 0
github.com/convision/api/internal/transport/http/v1/handler_inventory.go:34.2,35.16 2 0
github.com/convision/api/internal/transport/http/v1/handler_inventory.go:35.16,38.3 2 0
github.com/convision/api/internal/transport/http/v1/handler_inventory.go:39.2,39.28 1 0
github.com/convision/api/internal/transport/http/v1/handler_inventory.go:42.48,44.16 2 0
github.com/convision/api/internal/transport/http/v1/handler_inventory.go:44.16,46.3 1 0
github.com/convision/api/internal/transport/http/v1/handler_inventory.go:47.2,48.16 2 0
github.com/convision/api/internal/transport/http/v1/handler_inventory.go:48.16,51.3 2 0
github.com/convision/api/internal/transport/http/v1/handler_inventory.go:52.2,52.26 1 0
github.com/convision/api/internal/transport/http/v1/handler_inventory.go:55.51,57.49 2 0
github.com/convision/api/internal/transport/http/v1/handler_inventory.go:57.49,60.3 2 0
github.com/convision/api/internal/transport/http/v1/handler_inventory.go:61.2,63.16 3 0
github.com/convision/api/internal/transport/http/v1/handler_inventory.go:63.16,66.3 2 0
github.com/convision/api/internal/transport/http/v1/handler_inventory.go:67.2,67.31 1 0
github.com/convision/api/internal/transport/http/v1/handler_inventory.go:70.51,72.16 2 0
github.com/convision/api/internal/transport/http/v1/handler_inventory.go:72.16,74.3 1 0
github.com/convision/api/internal/transport/http/v1/handler_inventory.go:75.2,76.49 2 0
github.com/convision/api/internal/transport/http/v1/handler_inventory.go:76.49,79.3 2 0
github.com/convision/api/internal/transport/http/v1/handler_inventory.go:80.2,81.16 2 0
github.com/convision/api/internal/transport/http/v1/handler_inventory.go:81.16,84.3 2 0
github.com/convision/api/internal/transport/http/v1/handler_inventory.go:85.2,85.26 1 0
github.com/convision/api/internal/transport/http/v1/handler_inventory.go:88.51,90.16 2 0
github.com/convision/api/internal/transport/http/v1/handler_inventory.go:90.16,92.3 1 0
github.com/convision/api/internal/transport/http/v1/handler_inventory.go:93.2,93.56 1 0
github.com/convision/api/internal/transport/http/v1/handler_inventory.go:93.56,96.3 2 0
github.com/convision/api/internal/transport/http/v1/handler_inventory.go:97.2,97.32 1 0
github.com/convision/api/internal/transport/http/v1/handler_inventory.go:100.57,102.16 2 0
github.com/convision/api/internal/transport/http/v1/handler_inventory.go:102.16,104.3 1 0
github.com/convision/api/internal/transport/http/v1/handler_inventory.go:105.2,106.16 2 0
github.com/convision/api/internal/transport/http/v1/handler_inventory.go:106.16,109.3 2 0
github.com/convision/api/internal/transport/http/v1/handler_inventory.go:110.2,110.49 1 0
github.com/convision/api/internal/transport/http/v1/handler_inventory.go:115.58,117.46 2 0
github.com/convision/api/internal/transport/http/v1/handler_inventory.go:117.46,120.3 2 0
github.com/convision/api/internal/transport/http/v1/handler_inventory.go:121.2,122.18 2 0
github.com/convision/api/internal/transport/http/v1/handler_inventory.go:122.18,124.3 1 0
github.com/convision/api/internal/transport/http/v1/handler_inventory.go:125.2,126.16 2 0
github.com/convision/api/internal/transport/http/v1/handler_inventory.go:126.16,129.3 2 0
github.com/convision/api/internal/transport/http/v1/handler_inventory.go:130.2,130.28 1 0
github.com/convision/api/internal/transport/http/v1/handler_inventory.go:133.56,135.16 2 0
github.com/convision/api/internal/transport/http/v1/handler_inventory.go:135.16,137.3 1 0
github.com/convision/api/internal/transport/http/v1/handler_inventory.go:138.2,139.16 2 0
github.com/convision/api/internal/transport/http/v1/handler_inventory.go:139.16,142.3 2 0
github.com/convision/api/internal/transport/http/v1/handler_inventory.go:143.2,143.28 1 0
github.com/convision/api/internal/transport/http/v1/handler_inventory.go:146.59,148.49 2 0
github.com/convision/api/internal/transport/http/v1/handler_inventory.go:148.49,151.3 2 0
github.com/convision/api/internal/transport/http/v1/handler_inventory.go:152.2,154.16 3 0
github.com/convision/api/internal/transport/http/v1/handler_inventory.go:154.16,157.3 2 0
github.com/convision/api/internal/transport/http/v1/handler_inventory.go:158.2,158.33 1 0
github.com/convision/api/internal/transport/http/v1/handler_inventory.go:161.59,163.16 2 0
github.com/convision/api/internal/transport/http/v1/handler_inventory.go:163.16,165.3 1 0
github.com/convision/api/internal/transport/http/v1/handler_inventory.go:166.2,167.49 2 0
github.com/convision/api/internal/transport/http/v1/handler_inventory.go:167.49,170.3 2 0
github.com/convision/api/internal/transport/http/v1/handler_inventory.go:171.2,172.16 2 0
github.com/convision/api/internal/transport/http/v1/handler_inventory.go:172.16,175.3 2 0
github.com/convision/api/internal/transport/http/v1/handler_inventory.go:176.2,176.28 1 0
github.com/convision/api/internal/transport/http/v1/handler_inventory.go:179.59,181.16 2 0
github.com/convision/api/internal/transport/http/v1/handler_inventory.go:181.16,183.3 1 0
github.com/convision/api/internal/transport/http/v1/handler_inventory.go:184.2,184.55 1 0
github.com/convision/api/internal/transport/http/v1/handler_inventory.go:184.55,187.3 2 0
github.com/convision/api/internal/transport/http/v1/handler_inventory.go:188.2,188.32 1 0
github.com/convision/api/internal/transport/http/v1/handler_inventory.go:193.54,196.46 3 0
github.com/convision/api/internal/transport/http/v1/handler_inventory.go:196.46,199.3 2 0
github.com/convision/api/internal/transport/http/v1/handler_inventory.go:200.2,201.59 2 0
github.com/convision/api/internal/transport/http/v1/handler_inventory.go:201.59,202.21 1 0
github.com/convision/api/internal/transport/http/v1/handler_inventory.go:202.21,204.4 1 0
github.com/convision/api/internal/transport/http/v1/handler_inventory.go:204.9,206.4 1 0
github.com/convision/api/internal/transport/http/v1/handler_inventory.go:208.2,208.18 1 0
github.com/convision/api/internal/transport/http/v1/handler_inventory.go:208.18,210.3 1 0
github.com/convision/api/internal/transport/http/v1/handler_inventory.go:211.2,212.16 2 0
github.com/convision/api/internal/transport/http/v1/handler_inventory.go:212.16,215.3 2 0
github.com/convision/api/internal/transport/http/v1/handler_inventory.go:216.2,216.28 1 0
github.com/convision/api/internal/transport/http/v1/handler_inventory.go:219.52,221.16 2 0
github.com/convision/api/internal/transport/http/v1/handler_inventory.go:221.16,223.3 1 0
github.com/convision/api/internal/transport/http/v1/handler_inventory.go:224.2,225.16 2 0
github.com/convision/api/internal/transport/http/v1/handler_inventory.go:225.16,228.3 2 0
github.com/convision/api/internal/transport/http/v1/handler_inventory.go:229.2,229.29 1 0
github.com/convision/api/internal/transport/http/v1/handler_inventory.go:232.55,234.49 2 0
github.com/convision/api/internal/transport/http/v1/handler_inventory.go:234.49,237.3 2 0
github.com/convision/api/internal/transport/http/v1/handler_inventory.go:238.2,240.16 3 0
github.com/convision/api/internal/transport/http/v1/handler_inventory.go:240.16,243.3 2 0
github.com/convision/api/internal/transport/http/v1/handler_inventory.go:244.2,244.34 1 0
github.com/convision/api/internal/transport/http/v1/handler_inventory.go:247.55,249.16 2 0
github.com/convision/api/internal/transport/http/v1/handler_inventory.go:249.16,251.3 1 0
github.com/convision/api/internal/transport/http/v1/handler_inventory.go:252.2,253.49 2 0
github.com/convision/api/internal/transport/http/v1/handler_inventory.go:253.49,256.3 2 0
github.com/convision/api/internal/transport/http/v1/handler_inventory.go:257.2,258.16 2 0
github.com/convision/api/internal/transport/http/v1/handler_inventory.go:258.16,261.3 2 0
github.com/convision/api/internal/transport/http/v1/handler_inventory.go:262.2,262.29 1 0
github.com/convision/api/internal/transport/http/v1/handler_inventory.go:265.55,267.16 2 0
github.com/convision/api/internal/transport/http/v1/handler_inventory.go:267.16,269.3 1 0
github.com/convision/api/internal/transport/http/v1/handler_inventory.go:270.2,270.71 1 0
github.com/convision/api/internal/transport/http/v1/handler_inventory.go:270.71,273.3 2 0
github.com/convision/api/internal/transport/http/v1/handler_inventory.go:274.2,274.32 1 0
github.com/convision/api/internal/transport/http/v1/handler_inventory.go:277.49,280.46 3 0
github.com/convision/api/internal/transport/http/v1/handler_inventory.go:280.46,283.3 2 0
github.com/convision/api/internal/transport/http/v1/handler_inventory.go:284.2,285.18 2 0
github.com/convision/api/internal/transport/http/v1/handler_inventory.go:285.18,287.3 1 0
github.com/convision/api/internal/transport/http/v1/handler_inventory.go:288.2,289.16 2 0
github.com/convision/api/internal/transport/http/v1/handler_inventory.go:289.16,292.3 2 0
github.com/convision/api/internal/transport/http/v1/handler_inventory.go:293.2,294.18 2 0
github.com/convision/api/internal/transport/http/v1/handler_inventory.go:294.18,296.3 1 0
github.com/convision/api/internal/transport/http/v1/handler_inventory.go:297.2,303.4 1 0
github.com/convision/api/internal/transport/http/v1/handler_inventory.go:306.62,308.16 2 0
github.com/convision/api/internal/transport/http/v1/handler_inventory.go:308.16,310.3 1 0
github.com/convision/api/internal/transport/http/v1/handler_inventory.go:311.2,313.16 3 0
github.com/convision/api/internal/transport/http/v1/handler_inventory.go:313.16,316.3 2 0
github.com/convision/api/internal/transport/http/v1/handler_inventory.go:317.2,317.28 1 0
github.com/convision/api/internal/transport/http/v1/handler_inventory.go:320.62,322.16 2 0
github.com/convision/api/internal/transport/http/v1/handler_inventory.go:322.16,324.3 1 0
github.com/convision/api/internal/transport/http/v1/handler_inventory.go:325.2,326.16 2 0
github.com/convision/api/internal/transport/http/v1/handler_inventory.go:326.16,329.3 2 0
github.com/convision/api/internal/transport/http/v1/handler_inventory.go:330.2,330.28 1 0
github.com/convision/api/internal/transport/http/v1/handler_inventory.go:335.58,338.46 3 0
github.com/convision/api/internal/transport/http/v1/handler_inventory.go:338.46,341.3 2 0
github.com/convision/api/internal/transport/http/v1/handler_inventory.go:342.2,343.18 2 0
github.com/convision/api/internal/transport/http/v1/handler_inventory.go:343.18,345.3 1 0
github.com/convision/api/internal/transport/http/v1/handler_inventory.go:346.2,347.16 2 0
github.com/convision/api/internal/transport/http/v1/handler_inventory.go:347.16,350.3 2 0
github.com/convision/api/internal/transport/http/v1/handler_inventory.go:351.2,351.28 1 0
github.com/convision/api/internal/transport/http/v1/handler_inventory.go:354.56,356.16 2 0
github.com/convision/api/internal/transport/http/v1/handler_inventory.go:356.16,358.3 1 0
github.com/convision/api/internal/transport/http/v1/handler_inventory.go:359.2,360.16 2 0
github.com/convision/api/internal/transport/http/v1/handler_inventory.go:360.16,363.3 2 0
github.com/convision/api/internal/transport/http/v1/handler_inventory.go:364.2,364.26 1 0
github.com/convision/api/internal/transport/http/v1/handler_inventory.go:367.59,369.49 2 0
github.com/convision/api/internal/transport/http/v1/handler_inventory.go:369.49,372.3 2 0
github.com/convision/api/internal/transport/http/v1/handler_inventory.go:374.2,374.44 1 0
github.com/convision/api/internal/transport/http/v1/handler_inventory.go:374.44,377.3 2 0
github.com/convision/api/internal/transport/http/v1/handler_inventory.go:378.2,379.16 2 0
github.com/convision/api/internal/transport/http/v1/handler_inventory.go:379.16,382.3 2 0
github.com/convision/api/internal/transport/http/v1/handler_inventory.go:383.2,383.31 1 0
github.com/convision/api/internal/transport/http/v1/handler_inventory.go:386.59,388.16 2 0
github.com/convision/api/internal/transport/http/v1/handler_inventory.go:388.16,390.3 1 0
github.com/convision/api/internal/transport/http/v1/handler_inventory.go:391.2,392.49 2 0
github.com/convision/api/internal/transport/http/v1/handler_inventory.go:392.49,395.3 2 0
github.com/convision/api/internal/transport/http/v1/handler_inventory.go:396.2,397.16 2 0
github.com/convision/api/internal/transport/http/v1/handler_inventory.go:397.16,400.3 2 0
github.com/convision/api/internal/transport/http/v1/handler_inventory.go:401.2,401.26 1 0
github.com/convision/api/internal/transport/http/v1/handler_inventory.go:404.59,406.16 2 0
github.com/convision/api/internal/transport/http/v1/handler_inventory.go:406.16,408.3 1 0
github.com/convision/api/internal/transport/http/v1/handler_inventory.go:409.2,409.75 1 0
github.com/convision/api/internal/transport/http/v1/handler_inventory.go:409.75,412.3 2 0
github.com/convision/api/internal/transport/http/v1/handler_inventory.go:413.2,413.32 1 0
github.com/convision/api/internal/transport/http/v1/handler_inventory.go:416.61,418.16 2 0
github.com/convision/api/internal/transport/http/v1/handler_inventory.go:418.16,420.3 1 0
github.com/convision/api/internal/transport/http/v1/handler_inventory.go:421.2,422.16 2 0
github.com/convision/api/internal/transport/http/v1/handler_inventory.go:422.16,425.3 2 0
github.com/convision/api/internal/transport/http/v1/handler_inventory.go:426.2,426.26 1 0
github.com/convision/api/internal/transport/http/v1/handler_inventory.go:429.59,431.16 2 0
github.com/convision/api/internal/transport/http/v1/handler_inventory.go:431.16,433.3 1 0
github.com/convision/api/internal/transport/http/v1/handler_inventory.go:434.2,435.16 2 0
github.com/convision/api/internal/transport/http/v1/handler_inventory.go:435.16,438.3 2 0
github.com/convision/api/internal/transport/http/v1/handler_inventory.go:439.2,439.26 1 0
github.com/convision/api/internal/transport/http/v1/handler_inventory.go:446.51,449.46 3 0
github.com/convision/api/internal/transport/http/v1/handler_inventory.go:449.46,452.3 2 0
github.com/convision/api/internal/transport/http/v1/handler_inventory.go:453.2,454.16 2 0
github.com/convision/api/internal/transport/http/v1/handler_inventory.go:454.16,457.3 2 0
github.com/convision/api/internal/transport/http/v1/handler_inventory.go:458.2,458.28 1 0
github.com/convision/api/internal/transport/http/v1/handler_inventory.go:461.51,467.49 2 0
github.com/convision/api/internal/transport/http/v1/handler_inventory.go:467.49,470.3 2 0
github.com/convision/api/internal/transport/http/v1/handler_inventory.go:471.2,472.16 2 0
github.com/convision/api/internal/transport/http/v1/handler_inventory.go:472.16,475.3 2 0
github.com/convision/api/internal/transport/http/v1/handler_inventory.go:476.2,476.29 1 0
github.com/convision/api/internal/transport/http/v1/handler_inventory.go:481.61,483.49 2 0
github.com/convision/api/internal/transport/http/v1/handler_inventory.go:483.49,486.3 2 0
github.com/convision/api/internal/transport/http/v1/handler_inventory.go:487.2,488.9 2 0
github.com/convision/api/internal/transport/http/v1/handler_inventory.go:488.9,491.3 2 0
github.com/convision/api/internal/transport/http/v1/handler_inventory.go:492.2,494.16 3 0
github.com/convision/api/internal/transport/http/v1/handler_inventory.go:494.16,497.3 2 0
github.com/convision/api/internal/transport/http/v1/handler_inventory.go:498.2,498.33 1 0
github.com/convision/api/internal/transport/http/v1/handler_inventory.go:501.60,504.46 3 0
github.com/convision/api/internal/transport/http/v1/handler_inventory.go:504.46,507.3 2 0
github.com/convision/api/internal/transport/http/v1/handler_inventory.go:508.2,509.16 2 0
github.com/convision/api/internal/transport/http/v1/handler_inventory.go:509.16,512.3 2 0
github.com/convision/api/internal/transport/http/v1/handler_inventory.go:513.2,513.28 1 0
github.com/convision/api/internal/transport/http/v1/handler_inventory.go:516.62,518.16 2 0
github.com/convision/api/internal/transport/http/v1/handler_inventory.go:518.16,520.3 1 0
github.com/convision/api/internal/transport/http/v1/handler_inventory.go:521.2,522.9 2 0
github.com/convision/api/internal/transport/http/v1/handler_inventory.go:522.9,525.3 2 0
github.com/convision/api/internal/transport/http/v1/handler_inventory.go:526.2,527.16 2 0
github.com/convision/api/internal/transport/http/v1/handler_inventory.go:527.16,530.3 2 0
github.com/convision/api/internal/transport/http/v1/handler_inventory.go:531.2,531.28 1 0
github.com/convision/api/internal/transport/http/v1/handler_inventory.go:534.61,536.16 2 0
github.com/convision/api/internal/transport/http/v1/handler_inventory.go:536.16,538.3 1 0
github.com/convision/api/internal/transport/http/v1/handler_inventory.go:539.2,540.9 2 0
github.com/convision/api/internal/transport/http/v1/handler_inventory.go:540.9,543.3 2 0
github.com/convision/api/internal/transport/http/v1/handler_inventory.go:544.2,549.16 4 0
github.com/convision/api/internal/transport/http/v1/handler_inventory.go:549.16,552.3 2 0
github.com/convision/api/internal/transport/http/v1/handler_inventory.go:553.2,553.28 1 0
github.com/convision/api/internal/transport/http/v1/handler_inventory.go:558.54,561.46 3 0
github.com/convision/api/internal/transport/http/v1/handler_inventory.go:561.46,564.3 2 0
github.com/convision/api/internal/transport/http/v1/handler_inventory.go:565.2,566.16 2 0
github.com/convision/api/internal/transport/http/v1/handler_inventory.go:566.16,569.3 2 0
github.com/convision/api/internal/transport/http/v1/handler_inventory.go:570.2,570.28 1 0
github.com/convision/api/internal/transport/http/v1/handler_laboratory.go:23.52,26.46 3 0
github.com/convision/api/internal/transport/http/v1/handler_laboratory.go:26.46,29.3 2 0
github.com/convision/api/internal/transport/http/v1/handler_laboratory.go:31.2,32.16 2 0
github.com/convision/api/internal/transport/http/v1/handler_laboratory.go:32.16,35.3 2 0
github.com/convision/api/internal/transport/http/v1/handler_laboratory.go:36.2,48.4 1 0
github.com/convision/api/internal/transport/http/v1/handler_laboratory.go:53.49,56.16 3 0
github.com/convision/api/internal/transport/http/v1/handler_laboratory.go:56.16,58.3 1 0
github.com/convision/api/internal/transport/http/v1/handler_laboratory.go:59.2,60.16 2 0
github.com/convision/api/internal/transport/http/v1/handler_laboratory.go:60.16,63.3 2 0
github.com/convision/api/internal/transport/http/v1/handler_laboratory.go:64.2,64.26 1 0
github.com/convision/api/internal/transport/http/v1/handler_laboratory.go:69.52,72.49 3 0
github.com/convision/api/internal/transport/http/v1/handler_laboratory.go:72.49,75.3 2 0
github.com/convision/api/internal/transport/http/v1/handler_laboratory.go:77.2,78.16 2 0
github.com/convision/api/internal/transport/http/v1/handler_laboratory.go:78.16,81.3 2 0
github.com/convision/api/internal/transport/http/v1/handler_laboratory.go:82.2,82.31 1 0
github.com/convision/api/internal/transport/http/v1/handler_laboratory.go:87.52,90.16 3 0
github.com/convision/api/internal/transport/http/v1/handler_laboratory.go:90.16,92.3 1 0
github.com/convision/api/internal/transport/http/v1/handler_laboratory.go:94.2,95.49 2 0
github.com/convision/api/internal/transport/http/v1/handler_laboratory.go:95.49,98.3 2 0
github.com/convision/api/internal/transport/http/v1/handler_laboratory.go:100.2,101.16 2 0
github.com/convision/api/internal/transport/http/v1/handler_laboratory.go:101.16,104.3 2 0
github.com/convision/api/internal/transport/http/v1/handler_laboratory.go:105.2,105.26 1 0
github.com/convision/api/internal/transport/http/v1/handler_laboratory.go:110.52,113.16 3 0
github.com/convision/api/internal/transport/http/v1/handler_laboratory.go:113.16,115.3 1 0
github.com/convision/api/internal/transport/http/v1/handler_laboratory.go:116.2,116.55 1 0
github.com/convision/api/internal/transport/http/v1/handler_laboratory.go:116.55,119.3 2 0
github.com/convision/api/internal/transport/http/v1/handler_laboratory.go:120.2,120.35 1 0
github.com/convision/api/internal/transport/http/v1/handler_laboratory.go:127.59,130.16 3 0
github.com/convision/api/internal/transport/http/v1/handler_laboratory.go:130.16,133.3 2 0
github.com/convision/api/internal/transport/http/v1/handler_laboratory.go:134.2,134.30 1 0
github.com/convision/api/internal/transport/http/v1/handler_laboratory.go:139.56,142.46 3 0
github.com/convision/api/internal/transport/http/v1/handler_laboratory.go:142.46,145.3 2 0
github.com/convision/api/internal/transport/http/v1/handler_laboratory.go:150.2,150.66 1 0
github.com/convision/api/internal/transport/http/v1/handler_laboratory.go:150.66,152.17 2 0
github.com/convision/api/internal/transport/http/v1/handler_laboratory.go:152.17,154.36 2 0
github.com/convision/api/internal/transport/http/v1/handler_laboratory.go:154.36,156.5 1 0
github.com/convision/api/internal/transport/http/v1/handler_laboratory.go:160.2,161.16 2 0
github.com/convision/api/internal/transport/http/v1/handler_laboratory.go:161.16,164.3 2 0
github.com/convision/api/internal/transport/http/v1/handler_laboratory.go:165.2,165.28 1 0
github.com/convision/api/internal/transport/http/v1/handler_laboratory.go:170.54,173.16 3 0
github.com/convision/api/internal/transport/http/v1/handler_laboratory.go:173.16,175.3 1 0
github.com/convision/api/internal/transport/http/v1/handler_laboratory.go:176.2,177.16 2 0
github.com/convision/api/internal/transport/http/v1/handler_laboratory.go:177.16,180.3 2 0
github.com/convision/api/internal/transport/http/v1/handler_laboratory.go:181.2,181.26 1 0
github.com/convision/api/internal/transport/http/v1/handler_laboratory.go:186.57,189.49 3 0
github.com/convision/api/internal/transport/http/v1/handler_laboratory.go:189.49,192.3 2 0
github.com/convision/api/internal/transport/http/v1/handler_laboratory.go:194.2,195.9 2 0
github.com/convision/api/internal/transport/http/v1/handler_laboratory.go:195.9,198.3 2 0
github.com/convision/api/internal/transport/http/v1/handler_laboratory.go:200.2,201.16 2 0
github.com/convision/api/internal/transport/http/v1/handler_laboratory.go:201.16,204.3 2 0
github.com/convision/api/internal/transport/http/v1/handler_laboratory.go:205.2,205.31 1 0
github.com/convision/api/internal/transport/http/v1/handler_laboratory.go:210.57,213.16 3 0
github.com/convision/api/internal/transport/http/v1/handler_laboratory.go:213.16,215.3 1 0
github.com/convision/api/internal/transport/http/v1/handler_laboratory.go:217.2,218.49 2 0
github.com/convision/api/internal/transport/http/v1/handler_laboratory.go:218.49,221.3 2 0
github.com/convision/api/internal/transport/http/v1/handler_laboratory.go:223.2,224.16 2 0
github.com/convision/api/internal/transport/http/v1/handler_laboratory.go:224.16,227.3 2 0
github.com/convision/api/internal/transport/http/v1/handler_laboratory.go:228.2,228.26 1 0
github.com/convision/api/internal/transport/http/v1/handler_laboratory.go:233.57,236.16 3 0
github.com/convision/api/internal/transport/http/v1/handler_laboratory.go:236.16,238.3 1 0
github.com/convision/api/internal/transport/http/v1/handler_laboratory.go:239.2,239.57 1 0
github.com/convision/api/internal/transport/http/v1/handler_laboratory.go:239.57,242.3 2 0
github.com/convision/api/internal/transport/http/v1/handler_laboratory.go:243.2,243.35 1 0
github.com/convision/api/internal/transport/http/v1/handler_laboratory.go:248.62,251.16 3 0
github.com/convision/api/internal/transport/http/v1/handler_laboratory.go:251.16,253.3 1 0
github.com/convision/api/internal/transport/http/v1/handler_laboratory.go:254.2,256.16 3 0
github.com/convision/api/internal/transport/http/v1/handler_laboratory.go:256.16,259.3 2 0
github.com/convision/api/internal/transport/http/v1/handler_laboratory.go:260.2,260.45 1 0
github.com/convision/api/internal/transport/http/v1/handler_laboratory.go:265.65,268.16 3 0
github.com/convision/api/internal/transport/http/v1/handler_laboratory.go:268.16,270.3 1 0
github.com/convision/api/internal/transport/http/v1/handler_laboratory.go:272.2,273.16 2 0
github.com/convision/api/internal/transport/http/v1/handler_laboratory.go:273.16,276.3 2 0
github.com/convision/api/internal/transport/http/v1/handler_laboratory.go:278.2,279.16 2 0
github.com/convision/api/internal/transport/http/v1/handler_laboratory.go:279.16,282.3 2 0
github.com/convision/api/internal/transport/http/v1/handler_laboratory.go:283.2,286.26 3 0
github.com/convision/api/internal/transport/http/v1/handler_laboratory.go:286.26,289.3 2 0
github.com/convision/api/internal/transport/http/v1/handler_laboratory.go:291.2,292.21 2 0
github.com/convision/api/internal/transport/http/v1/handler_laboratory.go:292.21,294.3 1 0
github.com/convision/api/internal/transport/http/v1/handler_laboratory.go:295.2,296.59 2 0
github.com/convision/api/internal/transport/http/v1/handler_laboratory.go:296.59,299.3 2 0
github.com/convision/api/internal/transport/http/v1/handler_laboratory.go:301.2,302.15 2 0
github.com/convision/api/internal/transport/http/v1/handler_laboratory.go:302.15,304.3 1 0
github.com/convision/api/internal/transport/http/v1/handler_laboratory.go:305.2,308.64 3 0
github.com/convision/api/internal/transport/http/v1/handler_laboratory.go:308.64,311.3 2 0
github.com/convision/api/internal/transport/http/v1/handler_laboratory.go:313.2,317.8 4 0
github.com/convision/api/internal/transport/http/v1/handler_laboratory.go:317.8,319.3 1 0
github.com/convision/api/internal/transport/http/v1/handler_laboratory.go:321.2,322.16 2 0
github.com/convision/api/internal/transport/http/v1/handler_laboratory.go:322.16,325.3 2 0
github.com/convision/api/internal/transport/http/v1/handler_laboratory.go:327.2,327.47 1 0
github.com/convision/api/internal/transport/http/v1/handler_laboratory.go:332.62,335.16 3 0
github.com/convision/api/internal/transport/http/v1/handler_laboratory.go:335.16,337.3 1 0
github.com/convision/api/internal/transport/http/v1/handler_laboratory.go:338.2,339.16 2 0
github.com/convision/api/internal/transport/http/v1/handler_laboratory.go:339.16,342.3 2 0
github.com/convision/api/internal/transport/http/v1/handler_laboratory.go:343.2,343.31 1 0
github.com/convision/api/internal/transport/http/v1/handler_laboratory.go:348.67,351.16 3 0
github.com/convision/api/internal/transport/http/v1/handler_laboratory.go:351.16,353.3 1 0
github.com/convision/api/internal/transport/http/v1/handler_laboratory.go:355.2,356.49 2 0
github.com/convision/api/internal/transport/http/v1/handler_laboratory.go:356.49,359.3 2 0
github.com/convision/api/internal/transport/http/v1/handler_laboratory.go:361.2,362.9 2 0
github.com/convision/api/internal/transport/http/v1/handler_laboratory.go:362.9,365.3 2 0
github.com/convision/api/internal/transport/http/v1/handler_laboratory.go:367.2,368.16 2 0
github.com/convision/api/internal/transport/http/v1/handler_laboratory.go:368.16,371.3 2 0
github.com/convision/api/internal/transport/http/v1/handler_laboratory.go:373.2,373.26 1 0
github.com/convision/api/internal/transport/http/v1/handler_laboratory.go:378.63,381.16 3 0
github.com/convision/api/internal/transport/http/v1/handler_laboratory.go:381.16,383.3 1 0
github.com/convision/api/internal/transport/http/v1/handler_laboratory.go:385.2,386.49 2 0
github.com/convision/api/internal/transport/http/v1/handler_laboratory.go:386.49,389.3 2 0
github.com/convision/api/internal/transport/http/v1/handler_laboratory.go:391.2,392.9 2 0
github.com/convision/api/internal/transport/http/v1/handler_laboratory.go:392.9,395.3 2 0
github.com/convision/api/internal/transport/http/v1/handler_laboratory.go:397.2,398.16 2 0
github.com/convision/api/internal/transport/http/v1/handler_laboratory.go:398.16,401.3 2 0
github.com/convision/api/internal/transport/http/v1/handler_laboratory.go:403.2,403.52 1 0
github.com/convision/api/internal/transport/http/v1/handler_laboratory.go:403.52,406.42 3 0
github.com/convision/api/internal/transport/http/v1/handler_laboratory.go:406.42,408.4 1 0
github.com/convision/api/internal/transport/http/v1/handler_laboratory.go:411.2,411.26 1 0
github.com/convision/api/internal/transport/http/v1/handler_location.go:36.51,39.16 3 0
github.com/convision/api/internal/transport/http/v1/handler_location.go:39.16,42.3 2 0
github.com/convision/api/internal/transport/http/v1/handler_location.go:43.2,44.25 2 0
github.com/convision/api/internal/transport/http/v1/handler_location.go:44.25,46.3 1 0
github.com/convision/api/internal/transport/http/v1/handler_location.go:47.2,47.30 1 0
github.com/convision/api/internal/transport/http/v1/handler_location.go:51.53,54.34 3 0
github.com/convision/api/internal/transport/http/v1/handler_location.go:54.34,57.3 2 0
github.com/convision/api/internal/transport/http/v1/handler_location.go:58.2,59.16 2 0
github.com/convision/api/internal/transport/http/v1/handler_location.go:59.16,62.3 2 0
github.com/convision/api/internal/transport/http/v1/handler_location.go:63.2,64.25 2 0
github.com/convision/api/internal/transport/http/v1/handler_location.go:64.25,66.3 1 0
github.com/convision/api/internal/transport/http/v1/handler_location.go:67.2,67.30 1 0
github.com/convision/api/internal/transport/http/v1/handler_location.go:71.48,74.37 3 0
github.com/convision/api/internal/transport/http/v1/handler_location.go:74.37,77.3 2 0
github.com/convision/api/internal/transport/http/v1/handler_location.go:78.2,79.16 2 0
github.com/convision/api/internal/transport/http/v1/handler_location.go:79.16,82.3 2 0
github.com/convision/api/internal/transport/http/v1/handler_location.go:83.2,84.25 2 0
github.com/convision/api/internal/transport/http/v1/handler_location.go:84.25,86.3 1 0
github.com/convision/api/internal/transport/http/v1/handler_location.go:87.2,87.30 1 0
github.com/convision/api/internal/transport/http/v1/handler_location.go:91.51,94.31 3 0
github.com/convision/api/internal/transport/http/v1/handler_location.go:94.31,97.3 2 0
github.com/convision/api/internal/transport/http/v1/handler_location.go:98.2,99.16 2 0
github.com/convision/api/internal/transport/http/v1/handler_location.go:99.16,102.3 2 0
github.com/convision/api/internal/transport/http/v1/handler_location.go:103.2,104.25 2 0
github.com/convision/api/internal/transport/http/v1/handler_location.go:104.25,106.3 1 0
github.com/convision/api/internal/transport/http/v1/handler_location.go:107.2,107.30 1 0
github.com/convision/api/internal/transport/http/v1/handler_location.go:118.53,121.16 3 0
github.com/convision/api/internal/transport/http/v1/handler_location.go:121.16,124.3 2 0
github.com/convision/api/internal/transport/http/v1/handler_location.go:125.2,126.16 2 0
github.com/convision/api/internal/transport/http/v1/handler_location.go:126.16,129.3 2 0
github.com/convision/api/internal/transport/http/v1/handler_location.go:130.2,131.16 2 0
github.com/convision/api/internal/transport/http/v1/handler_location.go:131.16,134.3 2 0
github.com/convision/api/internal/transport/http/v1/handler_location.go:135.2,136.16 2 0
github.com/convision/api/internal/transport/http/v1/handler_location.go:136.16,139.3 2 0
github.com/convision/api/internal/transport/http/v1/handler_location.go:140.2,141.16 2 0
github.com/convision/api/internal/transport/http/v1/handler_location.go:141.16,144.3 2 0
github.com/convision/api/internal/transport/http/v1/handler_location.go:146.2,147.28 2 0
github.com/convision/api/internal/transport/http/v1/handler_location.go:147.28,149.3 1 0
github.com/convision/api/internal/transport/http/v1/handler_location.go:150.2,151.24 2 0
github.com/convision/api/internal/transport/http/v1/handler_location.go:151.24,153.3 1 0
github.com/convision/api/internal/transport/http/v1/handler_location.go:154.2,155.24 2 0
github.com/convision/api/internal/transport/http/v1/handler_location.go:155.24,157.3 1 0
github.com/convision/api/internal/transport/http/v1/handler_location.go:158.2,159.24 2 0
github.com/convision/api/internal/transport/http/v1/handler_location.go:159.24,161.3 1 0
github.com/convision/api/internal/transport/http/v1/handler_location.go:162.2,163.24 2 0
github.com/convision/api/internal/transport/http/v1/handler_location.go:163.24,165.3 1 0
github.com/convision/api/internal/transport/http/v1/handler_location.go:167.2,173.4 1 0
github.com/convision/api/internal/transport/http/v1/handler_management_report.go:21.56,23.9 2 0
github.com/convision/api/internal/transport/http/v1/handler_management_report.go:23.9,26.3 2 0
github.com/convision/api/internal/transport/http/v1/handler_management_report.go:28.2,33.14 5 0
github.com/convision/api/internal/transport/http/v1/handler_management_report.go:33.14,35.3 1 0
github.com/convision/api/internal/transport/http/v1/handler_management_report.go:35.8,35.71 1 0
github.com/convision/api/internal/transport/http/v1/handler_management_report.go:35.71,36.64 1 0
github.com/convision/api/internal/transport/http/v1/handler_management_report.go:36.64,38.4 1 0
github.com/convision/api/internal/transport/http/v1/handler_management_report.go:41.2,42.14 2 0
github.com/convision/api/internal/transport/http/v1/handler_management_report.go:42.14,44.3 1 0
github.com/convision/api/internal/transport/http/v1/handler_management_report.go:45.2,46.84 2 0
github.com/convision/api/internal/transport/http/v1/handler_management_report.go:46.84,47.72 1 0
github.com/convision/api/internal/transport/http/v1/handler_management_report.go:47.72,50.4 2 0
github.com/convision/api/internal/transport/http/v1/handler_management_report.go:53.2,66.16 3 0
github.com/convision/api/internal/transport/http/v1/handler_management_report.go:66.16,69.3 2 0
github.com/convision/api/internal/transport/http/v1/handler_management_report.go:71.2,83.4 1 0
github.com/convision/api/internal/transport/http/v1/handler_management_report.go:91.55,93.16 2 0
github.com/convision/api/internal/transport/http/v1/handler_management_report.go:93.16,95.3 1 0
github.com/convision/api/internal/transport/http/v1/handler_management_report.go:96.2,97.9 2 0
github.com/convision/api/internal/transport/http/v1/handler_management_report.go:97.9,100.3 2 0
github.com/convision/api/internal/transport/http/v1/handler_management_report.go:102.2,104.16 3 0
github.com/convision/api/internal/transport/http/v1/handler_management_report.go:104.16,107.3 2 0
github.com/convision/api/internal/transport/http/v1/handler_management_report.go:109.2,111.57 1 0
github.com/convision/api/internal/transport/http/v1/handler_management_report.go:111.57,114.3 2 0
github.com/convision/api/internal/transport/http/v1/handler_management_report.go:116.2,116.49 1 0
github.com/convision/api/internal/transport/http/v1/handler_management_report.go:124.56,126.16 2 0
github.com/convision/api/internal/transport/http/v1/handler_management_report.go:126.16,128.3 1 0
github.com/convision/api/internal/transport/http/v1/handler_management_report.go:129.2,130.9 2 0
github.com/convision/api/internal/transport/http/v1/handler_management_report.go:130.9,133.3 2 0
github.com/convision/api/internal/transport/http/v1/handler_management_report.go:135.2,137.16 3 0
github.com/convision/api/internal/transport/http/v1/handler_management_report.go:137.16,140.3 2 0
github.com/convision/api/internal/transport/http/v1/handler_management_report.go:141.2,142.71 1 0
github.com/convision/api/internal/transport/http/v1/handler_management_report.go:142.71,145.3 2 0
github.com/convision/api/internal/transport/http/v1/handler_management_report.go:147.2,148.49 2 0
github.com/convision/api/internal/transport/http/v1/handler_management_report.go:148.49,151.3 2 0
github.com/convision/api/internal/transport/http/v1/handler_management_report.go:153.2,154.16 2 0
github.com/convision/api/internal/transport/http/v1/handler_management_report.go:154.16,157.3 2 0
github.com/convision/api/internal/transport/http/v1/handler_management_report.go:158.2,158.49 1 0
github.com/convision/api/internal/transport/http/v1/handler_optica.go:25.56,35.2 1 0
github.com/convision/api/internal/transport/http/v1/handler_optica.go:39.47,44.16 4 0
github.com/convision/api/internal/transport/http/v1/handler_optica.go:44.16,47.3 2 0
github.com/convision/api/internal/transport/http/v1/handler_optica.go:49.2,50.28 2 0
github.com/convision/api/internal/transport/http/v1/handler_optica.go:50.28,52.3 1 0
github.com/convision/api/internal/transport/http/v1/handler_optica.go:53.2,58.4 1 0
github.com/convision/api/internal/transport/http/v1/handler_optica.go:63.48,65.49 2 0
github.com/convision/api/internal/transport/http/v1/handler_optica.go:65.49,68.3 2 0
github.com/convision/api/internal/transport/http/v1/handler_optica.go:70.2,71.16 2 0
github.com/convision/api/internal/transport/http/v1/handler_optica.go:71.16,73.32 2 0
github.com/convision/api/internal/transport/http/v1/handler_optica.go:73.32,76.4 2 0
github.com/convision/api/internal/transport/http/v1/handler_optica.go:77.3,78.9 2 0
github.com/convision/api/internal/transport/http/v1/handler_optica.go:80.2,80.54 1 0
github.com/convision/api/internal/transport/http/v1/handler_optica.go:85.45,87.16 2 0
github.com/convision/api/internal/transport/http/v1/handler_optica.go:87.16,89.3 1 0
github.com/convision/api/internal/transport/http/v1/handler_optica.go:90.2,91.16 2 0
github.com/convision/api/internal/transport/http/v1/handler_optica.go:91.16,94.3 2 0
github.com/convision/api/internal/transport/http/v1/handler_optica.go:95.2,95.44 1 0
github.com/convision/api/internal/transport/http/v1/handler_optica.go:100.48,102.16 2 0
github.com/convision/api/internal/transport/http/v1/handler_optica.go:102.16,104.3 1 0
github.com/convision/api/internal/transport/http/v1/handler_optica.go:105.2,106.49 2 0
github.com/convision/api/internal/transport/http/v1/handler_optica.go:106.49,109.3 2 0
github.com/convision/api/internal/transport/http/v1/handler_optica.go:110.2,111.16 2 0
github.com/convision/api/internal/transport/http/v1/handler_optica.go:111.16,114.3 2 0
github.com/convision/api/internal/transport/http/v1/handler_optica.go:115.2,115.44 1 0
github.com/convision/api/internal/transport/http/v1/handler_optica_admins.go:24.81,26.16 2 0
github.com/convision/api/internal/transport/http/v1/handler_optica_admins.go:26.16,29.3 2 0
github.com/convision/api/internal/transport/http/v1/handler_optica_admins.go:30.2,30.47 1 0
github.com/convision/api/internal/transport/http/v1/handler_optica_admins.go:30.47,33.3 2 0
github.com/convision/api/internal/transport/http/v1/handler_optica_admins.go:34.2,35.21 2 0
github.com/convision/api/internal/transport/http/v1/handler_optica_admins.go:35.21,38.3 2 0
github.com/convision/api/internal/transport/http/v1/handler_optica_admins.go:39.2,39.95 1 0
github.com/convision/api/internal/transport/http/v1/handler_optica_admins.go:39.95,43.3 3 0
github.com/convision/api/internal/transport/http/v1/handler_optica_admins.go:44.2,44.17 1 0
github.com/convision/api/internal/transport/http/v1/handler_optica_admins.go:48.52,50.16 2 0
github.com/convision/api/internal/transport/http/v1/handler_optica_admins.go:50.16,52.3 1 0
github.com/convision/api/internal/transport/http/v1/handler_optica_admins.go:53.2,54.9 2 0
github.com/convision/api/internal/transport/http/v1/handler_optica_admins.go:54.9,56.3 1 0
github.com/convision/api/internal/transport/http/v1/handler_optica_admins.go:57.2,60.16 3 0
github.com/convision/api/internal/transport/http/v1/handler_optica_admins.go:60.16,63.3 2 0
github.com/convision/api/internal/transport/http/v1/handler_optica_admins.go:64.2,65.63 2 0
github.com/convision/api/internal/transport/http/v1/handler_optica_admins.go:69.53,71.16 2 0
github.com/convision/api/internal/transport/http/v1/handler_optica_admins.go:71.16,73.3 1 0
github.com/convision/api/internal/transport/http/v1/handler_optica_admins.go:74.2,75.49 2 0
github.com/convision/api/internal/transport/http/v1/handler_optica_admins.go:75.49,78.3 2 0
github.com/convision/api/internal/transport/http/v1/handler_optica_admins.go:79.2,80.9 2 0
github.com/convision/api/internal/transport/http/v1/handler_optica_admins.go:80.9,82.3 1 0
github.com/convision/api/internal/transport/http/v1/handler_optica_admins.go:83.2,92.16 3 0
github.com/convision/api/internal/transport/http/v1/handler_optica_admins.go:92.16,95.3 2 0
github.com/convision/api/internal/transport/http/v1/handler_optica_admins.go:96.2,97.47 2 0
github.com/convision/api/internal/transport/http/v1/handler_optica_admins.go:101.53,103.16 2 0
github.com/convision/api/internal/transport/http/v1/handler_optica_admins.go:103.16,105.3 1 0
github.com/convision/api/internal/transport/http/v1/handler_optica_admins.go:106.2,107.16 2 0
github.com/convision/api/internal/transport/http/v1/handler_optica_admins.go:107.16,109.3 1 0
github.com/convision/api/internal/transport/http/v1/handler_optica_admins.go:110.2,111.9 2 0
github.com/convision/api/internal/transport/http/v1/handler_optica_admins.go:111.9,113.3 1 0
github.com/convision/api/internal/transport/http/v1/handler_optica_admins.go:114.2,116.50 2 0
github.com/convision/api/internal/transport/http/v1/handler_optica_admins.go:116.50,119.3 2 0
github.com/convision/api/internal/transport/http/v1/handler_optica_admins.go:120.2,121.32 2 0
github.com/convision/api/internal/transport/http/v1/handler_optica_permission.go:19.56,21.16 2 0
github.com/convision/api/internal/transport/http/v1/handler_optica_permission.go:21.16,24.3 2 0
github.com/convision/api/internal/transport/http/v1/handler_optica_permission.go:25.2,26.16 2 0
github.com/convision/api/internal/transport/http/v1/handler_optica_permission.go:26.16,29.3 2 0
github.com/convision/api/internal/transport/http/v1/handler_optica_permission.go:30.2,30.17 1 0
github.com/convision/api/internal/transport/http/v1/handler_optica_permission.go:30.17,32.3 1 0
github.com/convision/api/internal/transport/http/v1/handler_optica_permission.go:33.2,33.55 1 0
github.com/convision/api/internal/transport/http/v1/handler_optica_permission.go:38.59,40.16 2 0
github.com/convision/api/internal/transport/http/v1/handler_optica_permission.go:40.16,43.3 2 0
github.com/convision/api/internal/transport/http/v1/handler_optica_permission.go:44.2,45.49 2 0
github.com/convision/api/internal/transport/http/v1/handler_optica_permission.go:45.49,48.3 2 0
github.com/convision/api/internal/transport/http/v1/handler_optica_permission.go:49.2,49.41 1 0
github.com/convision/api/internal/transport/http/v1/handler_optica_permission.go:49.41,50.43 1 0
github.com/convision/api/internal/transport/http/v1/handler_optica_permission.go:50.43,55.4 2 0
github.com/convision/api/internal/transport/http/v1/handler_optica_permission.go:57.2,57.90 1 0
github.com/convision/api/internal/transport/http/v1/handler_optica_permission.go:57.90,60.3 2 0
github.com/convision/api/internal/transport/http/v1/handler_optica_permission.go:61.2,62.17 2 0
github.com/convision/api/internal/transport/http/v1/handler_optica_permission.go:62.17,64.3 1 0
github.com/convision/api/internal/transport/http/v1/handler_optica_permission.go:65.2,65.55 1 0
github.com/convision/api/internal/transport/http/v1/handler_order.go:21.44,23.26 2 0
github.com/convision/api/internal/transport/http/v1/handler_order.go:23.26,25.3 1 0
github.com/convision/api/internal/transport/http/v1/handler_order.go:26.2,26.68 1 0
github.com/convision/api/internal/transport/http/v1/handler_order.go:26.68,28.3 1 0
github.com/convision/api/internal/transport/http/v1/handler_order.go:29.2,29.40 1 0
github.com/convision/api/internal/transport/http/v1/handler_order.go:34.46,37.46 3 0
github.com/convision/api/internal/transport/http/v1/handler_order.go:37.46,40.3 2 0
github.com/convision/api/internal/transport/http/v1/handler_order.go:42.2,43.16 2 0
github.com/convision/api/internal/transport/http/v1/handler_order.go:43.16,46.3 2 0
github.com/convision/api/internal/transport/http/v1/handler_order.go:47.2,47.28 1 0
github.com/convision/api/internal/transport/http/v1/handler_order.go:52.44,55.16 3 0
github.com/convision/api/internal/transport/http/v1/handler_order.go:55.16,57.3 1 0
github.com/convision/api/internal/transport/http/v1/handler_order.go:58.2,59.16 2 0
github.com/convision/api/internal/transport/http/v1/handler_order.go:59.16,62.3 2 0
github.com/convision/api/internal/transport/http/v1/handler_order.go:63.2,70.33 3 0
github.com/convision/api/internal/transport/http/v1/handler_order.go:75.47,78.49 3 0
github.com/convision/api/internal/transport/http/v1/handler_order.go:78.49,81.3 2 0
github.com/convision/api/internal/transport/http/v1/handler_order.go:83.2,84.9 2 0
github.com/convision/api/internal/transport/http/v1/handler_order.go:84.9,87.3 2 0
github.com/convision/api/internal/transport/http/v1/handler_order.go:89.2,90.16 2 0
github.com/convision/api/internal/transport/http/v1/handler_order.go:90.16,93.3 2 0
github.com/convision/api/internal/transport/http/v1/handler_order.go:94.2,94.31 1 0
github.com/convision/api/internal/transport/http/v1/handler_order.go:99.47,102.16 3 0
github.com/convision/api/internal/transport/http/v1/handler_order.go:102.16,104.3 1 0
github.com/convision/api/internal/transport/http/v1/handler_order.go:106.2,107.49 2 0
github.com/convision/api/internal/transport/http/v1/handler_order.go:107.49,110.3 2 0
github.com/convision/api/internal/transport/http/v1/handler_order.go:112.2,113.16 2 0
github.com/convision/api/internal/transport/http/v1/handler_order.go:113.16,116.3 2 0
github.com/convision/api/internal/transport/http/v1/handler_order.go:117.2,117.26 1 0
github.com/convision/api/internal/transport/http/v1/handler_order.go:122.47,125.16 3 0
github.com/convision/api/internal/transport/http/v1/handler_order.go:125.16,127.3 1 0
github.com/convision/api/internal/transport/http/v1/handler_order.go:128.2,128.47 1 0
github.com/convision/api/internal/transport/http/v1/handler_order.go:128.47,131.3 2 0
github.com/convision/api/internal/transport/http/v1/handler_order.go:132.2,132.35 1 0
github.com/convision/api/internal/transport/http/v1/handler_order.go:137.53,140.16 3 0
github.com/convision/api/internal/transport/http/v1/handler_order.go:140.16,142.3 1 0
github.com/convision/api/internal/transport/http/v1/handler_order.go:144.2,145.49 2 0
github.com/convision/api/internal/transport/http/v1/handler_order.go:145.49,148.3 2 0
github.com/convision/api/internal/transport/http/v1/handler_order.go:150.2,151.16 2 0
github.com/convision/api/internal/transport/http/v1/handler_order.go:151.16,154.3 2 0
github.com/convision/api/internal/transport/http/v1/handler_order.go:155.2,155.26 1 0
github.com/convision/api/internal/transport/http/v1/handler_order.go:160.60,163.16 3 0
github.com/convision/api/internal/transport/http/v1/handler_order.go:163.16,165.3 1 0
github.com/convision/api/internal/transport/http/v1/handler_order.go:167.2,168.49 2 0
github.com/convision/api/internal/transport/http/v1/handler_order.go:168.49,171.3 2 0
github.com/convision/api/internal/transport/http/v1/handler_order.go:173.2,174.16 2 0
github.com/convision/api/internal/transport/http/v1/handler_order.go:174.16,177.3 2 0
github.com/convision/api/internal/transport/http/v1/handler_order.go:178.2,178.26 1 0
github.com/convision/api/internal/transport/http/v1/handler_portfolio.go:15.53,18.16 3 0
github.com/convision/api/internal/transport/http/v1/handler_portfolio.go:18.16,21.3 2 0
github.com/convision/api/internal/transport/http/v1/handler_portfolio.go:22.2,22.45 1 0
github.com/convision/api/internal/transport/http/v1/handler_portfolio.go:27.55,34.16 6 0
github.com/convision/api/internal/transport/http/v1/handler_portfolio.go:34.16,37.3 2 0
github.com/convision/api/internal/transport/http/v1/handler_portfolio.go:38.2,38.28 1 0
github.com/convision/api/internal/transport/http/v1/handler_portfolio.go:43.57,46.16 3 0
github.com/convision/api/internal/transport/http/v1/handler_portfolio.go:46.16,48.3 1 0
github.com/convision/api/internal/transport/http/v1/handler_portfolio.go:50.2,51.49 2 0
github.com/convision/api/internal/transport/http/v1/handler_portfolio.go:51.49,54.3 2 0
github.com/convision/api/internal/transport/http/v1/handler_portfolio.go:56.2,57.9 2 0
github.com/convision/api/internal/transport/http/v1/handler_portfolio.go:57.9,60.3 2 0
github.com/convision/api/internal/transport/http/v1/handler_portfolio.go:62.2,63.16 2 0
github.com/convision/api/internal/transport/http/v1/handler_portfolio.go:63.16,66.3 2 0
github.com/convision/api/internal/transport/http/v1/handler_portfolio.go:68.2,68.34 1 0
github.com/convision/api/internal/transport/http/v1/handler_portfolio.go:73.58,76.16 3 0
github.com/convision/api/internal/transport/http/v1/handler_portfolio.go:76.16,78.3 1 0
github.com/convision/api/internal/transport/http/v1/handler_portfolio.go:80.2,81.16 2 0
github.com/convision/api/internal/transport/http/v1/handler_portfolio.go:81.16,84.3 2 0
github.com/convision/api/internal/transport/http/v1/handler_portfolio.go:86.2,86.45 1 0
github.com/convision/api/internal/transport/http/v1/handler_portfolio.go:91.53,94.16 3 0
github.com/convision/api/internal/transport/http/v1/handler_portfolio.go:94.16,96.3 1 0
github.com/convision/api/internal/transport/http/v1/handler_portfolio.go:98.2,99.16 2 0
github.com/convision/api/internal/transport/http/v1/handler_portfolio.go:99.16,102.3 2 0
github.com/convision/api/internal/transport/http/v1/handler_portfolio.go:104.2,104.29 1 0
github.com/convision/api/internal/transport/http/v1/handler_portfolio.go:109.55,112.16 3 0
github.com/convision/api/internal/transport/http/v1/handler_portfolio.go:112.16,114.3 1 0
github.com/convision/api/internal/transport/http/v1/handler_portfolio.go:116.2,117.9 2 0
github.com/convision/api/internal/transport/http/v1/handler_portfolio.go:117.9,120.3 2 0
github.com/convision/api/internal/transport/http/v1/handler_portfolio.go:122.2,122.80 1 0
github.com/convision/api/internal/transport/http/v1/handler_portfolio.go:122.80,125.3 2 0
github.com/convision/api/internal/transport/http/v1/handler_portfolio.go:127.2,127.73 1 0
github.com/convision/api/internal/transport/http/v1/handler_prescription.go:49.77,81.19 2 0
github.com/convision/api/internal/transport/http/v1/handler_prescription.go:81.19,83.3 1 0
github.com/convision/api/internal/transport/http/v1/handler_prescription.go:83.8,85.3 1 0
github.com/convision/api/internal/transport/http/v1/handler_prescription.go:88.2,88.29 1 0
github.com/convision/api/internal/transport/http/v1/handler_prescription.go:88.29,90.71 2 0
github.com/convision/api/internal/transport/http/v1/handler_prescription.go:90.71,92.4 1 0
github.com/convision/api/internal/transport/http/v1/handler_prescription.go:92.9,94.4 1 0
github.com/convision/api/internal/transport/http/v1/handler_prescription.go:95.8,97.3 1 0
github.com/convision/api/internal/transport/http/v1/handler_prescription.go:99.2,99.26 1 0
github.com/convision/api/internal/transport/http/v1/handler_prescription.go:99.26,102.3 2 0
github.com/convision/api/internal/transport/http/v1/handler_prescription.go:104.2,104.10 1 0
github.com/convision/api/internal/transport/http/v1/handler_prescription.go:109.53,112.46 3 0
github.com/convision/api/internal/transport/http/v1/handler_prescription.go:112.46,115.3 2 0
github.com/convision/api/internal/transport/http/v1/handler_prescription.go:117.2,118.16 2 0
github.com/convision/api/internal/transport/http/v1/handler_prescription.go:118.16,121.3 2 0
github.com/convision/api/internal/transport/http/v1/handler_prescription.go:123.2,124.29 2 0
github.com/convision/api/internal/transport/http/v1/handler_prescription.go:124.29,126.3 1 0
github.com/convision/api/internal/transport/http/v1/handler_prescription.go:128.2,140.4 1 0
github.com/convision/api/internal/transport/http/v1/handler_prescription.go:145.51,148.16 3 0
github.com/convision/api/internal/transport/http/v1/handler_prescription.go:148.16,150.3 1 0
github.com/convision/api/internal/transport/http/v1/handler_prescription.go:152.2,153.16 2 0
github.com/convision/api/internal/transport/http/v1/handler_prescription.go:153.16,156.3 2 0
github.com/convision/api/internal/transport/http/v1/handler_prescription.go:157.2,157.53 1 0
github.com/convision/api/internal/transport/http/v1/handler_prescription.go:162.54,165.49 3 0
github.com/convision/api/internal/transport/http/v1/handler_prescription.go:165.49,168.3 2 0
github.com/convision/api/internal/transport/http/v1/handler_prescription.go:170.2,171.16 2 0
github.com/convision/api/internal/transport/http/v1/handler_prescription.go:171.16,174.3 2 0
github.com/convision/api/internal/transport/http/v1/handler_prescription.go:175.2,175.58 1 0
github.com/convision/api/internal/transport/http/v1/handler_prescription.go:180.54,183.16 3 0
github.com/convision/api/internal/transport/http/v1/handler_prescription.go:183.16,185.3 1 0
github.com/convision/api/internal/transport/http/v1/handler_prescription.go:187.2,188.49 2 0
github.com/convision/api/internal/transport/http/v1/handler_prescription.go:188.49,191.3 2 0
github.com/convision/api/internal/transport/http/v1/handler_prescription.go:193.2,194.16 2 0
github.com/convision/api/internal/transport/http/v1/handler_prescription.go:194.16,197.3 2 0
github.com/convision/api/internal/transport/http/v1/handler_prescription.go:198.2,198.53 1 0
github.com/convision/api/internal/transport/http/v1/handler_prescription.go:203.54,206.16 3 0
github.com/convision/api/internal/transport/http/v1/handler_prescription.go:206.16,208.3 1 0
github.com/convision/api/internal/transport/http/v1/handler_prescription.go:210.2,210.54 1 0
github.com/convision/api/internal/transport/http/v1/handler_prescription.go:210.54,213.3 2 0
github.com/convision/api/internal/transport/http/v1/handler_prescription.go:214.2,214.32 1 0
github.com/convision/api/internal/transport/http/v1/handler_prescription.go:219.60,222.16 3 0
github.com/convision/api/internal/transport/http/v1/handler_prescription.go:222.16,224.3 1 0
github.com/convision/api/internal/transport/http/v1/handler_prescription.go:226.2,230.16 4 0
github.com/convision/api/internal/transport/http/v1/handler_prescription.go:230.16,233.3 2 0
github.com/convision/api/internal/transport/http/v1/handler_prescription.go:235.2,236.29 2 0
github.com/convision/api/internal/transport/http/v1/handler_prescription.go:236.29,238.3 1 0
github.com/convision/api/internal/transport/http/v1/handler_prescription.go:240.2,252.4 1 0
github.com/convision/api/internal/transport/http/v1/handler_product.go:13.47,14.14 1 0
github.com/convision/api/internal/transport/http/v1/handler_product.go:14.14,16.3 1 0
github.com/convision/api/internal/transport/http/v1/handler_product.go:17.2,41.3 1 0
github.com/convision/api/internal/transport/http/v1/handler_product.go:44.59,46.25 2 0
github.com/convision/api/internal/transport/http/v1/handler_product.go:46.25,48.3 1 0
github.com/convision/api/internal/transport/http/v1/handler_product.go:49.2,49.12 1 0
github.com/convision/api/internal/transport/http/v1/handler_product.go:52.97,55.25 3 0
github.com/convision/api/internal/transport/http/v1/handler_product.go:55.25,59.3 3 0
github.com/convision/api/internal/transport/http/v1/handler_product.go:60.2,60.12 1 0
github.com/convision/api/internal/transport/http/v1/handler_product.go:65.48,68.46 3 0
github.com/convision/api/internal/transport/http/v1/handler_product.go:68.46,71.3 2 0
github.com/convision/api/internal/transport/http/v1/handler_product.go:75.2,75.20 1 0
github.com/convision/api/internal/transport/http/v1/handler_product.go:75.20,78.17 3 0
github.com/convision/api/internal/transport/http/v1/handler_product.go:78.17,81.4 2 0
github.com/convision/api/internal/transport/http/v1/handler_product.go:82.3,95.9 2 0
github.com/convision/api/internal/transport/http/v1/handler_product.go:98.2,99.16 2 0
github.com/convision/api/internal/transport/http/v1/handler_product.go:99.16,102.3 2 0
github.com/convision/api/internal/transport/http/v1/handler_product.go:103.2,115.4 1 0
github.com/convision/api/internal/transport/http/v1/handler_product.go:118.46,121.16 3 0
github.com/convision/api/internal/transport/http/v1/handler_product.go:121.16,123.3 1 0
github.com/convision/api/internal/transport/http/v1/handler_product.go:124.2,125.16 2 0
github.com/convision/api/internal/transport/http/v1/handler_product.go:125.16,128.3 2 0
github.com/convision/api/internal/transport/http/v1/handler_product.go:129.2,131.29 3 0
github.com/convision/api/internal/transport/http/v1/handler_product.go:134.49,137.49 3 0
github.com/convision/api/internal/transport/http/v1/handler_product.go:137.49,140.3 2 0
github.com/convision/api/internal/transport/http/v1/handler_product.go:141.2,142.16 2 0
github.com/convision/api/internal/transport/http/v1/handler_product.go:142.16,145.3 2 0
github.com/convision/api/internal/transport/http/v1/handler_product.go:146.2,146.48 1 0
github.com/convision/api/internal/transport/http/v1/handler_product.go:149.49,152.16 3 0
github.com/convision/api/internal/transport/http/v1/handler_product.go:152.16,154.3 1 0
github.com/convision/api/internal/transport/http/v1/handler_product.go:155.2,156.49 2 0
github.com/convision/api/internal/transport/http/v1/handler_product.go:156.49,159.3 2 0
github.com/convision/api/internal/transport/http/v1/handler_product.go:160.2,161.16 2 0
github.com/convision/api/internal/transport/http/v1/handler_product.go:161.16,164.3 2 0
github.com/convision/api/internal/transport/http/v1/handler_product.go:165.2,165.43 1 0
github.com/convision/api/internal/transport/http/v1/handler_product.go:168.49,171.16 3 0
github.com/convision/api/internal/transport/http/v1/handler_product.go:171.16,173.3 1 0
github.com/convision/api/internal/transport/http/v1/handler_product.go:174.2,174.49 1 0
github.com/convision/api/internal/transport/http/v1/handler_product.go:174.49,177.3 2 0
github.com/convision/api/internal/transport/http/v1/handler_product.go:178.2,178.32 1 0
github.com/convision/api/internal/transport/http/v1/handler_product.go:181.50,187.16 6 0
github.com/convision/api/internal/transport/http/v1/handler_product.go:187.16,190.3 2 0
github.com/convision/api/internal/transport/http/v1/handler_product.go:191.2,191.28 1 0
github.com/convision/api/internal/transport/http/v1/handler_product.go:194.53,197.49 3 0
github.com/convision/api/internal/transport/http/v1/handler_product.go:197.49,200.3 2 0
github.com/convision/api/internal/transport/http/v1/handler_product.go:201.2,202.16 2 0
github.com/convision/api/internal/transport/http/v1/handler_product.go:202.16,205.3 2 0
github.com/convision/api/internal/transport/http/v1/handler_product.go:206.2,206.52 1 0
github.com/convision/api/internal/transport/http/v1/handler_product.go:209.51,212.16 3 0
github.com/convision/api/internal/transport/http/v1/handler_product.go:212.16,214.3 1 0
github.com/convision/api/internal/transport/http/v1/handler_product.go:215.2,216.16 2 0
github.com/convision/api/internal/transport/http/v1/handler_product.go:216.16,219.3 2 0
github.com/convision/api/internal/transport/http/v1/handler_product.go:220.2,220.63 1 0
github.com/convision/api/internal/transport/http/v1/handler_product.go:223.58,233.4 5 0
github.com/convision/api/internal/transport/http/v1/handler_product.go:233.4,234.33 1 0
github.com/convision/api/internal/transport/http/v1/handler_product.go:234.33,236.4 1 0
github.com/convision/api/internal/transport/http/v1/handler_product.go:239.2,239.141 1 0
github.com/convision/api/internal/transport/http/v1/handler_product.go:239.141,240.32 1 0
github.com/convision/api/internal/transport/http/v1/handler_product.go:240.32,241.68 1 0
github.com/convision/api/internal/transport/http/v1/handler_product.go:241.68,243.5 1 0
github.com/convision/api/internal/transport/http/v1/handler_product.go:243.10,245.5 1 0
github.com/convision/api/internal/transport/http/v1/handler_product.go:248.2,249.16 2 0
github.com/convision/api/internal/transport/http/v1/handler_product.go:249.16,252.3 2 0
github.com/convision/api/internal/transport/http/v1/handler_product.go:253.2,265.4 1 0
github.com/convision/api/internal/transport/http/v1/handler_product.go:268.60,278.45 3 0
github.com/convision/api/internal/transport/http/v1/handler_product.go:278.45,281.3 2 0
github.com/convision/api/internal/transport/http/v1/handler_product.go:282.2,290.16 2 0
github.com/convision/api/internal/transport/http/v1/handler_product.go:290.16,293.3 2 0
github.com/convision/api/internal/transport/http/v1/handler_product.go:294.2,294.68 1 0
github.com/convision/api/internal/transport/http/v1/handler_product.go:297.55,299.16 2 0
github.com/convision/api/internal/transport/http/v1/handler_product.go:299.16,301.3 1 0
github.com/convision/api/internal/transport/http/v1/handler_product.go:302.2,303.16 2 0
github.com/convision/api/internal/transport/http/v1/handler_product.go:303.16,306.3 2 0
github.com/convision/api/internal/transport/http/v1/handler_product.go:307.2,307.49 1 0
github.com/convision/api/internal/transport/http/v1/handler_product.go:310.58,313.16 3 0
github.com/convision/api/internal/transport/http/v1/handler_product.go:313.16,315.3 1 0
github.com/convision/api/internal/transport/http/v1/handler_product.go:316.2,317.41 2 0
github.com/convision/api/internal/transport/http/v1/handler_product.go:317.41,319.17 2 0
github.com/convision/api/internal/transport/http/v1/handler_product.go:319.17,322.4 2 0
github.com/convision/api/internal/transport/http/v1/handler_product.go:324.2,325.16 2 0
github.com/convision/api/internal/transport/http/v1/handler_product.go:325.16,328.3 2 0
github.com/convision/api/internal/transport/http/v1/handler_product.go:329.2,329.28 1 0
github.com/convision/api/internal/transport/http/v1/handler_product.go:332.61,334.16 2 0
github.com/convision/api/internal/transport/http/v1/handler_product.go:334.16,336.3 1 0
github.com/convision/api/internal/transport/http/v1/handler_product.go:337.2,338.16 2 0
github.com/convision/api/internal/transport/http/v1/handler_product.go:338.16,341.3 2 0
github.com/convision/api/internal/transport/http/v1/handler_product.go:342.2,342.49 1 0
github.com/convision/api/internal/transport/http/v1/handler_product.go:345.57,348.16 3 0
github.com/convision/api/internal/transport/http/v1/handler_product.go:348.16,350.3 1 0
github.com/convision/api/internal/transport/http/v1/handler_product.go:351.2,352.41 2 0
github.com/convision/api/internal/transport/http/v1/handler_product.go:352.41,354.17 2 0
github.com/convision/api/internal/transport/http/v1/handler_product.go:354.17,357.4 2 0
github.com/convision/api/internal/transport/http/v1/handler_product.go:359.2,360.16 2 0
github.com/convision/api/internal/transport/http/v1/handler_product.go:360.16,363.3 2 0
github.com/convision/api/internal/transport/http/v1/handler_product.go:364.2,364.28 1 0
github.com/convision/api/internal/transport/http/v1/handler_product.go:369.57,372.46 3 0
github.com/convision/api/internal/transport/http/v1/handler_product.go:372.46,375.3 2 0
github.com/convision/api/internal/transport/http/v1/handler_product.go:376.2,377.16 2 0
github.com/convision/api/internal/transport/http/v1/handler_product.go:377.16,380.3 2 0
github.com/convision/api/internal/transport/http/v1/handler_product.go:381.2,393.4 1 0
github.com/convision/api/internal/transport/http/v1/handler_product.go:396.54,399.16 3 0
github.com/convision/api/internal/transport/http/v1/handler_product.go:399.16,401.3 1 0
github.com/convision/api/internal/transport/http/v1/handler_product.go:402.2,403.16 2 0
github.com/convision/api/internal/transport/http/v1/handler_product.go:403.16,406.3 2 0
github.com/convision/api/internal/transport/http/v1/handler_product.go:407.2,407.28 1 0
github.com/convision/api/internal/transport/http/v1/handler_product.go:410.57,413.49 3 0
github.com/convision/api/internal/transport/http/v1/handler_product.go:413.49,416.3 2 0
github.com/convision/api/internal/transport/http/v1/handler_product.go:417.2,418.16 2 0
github.com/convision/api/internal/transport/http/v1/handler_product.go:418.16,421.3 2 0
github.com/convision/api/internal/transport/http/v1/handler_product.go:422.2,422.33 1 0
github.com/convision/api/internal/transport/http/v1/handler_product.go:425.57,428.16 3 0
github.com/convision/api/internal/transport/http/v1/handler_product.go:428.16,430.3 1 0
github.com/convision/api/internal/transport/http/v1/handler_product.go:431.2,432.49 2 0
github.com/convision/api/internal/transport/http/v1/handler_product.go:432.49,435.3 2 0
github.com/convision/api/internal/transport/http/v1/handler_product.go:436.2,437.16 2 0
github.com/convision/api/internal/transport/http/v1/handler_product.go:437.16,440.3 2 0
github.com/convision/api/internal/transport/http/v1/handler_product.go:441.2,441.28 1 0
github.com/convision/api/internal/transport/http/v1/handler_product.go:444.57,447.16 3 0
github.com/convision/api/internal/transport/http/v1/handler_product.go:447.16,449.3 1 0
github.com/convision/api/internal/transport/http/v1/handler_product.go:450.2,450.50 1 0
github.com/convision/api/internal/transport/http/v1/handler_product.go:450.50,453.3 2 0
github.com/convision/api/internal/transport/http/v1/handler_product.go:454.2,454.32 1 0
github.com/convision/api/internal/transport/http/v1/handler_product.go:457.60,460.16 3 0
github.com/convision/api/internal/transport/http/v1/handler_product.go:460.16,463.3 2 0
github.com/convision/api/internal/transport/http/v1/handler_product.go:464.2,464.44 1 0
github.com/convision/api/internal/transport/http/v1/handler_product.go:467.66,470.16 3 0
github.com/convision/api/internal/transport/http/v1/handler_product.go:470.16,473.3 2 0
github.com/convision/api/internal/transport/http/v1/handler_product.go:474.2,474.44 1 0
github.com/convision/api/internal/transport/http/v1/handler_quote.go:15.46,18.46 3 0
github.com/convision/api/internal/transport/http/v1/handler_quote.go:18.46,21.3 2 0
github.com/convision/api/internal/transport/http/v1/handler_quote.go:23.2,24.16 2 0
github.com/convision/api/internal/transport/http/v1/handler_quote.go:24.16,27.3 2 0
github.com/convision/api/internal/transport/http/v1/handler_quote.go:28.2,28.28 1 0
github.com/convision/api/internal/transport/http/v1/handler_quote.go:33.44,36.16 3 0
github.com/convision/api/internal/transport/http/v1/handler_quote.go:36.16,38.3 1 0
github.com/convision/api/internal/transport/http/v1/handler_quote.go:39.2,40.16 2 0
github.com/convision/api/internal/transport/http/v1/handler_quote.go:40.16,43.3 2 0
github.com/convision/api/internal/transport/http/v1/handler_quote.go:44.2,44.26 1 0
github.com/convision/api/internal/transport/http/v1/handler_quote.go:49.47,52.49 3 0
github.com/convision/api/internal/transport/http/v1/handler_quote.go:52.49,55.3 2 0
github.com/convision/api/internal/transport/http/v1/handler_quote.go:57.2,58.9 2 0
github.com/convision/api/internal/transport/http/v1/handler_quote.go:58.9,61.3 2 0
github.com/convision/api/internal/transport/http/v1/handler_quote.go:63.2,64.16 2 0
github.com/convision/api/internal/transport/http/v1/handler_quote.go:64.16,67.3 2 0
github.com/convision/api/internal/transport/http/v1/handler_quote.go:68.2,71.20 4 0
github.com/convision/api/internal/transport/http/v1/handler_quote.go:71.20,72.49 1 0
github.com/convision/api/internal/transport/http/v1/handler_quote.go:72.49,74.4 1 0
github.com/convision/api/internal/transport/http/v1/handler_quote.go:75.3,75.53 1 0
github.com/convision/api/internal/transport/http/v1/handler_quote.go:75.53,77.4 1 0
github.com/convision/api/internal/transport/http/v1/handler_quote.go:79.2,84.4 1 0
github.com/convision/api/internal/transport/http/v1/handler_quote.go:89.47,92.16 3 0
github.com/convision/api/internal/transport/http/v1/handler_quote.go:92.16,94.3 1 0
github.com/convision/api/internal/transport/http/v1/handler_quote.go:96.2,97.49 2 0
github.com/convision/api/internal/transport/http/v1/handler_quote.go:97.49,100.3 2 0
github.com/convision/api/internal/transport/http/v1/handler_quote.go:102.2,103.16 2 0
github.com/convision/api/internal/transport/http/v1/handler_quote.go:103.16,106.3 2 0
github.com/convision/api/internal/transport/http/v1/handler_quote.go:107.2,107.26 1 0
github.com/convision/api/internal/transport/http/v1/handler_quote.go:112.47,115.16 3 0
github.com/convision/api/internal/transport/http/v1/handler_quote.go:115.16,117.3 1 0
github.com/convision/api/internal/transport/http/v1/handler_quote.go:118.2,118.47 1 0
github.com/convision/api/internal/transport/http/v1/handler_quote.go:118.47,121.3 2 0
github.com/convision/api/internal/transport/http/v1/handler_quote.go:122.2,122.35 1 0
github.com/convision/api/internal/transport/http/v1/handler_quote.go:127.53,130.16 3 0
github.com/convision/api/internal/transport/http/v1/handler_quote.go:130.16,132.3 1 0
github.com/convision/api/internal/transport/http/v1/handler_quote.go:134.2,135.49 2 0
github.com/convision/api/internal/transport/http/v1/handler_quote.go:135.49,138.3 2 0
github.com/convision/api/internal/transport/http/v1/handler_quote.go:140.2,141.16 2 0
github.com/convision/api/internal/transport/http/v1/handler_quote.go:141.16,144.3 2 0
github.com/convision/api/internal/transport/http/v1/handler_quote.go:145.2,145.26 1 0
github.com/convision/api/internal/transport/http/v1/handler_quote.go:150.48,153.16 3 0
github.com/convision/api/internal/transport/http/v1/handler_quote.go:153.16,155.3 1 0
github.com/convision/api/internal/transport/http/v1/handler_quote.go:157.2,158.9 2 0
github.com/convision/api/internal/transport/http/v1/handler_quote.go:158.9,161.3 2 0
github.com/convision/api/internal/transport/http/v1/handler_quote.go:163.2,168.16 4 0
github.com/convision/api/internal/transport/http/v1/handler_quote.go:168.16,171.3 2 0
github.com/convision/api/internal/transport/http/v1/handler_quote.go:172.2,172.34 1 0
github.com/convision/api/internal/transport/http/v1/handler_quote.go:177.47,180.16 3 0
github.com/convision/api/internal/transport/http/v1/handler_quote.go:180.16,182.3 1 0
github.com/convision/api/internal/transport/http/v1/handler_quote.go:183.2,184.16 2 0
github.com/convision/api/internal/transport/http/v1/handler_quote.go:184.16,187.3 2 0
github.com/convision/api/internal/transport/http/v1/handler_quote.go:188.2,188.31 1 0
github.com/convision/api/internal/transport/http/v1/handler_quote.go:193.52,196.16 3 0
github.com/convision/api/internal/transport/http/v1/handler_quote.go:196.16,198.3 1 0
github.com/convision/api/internal/transport/http/v1/handler_quote.go:199.2,200.16 2 0
github.com/convision/api/internal/transport/http/v1/handler_quote.go:200.16,203.3 2 0
github.com/convision/api/internal/transport/http/v1/handler_quote.go:204.2,206.47 3 0
github.com/convision/api/internal/transport/http/v1/handler_quote.go:206.47,208.3 1 0
github.com/convision/api/internal/transport/http/v1/handler_quote.go:209.2,209.51 1 0
github.com/convision/api/internal/transport/http/v1/handler_quote.go:209.51,211.3 1 0
github.com/convision/api/internal/transport/http/v1/handler_quote.go:212.2,212.73 1 0
github.com/convision/api/internal/transport/http/v1/handler_role.go:17.45,19.46 2 0
github.com/convision/api/internal/transport/http/v1/handler_role.go:19.46,22.3 2 0
github.com/convision/api/internal/transport/http/v1/handler_role.go:23.2,24.16 2 0
github.com/convision/api/internal/transport/http/v1/handler_role.go:24.16,27.3 2 0
github.com/convision/api/internal/transport/http/v1/handler_role.go:28.2,28.28 1 0
github.com/convision/api/internal/transport/http/v1/handler_role.go:33.43,35.16 2 0
github.com/convision/api/internal/transport/http/v1/handler_role.go:35.16,38.3 2 0
github.com/convision/api/internal/transport/http/v1/handler_role.go:39.2,40.16 2 0
github.com/convision/api/internal/transport/http/v1/handler_role.go:40.16,43.3 2 0
github.com/convision/api/internal/transport/http/v1/handler_role.go:44.2,44.29 1 0
github.com/convision/api/internal/transport/http/v1/handler_role.go:49.46,51.49 2 0
github.com/convision/api/internal/transport/http/v1/handler_role.go:51.49,54.3 2 0
github.com/convision/api/internal/transport/http/v1/handler_role.go:55.2,56.16 2 0
github.com/convision/api/internal/transport/http/v1/handler_role.go:56.16,59.3 2 0
github.com/convision/api/internal/transport/http/v1/handler_role.go:60.2,60.34 1 0
github.com/convision/api/internal/transport/http/v1/handler_role.go:65.46,67.16 2 0
github.com/convision/api/internal/transport/http/v1/handler_role.go:67.16,70.3 2 0
github.com/convision/api/internal/transport/http/v1/handler_role.go:71.2,72.49 2 0
github.com/convision/api/internal/transport/http/v1/handler_role.go:72.49,75.3 2 0
github.com/convision/api/internal/transport/http/v1/handler_role.go:76.2,77.16 2 0
github.com/convision/api/internal/transport/http/v1/handler_role.go:77.16,80.3 2 0
github.com/convision/api/internal/transport/http/v1/handler_role.go:81.2,81.29 1 0
github.com/convision/api/internal/transport/http/v1/handler_role.go:86.46,88.16 2 0
github.com/convision/api/internal/transport/http/v1/handler_role.go:88.16,91.3 2 0
github.com/convision/api/internal/transport/http/v1/handler_role.go:92.2,92.68 1 0
github.com/convision/api/internal/transport/http/v1/handler_role.go:92.68,95.3 2 0
github.com/convision/api/internal/transport/http/v1/handler_role.go:96.2,96.32 1 0
github.com/convision/api/internal/transport/http/v1/handler_role.go:101.48,103.16 2 0
github.com/convision/api/internal/transport/http/v1/handler_role.go:103.16,106.3 2 0
github.com/convision/api/internal/transport/http/v1/handler_role.go:107.2,108.16 2 0
github.com/convision/api/internal/transport/http/v1/handler_role.go:108.16,111.3 2 0
github.com/convision/api/internal/transport/http/v1/handler_role.go:112.2,112.45 1 0
github.com/convision/api/internal/transport/http/v1/handler_role.go:119.54,121.16 2 0
github.com/convision/api/internal/transport/http/v1/handler_role.go:121.16,124.3 2 0
github.com/convision/api/internal/transport/http/v1/handler_role.go:126.2,127.70 2 0
github.com/convision/api/internal/transport/http/v1/handler_role.go:127.70,128.100 1 0
github.com/convision/api/internal/transport/http/v1/handler_role.go:128.100,131.34 3 0
github.com/convision/api/internal/transport/http/v1/handler_role.go:131.34,133.5 1 0
github.com/convision/api/internal/transport/http/v1/handler_role.go:134.4,135.28 2 0
github.com/convision/api/internal/transport/http/v1/handler_role.go:135.28,136.41 1 0
github.com/convision/api/internal/transport/http/v1/handler_role.go:136.41,138.6 1 0
github.com/convision/api/internal/transport/http/v1/handler_role.go:140.4,140.20 1 0
github.com/convision/api/internal/transport/http/v1/handler_role.go:144.2,144.45 1 0
github.com/convision/api/internal/transport/http/v1/handler_role.go:149.52,151.16 2 0
github.com/convision/api/internal/transport/http/v1/handler_role.go:151.16,154.3 2 0
github.com/convision/api/internal/transport/http/v1/handler_role.go:155.2,156.49 2 0
github.com/convision/api/internal/transport/http/v1/handler_role.go:156.49,159.3 2 0
github.com/convision/api/internal/transport/http/v1/handler_role.go:160.2,161.44 2 0
github.com/convision/api/internal/transport/http/v1/handler_role.go:161.44,163.3 1 0
github.com/convision/api/internal/transport/http/v1/handler_role.go:164.2,164.75 1 0
github.com/convision/api/internal/transport/http/v1/handler_role.go:164.75,167.3 2 0
github.com/convision/api/internal/transport/http/v1/handler_role.go:168.2,168.32 1 0
github.com/convision/api/internal/transport/http/v1/handler_role.go:173.54,175.16 2 0
github.com/convision/api/internal/transport/http/v1/handler_role.go:175.16,178.3 2 0
github.com/convision/api/internal/transport/http/v1/handler_role.go:179.2,180.16 2 0
github.com/convision/api/internal/transport/http/v1/handler_role.go:180.16,183.3 2 0
github.com/convision/api/internal/transport/http/v1/handler_role.go:184.2,185.44 2 0
github.com/convision/api/internal/transport/http/v1/handler_role.go:185.44,187.3 1 0
github.com/convision/api/internal/transport/http/v1/handler_role.go:188.2,188.77 1 0
github.com/convision/api/internal/transport/http/v1/handler_role.go:188.77,191.3 2 0
github.com/convision/api/internal/transport/http/v1/handler_role.go:192.2,192.32 1 0
github.com/convision/api/internal/transport/http/v1/handler_role.go:197.48,199.16 2 0
github.com/convision/api/internal/transport/http/v1/handler_role.go:199.16,202.3 2 0
github.com/convision/api/internal/transport/http/v1/handler_role.go:203.2,204.16 2 0
github.com/convision/api/internal/transport/http/v1/handler_role.go:204.16,207.3 2 0
github.com/convision/api/internal/transport/http/v1/handler_role.go:208.2,208.45 1 0
github.com/convision/api/internal/transport/http/v1/handler_role.go:213.54,215.16 2 0
github.com/convision/api/internal/transport/http/v1/handler_role.go:215.16,218.3 2 0
github.com/convision/api/internal/transport/http/v1/handler_role.go:219.2,220.16 2 0
github.com/convision/api/internal/transport/http/v1/handler_role.go:220.16,223.3 2 0
github.com/convision/api/internal/transport/http/v1/handler_role.go:224.2,224.45 1 0
github.com/convision/api/internal/transport/http/v1/handler_role.go:231.67,232.34 1 0
github.com/convision/api/internal/transport/http/v1/handler_role.go:232.34,235.3 2 0
github.com/convision/api/internal/transport/http/v1/handler_role.go:236.2,237.21 2 0
github.com/convision/api/internal/transport/http/v1/handler_role.go:237.21,240.3 2 0
github.com/convision/api/internal/transport/http/v1/handler_role.go:241.2,243.105 2 0
github.com/convision/api/internal/transport/http/v1/handler_role.go:243.105,246.3 2 0
github.com/convision/api/internal/transport/http/v1/handler_role.go:247.2,248.16 2 0
github.com/convision/api/internal/transport/http/v1/handler_role.go:248.16,251.3 2 0
github.com/convision/api/internal/transport/http/v1/handler_role.go:252.2,253.45 2 0
github.com/convision/api/internal/transport/http/v1/handler_sale.go:17.45,19.46 2 0
github.com/convision/api/internal/transport/http/v1/handler_sale.go:19.46,22.3 2 0
github.com/convision/api/internal/transport/http/v1/handler_sale.go:24.2,25.59 2 0
github.com/convision/api/internal/transport/http/v1/handler_sale.go:25.59,26.21 1 0
github.com/convision/api/internal/transport/http/v1/handler_sale.go:26.21,28.4 1 0
github.com/convision/api/internal/transport/http/v1/handler_sale.go:28.9,30.4 1 0
github.com/convision/api/internal/transport/http/v1/handler_sale.go:32.2,32.18 1 0
github.com/convision/api/internal/transport/http/v1/handler_sale.go:32.18,35.3 2 0
github.com/convision/api/internal/transport/http/v1/handler_sale.go:37.2,38.16 2 0
github.com/convision/api/internal/transport/http/v1/handler_sale.go:38.16,41.3 2 0
github.com/convision/api/internal/transport/http/v1/handler_sale.go:42.2,42.28 1 0
github.com/convision/api/internal/transport/http/v1/handler_sale.go:47.43,49.16 2 0
github.com/convision/api/internal/transport/http/v1/handler_sale.go:49.16,51.3 1 0
github.com/convision/api/internal/transport/http/v1/handler_sale.go:52.2,53.16 2 0
github.com/convision/api/internal/transport/http/v1/handler_sale.go:53.16,56.3 2 0
github.com/convision/api/internal/transport/http/v1/handler_sale.go:57.2,57.41 1 0
github.com/convision/api/internal/transport/http/v1/handler_sale.go:62.46,64.49 2 0
github.com/convision/api/internal/transport/http/v1/handler_sale.go:64.49,67.3 2 0
github.com/convision/api/internal/transport/http/v1/handler_sale.go:69.2,70.9 2 0
github.com/convision/api/internal/transport/http/v1/handler_sale.go:70.9,73.3 2 0
github.com/convision/api/internal/transport/http/v1/handler_sale.go:75.2,78.16 3 0
github.com/convision/api/internal/transport/http/v1/handler_sale.go:78.16,81.3 2 0
github.com/convision/api/internal/transport/http/v1/handler_sale.go:82.2,85.20 4 0
github.com/convision/api/internal/transport/http/v1/handler_sale.go:85.20,86.49 1 0
github.com/convision/api/internal/transport/http/v1/handler_sale.go:86.49,88.4 1 0
github.com/convision/api/internal/transport/http/v1/handler_sale.go:89.3,89.53 1 0
github.com/convision/api/internal/transport/http/v1/handler_sale.go:89.53,91.4 1 0
github.com/convision/api/internal/transport/http/v1/handler_sale.go:93.2,98.4 1 0
github.com/convision/api/internal/transport/http/v1/handler_sale.go:103.46,105.16 2 0
github.com/convision/api/internal/transport/http/v1/handler_sale.go:105.16,107.3 1 0
github.com/convision/api/internal/transport/http/v1/handler_sale.go:109.2,110.49 2 0
github.com/convision/api/internal/transport/http/v1/handler_sale.go:110.49,113.3 2 0
github.com/convision/api/internal/transport/http/v1/handler_sale.go:115.2,116.16 2 0
github.com/convision/api/internal/transport/http/v1/handler_sale.go:116.16,119.3 2 0
github.com/convision/api/internal/transport/http/v1/handler_sale.go:120.2,120.26 1 0
github.com/convision/api/internal/transport/http/v1/handler_sale.go:125.46,127.16 2 0
github.com/convision/api/internal/transport/http/v1/handler_sale.go:127.16,129.3 1 0
github.com/convision/api/internal/transport/http/v1/handler_sale.go:130.2,130.42 1 0
github.com/convision/api/internal/transport/http/v1/handler_sale.go:130.42,133.3 2 0
github.com/convision/api/internal/transport/http/v1/handler_sale.go:134.2,134.35 1 0
github.com/convision/api/internal/transport/http/v1/handler_sale.go:139.48,141.16 2 0
github.com/convision/api/internal/transport/http/v1/handler_sale.go:141.16,144.3 2 0
github.com/convision/api/internal/transport/http/v1/handler_sale.go:145.2,145.30 1 0
github.com/convision/api/internal/transport/http/v1/handler_sale.go:150.53,152.16 2 0
github.com/convision/api/internal/transport/http/v1/handler_sale.go:152.16,155.3 2 0
github.com/convision/api/internal/transport/http/v1/handler_sale.go:156.2,156.30 1 0
github.com/convision/api/internal/transport/http/v1/handler_sale.go:161.50,163.16 2 0
github.com/convision/api/internal/transport/http/v1/handler_sale.go:163.16,165.3 1 0
github.com/convision/api/internal/transport/http/v1/handler_sale.go:167.2,168.49 2 0
github.com/convision/api/internal/transport/http/v1/handler_sale.go:168.49,171.3 2 0
github.com/convision/api/internal/transport/http/v1/handler_sale.go:173.2,174.9 2 0
github.com/convision/api/internal/transport/http/v1/handler_sale.go:174.9,177.3 2 0
github.com/convision/api/internal/transport/http/v1/handler_sale.go:179.2,180.16 2 0
github.com/convision/api/internal/transport/http/v1/handler_sale.go:180.16,183.3 2 0
github.com/convision/api/internal/transport/http/v1/handler_sale.go:184.2,184.26 1 0
github.com/convision/api/internal/transport/http/v1/handler_sale.go:189.53,191.16 2 0
github.com/convision/api/internal/transport/http/v1/handler_sale.go:191.16,193.3 1 0
github.com/convision/api/internal/transport/http/v1/handler_sale.go:195.2,197.21 3 0
github.com/convision/api/internal/transport/http/v1/handler_sale.go:197.21,200.3 2 0
github.com/convision/api/internal/transport/http/v1/handler_sale.go:201.2,204.16 3 0
github.com/convision/api/internal/transport/http/v1/handler_sale.go:204.16,207.3 2 0
github.com/convision/api/internal/transport/http/v1/handler_sale.go:208.2,208.26 1 0
github.com/convision/api/internal/transport/http/v1/handler_sale.go:213.46,215.16 2 0
github.com/convision/api/internal/transport/http/v1/handler_sale.go:215.16,217.3 1 0
github.com/convision/api/internal/transport/http/v1/handler_sale.go:218.2,219.16 2 0
github.com/convision/api/internal/transport/http/v1/handler_sale.go:219.16,222.3 2 0
github.com/convision/api/internal/transport/http/v1/handler_sale.go:223.2,223.26 1 0
github.com/convision/api/internal/transport/http/v1/handler_sale.go:228.51,230.16 2 0
github.com/convision/api/internal/transport/http/v1/handler_sale.go:230.16,232.3 1 0
github.com/convision/api/internal/transport/http/v1/handler_sale.go:233.2,234.16 2 0
github.com/convision/api/internal/transport/http/v1/handler_sale.go:234.16,237.3 2 0
github.com/convision/api/internal/transport/http/v1/handler_sale.go:238.2,240.47 3 0
github.com/convision/api/internal/transport/http/v1/handler_sale.go:240.47,242.3 1 0
github.com/convision/api/internal/transport/http/v1/handler_sale.go:243.2,243.51 1 0
github.com/convision/api/internal/transport/http/v1/handler_sale.go:243.51,245.3 1 0
github.com/convision/api/internal/transport/http/v1/handler_sale.go:246.2,246.73 1 0
github.com/convision/api/internal/transport/http/v1/handler_sale.go:251.60,253.16 2 0
github.com/convision/api/internal/transport/http/v1/handler_sale.go:253.16,255.3 1 0
github.com/convision/api/internal/transport/http/v1/handler_sale.go:256.2,257.16 2 0
github.com/convision/api/internal/transport/http/v1/handler_sale.go:257.16,260.3 2 0
github.com/convision/api/internal/transport/http/v1/handler_sale.go:261.2,261.29 1 0
github.com/convision/api/internal/transport/http/v1/handler_sale.go:266.61,268.16 2 0
github.com/convision/api/internal/transport/http/v1/handler_sale.go:268.16,270.3 1 0
github.com/convision/api/internal/transport/http/v1/handler_sale.go:272.2,273.49 2 0
github.com/convision/api/internal/transport/http/v1/handler_sale.go:273.49,276.3 2 0
github.com/convision/api/internal/transport/http/v1/handler_sale.go:278.2,279.9 2 0
github.com/convision/api/internal/transport/http/v1/handler_sale.go:279.9,282.3 2 0
github.com/convision/api/internal/transport/http/v1/handler_sale.go:284.2,285.16 2 0
github.com/convision/api/internal/transport/http/v1/handler_sale.go:285.16,288.3 2 0
github.com/convision/api/internal/transport/http/v1/handler_sale.go:289.2,289.33 1 0
github.com/convision/api/internal/transport/http/v1/handler_sale.go:294.61,296.16 2 0
github.com/convision/api/internal/transport/http/v1/handler_sale.go:296.16,298.3 1 0
github.com/convision/api/internal/transport/http/v1/handler_sale.go:300.2,302.21 3 0
github.com/convision/api/internal/transport/http/v1/handler_sale.go:302.21,305.3 2 0
github.com/convision/api/internal/transport/http/v1/handler_sale.go:306.2,308.72 2 0
github.com/convision/api/internal/transport/http/v1/handler_sale.go:308.72,311.3 2 0
github.com/convision/api/internal/transport/http/v1/handler_sale.go:312.2,312.35 1 0
github.com/convision/api/internal/transport/http/v1/handler_sale.go:317.56,319.16 2 0
github.com/convision/api/internal/transport/http/v1/handler_sale.go:319.16,321.3 1 0
github.com/convision/api/internal/transport/http/v1/handler_sale.go:323.2,325.21 3 0
github.com/convision/api/internal/transport/http/v1/handler_sale.go:325.21,328.3 2 0
github.com/convision/api/internal/transport/http/v1/handler_sale.go:329.2,332.16 3 0
github.com/convision/api/internal/transport/http/v1/handler_sale.go:332.16,335.3 2 0
github.com/convision/api/internal/transport/http/v1/handler_sale.go:336.2,336.31 1 0
github.com/convision/api/internal/transport/http/v1/handler_specialist_report.go:20.67,25.65 4 0
github.com/convision/api/internal/transport/http/v1/handler_specialist_report.go:25.65,26.48 1 0
github.com/convision/api/internal/transport/http/v1/handler_specialist_report.go:26.48,28.18 2 0
github.com/convision/api/internal/transport/http/v1/handler_specialist_report.go:28.18,29.13 1 0
github.com/convision/api/internal/transport/http/v1/handler_specialist_report.go:31.4,32.18 2 0
github.com/convision/api/internal/transport/http/v1/handler_specialist_report.go:32.18,34.5 1 0
github.com/convision/api/internal/transport/http/v1/handler_specialist_report.go:37.2,38.84 2 0
github.com/convision/api/internal/transport/http/v1/handler_specialist_report.go:38.84,39.72 1 0
github.com/convision/api/internal/transport/http/v1/handler_specialist_report.go:39.72,42.4 2 0
github.com/convision/api/internal/transport/http/v1/handler_specialist_report.go:45.2,47.16 3 0
github.com/convision/api/internal/transport/http/v1/handler_specialist_report.go:47.16,50.3 2 0
github.com/convision/api/internal/transport/http/v1/handler_specialist_report.go:53.2,60.25 2 0
github.com/convision/api/internal/transport/http/v1/handler_specialist_report.go:60.25,66.3 5 0
github.com/convision/api/internal/transport/http/v1/handler_specialist_report.go:68.2,74.4 1 0
github.com/convision/api/internal/transport/http/v1/handler_specialist_report.go:82.61,84.16 2 0
github.com/convision/api/internal/transport/http/v1/handler_specialist_report.go:84.16,86.3 1 0
github.com/convision/api/internal/transport/http/v1/handler_specialist_report.go:88.2,97.16 7 0
github.com/convision/api/internal/transport/http/v1/handler_specialist_report.go:97.16,100.3 2 0
github.com/convision/api/internal/transport/http/v1/handler_specialist_report.go:102.2,103.19 2 0
github.com/convision/api/internal/transport/http/v1/handler_specialist_report.go:103.19,105.3 1 0
github.com/convision/api/internal/transport/http/v1/handler_specialist_report.go:108.2,109.16 2 0
github.com/convision/api/internal/transport/http/v1/handler_specialist_report.go:109.16,112.3 2 0
github.com/convision/api/internal/transport/http/v1/handler_specialist_report.go:115.2,128.16 2 0
github.com/convision/api/internal/transport/http/v1/handler_specialist_report.go:128.16,131.3 2 0
github.com/convision/api/internal/transport/http/v1/handler_specialist_report.go:133.2,156.4 1 0
github.com/convision/api/internal/transport/http/v1/handler_specialist_report.go:164.51,166.9 2 0
github.com/convision/api/internal/transport/http/v1/handler_specialist_report.go:166.9,169.3 2 0
github.com/convision/api/internal/transport/http/v1/handler_specialist_report.go:170.2,172.4 1 0
github.com/convision/api/internal/transport/http/v1/handler_t10.go:48.94,54.37 2 0
github.com/convision/api/internal/transport/http/v1/handler_t10.go:54.37,66.3 11 0
github.com/convision/api/internal/transport/http/v1/handler_t10.go:69.2,69.30 1 0
github.com/convision/api/internal/transport/http/v1/handler_t10.go:69.30,82.3 12 0
github.com/convision/api/internal/transport/http/v1/handler_t10.go:85.2,85.31 1 0
github.com/convision/api/internal/transport/http/v1/handler_t10.go:85.31,100.3 14 0
github.com/convision/api/internal/transport/http/v1/handler_t10.go:102.2,102.13 1 0
github.com/convision/api/internal/transport/http/v1/handler_t10.go:106.91,108.25 2 0
github.com/convision/api/internal/transport/http/v1/handler_t10.go:108.25,110.3 1 0
github.com/convision/api/internal/transport/http/v1/handler_t10.go:112.2,164.30 2 0
github.com/convision/api/internal/transport/http/v1/handler_t10.go:164.30,168.3 3 0
github.com/convision/api/internal/transport/http/v1/handler_t10.go:170.2,170.19 1 0
github.com/convision/api/internal/transport/http/v1/handler_t10.go:170.19,175.3 1 0
github.com/convision/api/internal/transport/http/v1/handler_t10.go:177.2,177.12 1 0
github.com/convision/api/internal/transport/http/v1/handler_t10.go:181.54,182.25 1 0
github.com/convision/api/internal/transport/http/v1/handler_t10.go:182.25,183.24 1 0
github.com/convision/api/internal/transport/http/v1/handler_t10.go:183.24,185.4 1 0
github.com/convision/api/internal/transport/http/v1/handler_t10.go:187.2,187.10 1 0
github.com/convision/api/internal/transport/http/v1/handler_t10.go:190.62,191.25 1 0
github.com/convision/api/internal/transport/http/v1/handler_t10.go:191.25,192.26 1 0
github.com/convision/api/internal/transport/http/v1/handler_t10.go:193.16,194.19 1 0
github.com/convision/api/internal/transport/http/v1/handler_t10.go:195.12,196.14 1 0
github.com/convision/api/internal/transport/http/v1/handler_t10.go:199.2,199.10 1 0
github.com/convision/api/internal/transport/http/v1/handler_t10.go:202.69,203.25 1 0
github.com/convision/api/internal/transport/http/v1/handler_t10.go:203.25,204.24 1 0
github.com/convision/api/internal/transport/http/v1/handler_t10.go:204.24,205.27 1 0
github.com/convision/api/internal/transport/http/v1/handler_t10.go:206.17,207.20 1 0
github.com/convision/api/internal/transport/http/v1/handler_t10.go:208.13,209.15 1 0
github.com/convision/api/internal/transport/http/v1/handler_t10.go:213.2,213.10 1 0
github.com/convision/api/internal/transport/http/v1/handler_t10.go:216.68,217.25 1 0
github.com/convision/api/internal/transport/http/v1/handler_t10.go:217.25,218.26 1 0
github.com/convision/api/internal/transport/http/v1/handler_t10.go:219.16,220.14 1 0
github.com/convision/api/internal/transport/http/v1/handler_t10.go:221.12,222.23 1 0
github.com/convision/api/internal/transport/http/v1/handler_t10.go:225.2,225.10 1 0
github.com/convision/api/internal/transport/http/v1/handler_t10.go:228.36,229.23 1 0
github.com/convision/api/internal/transport/http/v1/handler_t10.go:230.11,231.11 1 0
github.com/convision/api/internal/transport/http/v1/handler_t10.go:232.13,233.16 1 0
github.com/convision/api/internal/transport/http/v1/handler_t10.go:234.13,235.16 1 0
github.com/convision/api/internal/transport/http/v1/handler_t10.go:236.15,237.16 1 0
github.com/convision/api/internal/transport/http/v1/handler_t10.go:238.10,239.11 1 0
github.com/convision/api/internal/transport/http/v1/handler_t10.go:243.87,295.2 5 0
github.com/convision/api/internal/transport/http/v1/handler_t10.go:299.55,302.16 3 0
github.com/convision/api/internal/transport/http/v1/handler_t10.go:302.16,305.3 2 0
github.com/convision/api/internal/transport/http/v1/handler_t10.go:308.2,322.34 2 0
github.com/convision/api/internal/transport/http/v1/handler_t10.go:327.58,330.16 3 0
github.com/convision/api/internal/transport/http/v1/handler_t10.go:330.16,333.3 2 0
github.com/convision/api/internal/transport/http/v1/handler_t10.go:335.2,342.33 2 0
github.com/convision/api/internal/transport/http/v1/handler_t10.go:345.53,348.46 3 0
github.com/convision/api/internal/transport/http/v1/handler_t10.go:348.46,351.3 2 0
github.com/convision/api/internal/transport/http/v1/handler_t10.go:352.2,353.16 2 0
github.com/convision/api/internal/transport/http/v1/handler_t10.go:353.16,356.3 2 0
github.com/convision/api/internal/transport/http/v1/handler_t10.go:359.2,360.16 2 0
github.com/convision/api/internal/transport/http/v1/handler_t10.go:360.16,362.3 1 0
github.com/convision/api/internal/transport/http/v1/handler_t10.go:365.2,366.19 2 0
github.com/convision/api/internal/transport/http/v1/handler_t10.go:366.19,368.3 1 0
github.com/convision/api/internal/transport/http/v1/handler_t10.go:371.2,385.33 2 0
github.com/convision/api/internal/transport/http/v1/handler_t10.go:388.56,391.16 3 0
github.com/convision/api/internal/transport/http/v1/handler_t10.go:391.16,394.3 2 0
github.com/convision/api/internal/transport/http/v1/handler_t10.go:395.2,396.16 2 0
github.com/convision/api/internal/transport/http/v1/handler_t10.go:396.16,399.3 2 0
github.com/convision/api/internal/transport/http/v1/handler_t10.go:400.2,400.41 1 0
github.com/convision/api/internal/transport/http/v1/handler_t10.go:403.58,406.16 3 0
github.com/convision/api/internal/transport/http/v1/handler_t10.go:406.16,409.3 2 0
github.com/convision/api/internal/transport/http/v1/handler_t10.go:410.2,411.16 2 0
github.com/convision/api/internal/transport/http/v1/handler_t10.go:411.16,414.3 2 0
github.com/convision/api/internal/transport/http/v1/handler_t10.go:415.2,415.41 1 0
github.com/convision/api/internal/transport/http/v1/handler_t10.go:418.60,421.16 3 0
github.com/convision/api/internal/transport/http/v1/handler_t10.go:421.16,423.3 1 0
github.com/convision/api/internal/transport/http/v1/handler_t10.go:425.2,425.51 1 0
github.com/convision/api/internal/transport/http/v1/handler_t10.go:425.51,428.3 2 0
github.com/convision/api/internal/transport/http/v1/handler_t10.go:429.2,433.4 1 0
github.com/convision/api/internal/transport/http/v1/handler_t10.go:436.55,439.16 3 0
github.com/convision/api/internal/transport/http/v1/handler_t10.go:439.16,442.3 2 0
github.com/convision/api/internal/transport/http/v1/handler_t10.go:443.2,444.16 2 0
github.com/convision/api/internal/transport/http/v1/handler_t10.go:444.16,447.3 2 0
github.com/convision/api/internal/transport/http/v1/handler_t10.go:448.2,448.41 1 0
github.com/convision/api/internal/transport/http/v1/handler_t10.go:451.57,454.16 3 0
github.com/convision/api/internal/transport/http/v1/handler_t10.go:454.16,457.3 2 0
github.com/convision/api/internal/transport/http/v1/handler_t10.go:458.2,459.16 2 0
github.com/convision/api/internal/transport/http/v1/handler_t10.go:459.16,462.3 2 0
github.com/convision/api/internal/transport/http/v1/handler_t10.go:463.2,463.41 1 0
github.com/convision/api/internal/transport/http/v1/handler_t10.go:466.54,469.16 3 0
github.com/convision/api/internal/transport/http/v1/handler_t10.go:469.16,472.3 2 0
github.com/convision/api/internal/transport/http/v1/handler_t10.go:473.2,473.60 1 0
github.com/convision/api/internal/transport/http/v1/handler_t10.go:473.60,476.3 2 0
github.com/convision/api/internal/transport/http/v1/handler_t10.go:477.2,477.32 1 0
github.com/convision/api/internal/transport/http/v1/handler_t10.go:482.45,486.16 4 0
github.com/convision/api/internal/transport/http/v1/handler_t10.go:486.16,489.3 2 0
github.com/convision/api/internal/transport/http/v1/handler_t10.go:490.2,493.16 4 0
github.com/convision/api/internal/transport/http/v1/handler_t10.go:493.16,496.3 2 0
github.com/convision/api/internal/transport/http/v1/handler_t10.go:497.2,497.28 1 0
github.com/convision/api/internal/transport/http/v1/handler_t10.go:500.46,504.16 4 0
github.com/convision/api/internal/transport/http/v1/handler_t10.go:504.16,507.3 2 0
github.com/convision/api/internal/transport/http/v1/handler_t10.go:508.2,509.49 2 0
github.com/convision/api/internal/transport/http/v1/handler_t10.go:509.49,512.3 2 0
github.com/convision/api/internal/transport/http/v1/handler_t10.go:513.2,514.9 2 0
github.com/convision/api/internal/transport/http/v1/handler_t10.go:514.9,517.3 2 0
github.com/convision/api/internal/transport/http/v1/handler_t10.go:518.2,519.16 2 0
github.com/convision/api/internal/transport/http/v1/handler_t10.go:519.16,522.3 2 0
github.com/convision/api/internal/transport/http/v1/handler_t10.go:523.2,523.31 1 0
github.com/convision/api/internal/transport/http/v1/handler_t10.go:528.60,530.46 2 0
github.com/convision/api/internal/transport/http/v1/handler_t10.go:530.46,533.3 2 0
github.com/convision/api/internal/transport/http/v1/handler_t10.go:534.2,537.59 3 0
github.com/convision/api/internal/transport/http/v1/handler_t10.go:537.59,538.21 1 0
github.com/convision/api/internal/transport/http/v1/handler_t10.go:538.21,540.4 1 0
github.com/convision/api/internal/transport/http/v1/handler_t10.go:540.9,542.4 1 0
github.com/convision/api/internal/transport/http/v1/handler_t10.go:544.2,544.18 1 0
github.com/convision/api/internal/transport/http/v1/handler_t10.go:544.18,547.3 2 0
github.com/convision/api/internal/transport/http/v1/handler_t10.go:549.2,549.34 1 0
github.com/convision/api/internal/transport/http/v1/handler_t10.go:549.34,552.3 2 0
github.com/convision/api/internal/transport/http/v1/handler_t10.go:553.2,553.86 1 0
github.com/convision/api/internal/transport/http/v1/handler_t10.go:553.86,554.65 1 0
github.com/convision/api/internal/transport/http/v1/handler_t10.go:554.65,557.4 2 0
github.com/convision/api/internal/transport/http/v1/handler_t10.go:559.2,561.16 3 0
github.com/convision/api/internal/transport/http/v1/handler_t10.go:561.16,564.3 2 0
github.com/convision/api/internal/transport/http/v1/handler_t10.go:567.2,568.29 2 0
github.com/convision/api/internal/transport/http/v1/handler_t10.go:568.29,570.3 1 0
github.com/convision/api/internal/transport/http/v1/handler_t10.go:572.2,578.4 1 0
github.com/convision/api/internal/transport/http/v1/handler_t10.go:581.58,583.16 2 0
github.com/convision/api/internal/transport/http/v1/handler_t10.go:583.16,586.3 2 0
github.com/convision/api/internal/transport/http/v1/handler_t10.go:587.2,589.16 3 0
github.com/convision/api/internal/transport/http/v1/handler_t10.go:589.16,592.3 2 0
github.com/convision/api/internal/transport/http/v1/handler_t10.go:593.2,594.74 2 0
github.com/convision/api/internal/transport/http/v1/handler_t10.go:594.74,597.3 2 0
github.com/convision/api/internal/transport/http/v1/handler_t10.go:600.2,601.31 2 0
github.com/convision/api/internal/transport/http/v1/handler_t10.go:604.61,606.9 2 0
github.com/convision/api/internal/transport/http/v1/handler_t10.go:606.9,609.3 2 0
github.com/convision/api/internal/transport/http/v1/handler_t10.go:610.2,610.28 1 0
github.com/convision/api/internal/transport/http/v1/handler_t10.go:610.28,613.3 2 0
github.com/convision/api/internal/transport/http/v1/handler_t10.go:615.2,618.16 3 0
github.com/convision/api/internal/transport/http/v1/handler_t10.go:618.16,621.3 2 0
github.com/convision/api/internal/transport/http/v1/handler_t10.go:623.2,625.112 3 0
github.com/convision/api/internal/transport/http/v1/handler_t10.go:625.112,629.17 4 0
github.com/convision/api/internal/transport/http/v1/handler_t10.go:629.17,632.4 2 0
github.com/convision/api/internal/transport/http/v1/handler_t10.go:633.3,635.9 3 0
github.com/convision/api/internal/transport/http/v1/handler_t10.go:638.2,640.49 3 0
github.com/convision/api/internal/transport/http/v1/handler_t10.go:640.49,643.3 2 0
github.com/convision/api/internal/transport/http/v1/handler_t10.go:644.2,646.16 3 0
github.com/convision/api/internal/transport/http/v1/handler_t10.go:646.16,649.3 2 0
github.com/convision/api/internal/transport/http/v1/handler_t10.go:650.2,651.36 2 0
github.com/convision/api/internal/transport/http/v1/handler_t10.go:654.61,656.16 2 0
github.com/convision/api/internal/transport/http/v1/handler_t10.go:656.16,659.3 2 0
github.com/convision/api/internal/transport/http/v1/handler_t10.go:660.2,661.9 2 0
github.com/convision/api/internal/transport/http/v1/handler_t10.go:661.9,664.3 2 0
github.com/convision/api/internal/transport/http/v1/handler_t10.go:666.2,667.16 2 0
github.com/convision/api/internal/transport/http/v1/handler_t10.go:667.16,670.3 2 0
github.com/convision/api/internal/transport/http/v1/handler_t10.go:672.2,674.112 3 0
github.com/convision/api/internal/transport/http/v1/handler_t10.go:674.112,681.17 5 0
github.com/convision/api/internal/transport/http/v1/handler_t10.go:681.17,684.4 2 0
github.com/convision/api/internal/transport/http/v1/handler_t10.go:685.3,687.9 3 0
github.com/convision/api/internal/transport/http/v1/handler_t10.go:690.2,692.49 3 0
github.com/convision/api/internal/transport/http/v1/handler_t10.go:692.49,695.3 2 0
github.com/convision/api/internal/transport/http/v1/handler_t10.go:696.2,697.16 2 0
github.com/convision/api/internal/transport/http/v1/handler_t10.go:697.16,700.3 2 0
github.com/convision/api/internal/transport/http/v1/handler_t10.go:701.2,702.31 2 0
github.com/convision/api/internal/transport/http/v1/handler_t10.go:705.47,707.16 2 0
github.com/convision/api/internal/transport/http/v1/handler_t10.go:707.16,710.3 2 0
github.com/convision/api/internal/transport/http/v1/handler_t10.go:711.2,712.9 2 0
github.com/convision/api/internal/transport/http/v1/handler_t10.go:712.9,715.3 2 0
github.com/convision/api/internal/transport/http/v1/handler_t10.go:716.2,718.16 3 0
github.com/convision/api/internal/transport/http/v1/handler_t10.go:718.16,721.3 2 0
github.com/convision/api/internal/transport/http/v1/handler_t10.go:722.2,723.31 2 0
github.com/convision/api/internal/transport/http/v1/handler_t10.go:726.48,728.16 2 0
github.com/convision/api/internal/transport/http/v1/handler_t10.go:728.16,731.3 2 0
github.com/convision/api/internal/transport/http/v1/handler_t10.go:732.2,733.9 2 0
github.com/convision/api/internal/transport/http/v1/handler_t10.go:733.9,736.3 2 0
github.com/convision/api/internal/transport/http/v1/handler_t10.go:737.2,737.28 1 0
github.com/convision/api/internal/transport/http/v1/handler_t10.go:737.28,740.3 2 0
github.com/convision/api/internal/transport/http/v1/handler_t10.go:741.2,743.16 3 0
github.com/convision/api/internal/transport/http/v1/handler_t10.go:743.16,746.3 2 0
github.com/convision/api/internal/transport/http/v1/handler_t10.go:747.2,748.31 2 0
github.com/convision/api/internal/transport/http/v1/handler_t10.go:751.66,753.16 2 0
github.com/convision/api/internal/transport/http/v1/handler_t10.go:753.16,756.3 2 0
github.com/convision/api/internal/transport/http/v1/handler_t10.go:757.2,758.9 2 0
github.com/convision/api/internal/transport/http/v1/handler_t10.go:758.9,761.3 2 0
github.com/convision/api/internal/transport/http/v1/handler_t10.go:762.2,764.16 3 0
github.com/convision/api/internal/transport/http/v1/handler_t10.go:764.16,767.3 2 0
github.com/convision/api/internal/transport/http/v1/handler_t10.go:768.2,768.68 1 0
github.com/convision/api/internal/transport/http/v1/handler_t10.go:768.68,771.3 2 0
github.com/convision/api/internal/transport/http/v1/handler_t10.go:772.2,773.16 2 0
github.com/convision/api/internal/transport/http/v1/handler_t10.go:773.16,776.3 2 0
github.com/convision/api/internal/transport/http/v1/handler_t10.go:777.2,787.25 3 0
github.com/convision/api/internal/transport/http/v1/handler_t10.go:787.25,793.31 2 0
github.com/convision/api/internal/transport/http/v1/handler_t10.go:793.31,796.4 2 0
github.com/convision/api/internal/transport/http/v1/handler_t10.go:796.9,798.4 1 0
github.com/convision/api/internal/transport/http/v1/handler_t10.go:799.3,799.33 1 0
github.com/convision/api/internal/transport/http/v1/handler_t10.go:801.2,801.46 1 0
github.com/convision/api/internal/transport/http/v1/handler_t10.go:804.63,806.9 2 0
github.com/convision/api/internal/transport/http/v1/handler_t10.go:806.9,809.3 2 0
github.com/convision/api/internal/transport/http/v1/handler_t10.go:810.2,810.28 1 0
github.com/convision/api/internal/transport/http/v1/handler_t10.go:810.28,813.3 2 0
github.com/convision/api/internal/transport/http/v1/handler_t10.go:814.2,815.49 2 0
github.com/convision/api/internal/transport/http/v1/handler_t10.go:815.49,818.3 2 0
github.com/convision/api/internal/transport/http/v1/handler_t10.go:819.2,822.16 4 0
github.com/convision/api/internal/transport/http/v1/handler_t10.go:822.16,825.3 2 0
github.com/convision/api/internal/transport/http/v1/handler_t10.go:826.2,827.71 2 0
github.com/convision/api/internal/transport/http/v1/handler_t9.go:18.51,21.16 3 0
github.com/convision/api/internal/transport/http/v1/handler_t9.go:21.16,24.3 2 0
github.com/convision/api/internal/transport/http/v1/handler_t9.go:25.2,25.30 1 0
github.com/convision/api/internal/transport/http/v1/handler_t9.go:28.48,30.46 2 0
github.com/convision/api/internal/transport/http/v1/handler_t9.go:30.46,33.3 2 0
github.com/convision/api/internal/transport/http/v1/handler_t9.go:34.2,36.16 3 0
github.com/convision/api/internal/transport/http/v1/handler_t9.go:36.16,39.3 2 0
github.com/convision/api/internal/transport/http/v1/handler_t9.go:40.2,40.28 1 0
github.com/convision/api/internal/transport/http/v1/handler_t9.go:43.46,45.16 2 0
github.com/convision/api/internal/transport/http/v1/handler_t9.go:45.16,48.3 2 0
github.com/convision/api/internal/transport/http/v1/handler_t9.go:49.2,51.16 3 0
github.com/convision/api/internal/transport/http/v1/handler_t9.go:51.16,54.3 2 0
github.com/convision/api/internal/transport/http/v1/handler_t9.go:55.2,55.26 1 0
github.com/convision/api/internal/transport/http/v1/handler_t9.go:58.49,60.49 2 0
github.com/convision/api/internal/transport/http/v1/handler_t9.go:60.49,63.3 2 0
github.com/convision/api/internal/transport/http/v1/handler_t9.go:64.2,66.19 3 0
github.com/convision/api/internal/transport/http/v1/handler_t9.go:66.19,69.3 2 0
github.com/convision/api/internal/transport/http/v1/handler_t9.go:70.2,72.16 3 0
github.com/convision/api/internal/transport/http/v1/handler_t9.go:72.16,75.3 2 0
github.com/convision/api/internal/transport/http/v1/handler_t9.go:76.2,76.46 1 0
github.com/convision/api/internal/transport/http/v1/handler_t9.go:79.49,81.16 2 0
github.com/convision/api/internal/transport/http/v1/handler_t9.go:81.16,84.3 2 0
github.com/convision/api/internal/transport/http/v1/handler_t9.go:85.2,86.49 2 0
github.com/convision/api/internal/transport/http/v1/handler_t9.go:86.49,89.3 2 0
github.com/convision/api/internal/transport/http/v1/handler_t9.go:90.2,92.16 3 0
github.com/convision/api/internal/transport/http/v1/handler_t9.go:92.16,95.3 2 0
github.com/convision/api/internal/transport/http/v1/handler_t9.go:96.2,96.26 1 0
github.com/convision/api/internal/transport/http/v1/handler_t9.go:99.49,101.16 2 0
github.com/convision/api/internal/transport/http/v1/handler_t9.go:101.16,104.3 2 0
github.com/convision/api/internal/transport/http/v1/handler_t9.go:105.2,106.55 2 0
github.com/convision/api/internal/transport/http/v1/handler_t9.go:106.55,109.3 2 0
github.com/convision/api/internal/transport/http/v1/handler_t9.go:110.2,110.32 1 0
github.com/convision/api/internal/transport/http/v1/handler_t9.go:115.56,118.16 3 0
github.com/convision/api/internal/transport/http/v1/handler_t9.go:118.16,121.3 2 0
github.com/convision/api/internal/transport/http/v1/handler_t9.go:122.2,122.30 1 0
github.com/convision/api/internal/transport/http/v1/handler_t9.go:125.53,127.46 2 0
github.com/convision/api/internal/transport/http/v1/handler_t9.go:127.46,130.3 2 0
github.com/convision/api/internal/transport/http/v1/handler_t9.go:131.2,133.16 3 0
github.com/convision/api/internal/transport/http/v1/handler_t9.go:133.16,136.3 2 0
github.com/convision/api/internal/transport/http/v1/handler_t9.go:137.2,137.28 1 0
github.com/convision/api/internal/transport/http/v1/handler_t9.go:140.51,142.16 2 0
github.com/convision/api/internal/transport/http/v1/handler_t9.go:142.16,145.3 2 0
github.com/convision/api/internal/transport/http/v1/handler_t9.go:146.2,148.16 3 0
github.com/convision/api/internal/transport/http/v1/handler_t9.go:148.16,151.3 2 0
github.com/convision/api/internal/transport/http/v1/handler_t9.go:152.2,152.26 1 0
github.com/convision/api/internal/transport/http/v1/handler_t9.go:155.54,157.49 2 0
github.com/convision/api/internal/transport/http/v1/handler_t9.go:157.49,160.3 2 0
github.com/convision/api/internal/transport/http/v1/handler_t9.go:161.2,163.19 3 0
github.com/convision/api/internal/transport/http/v1/handler_t9.go:163.19,166.3 2 0
github.com/convision/api/internal/transport/http/v1/handler_t9.go:167.2,169.16 3 0
github.com/convision/api/internal/transport/http/v1/handler_t9.go:169.16,172.3 2 0
github.com/convision/api/internal/transport/http/v1/handler_t9.go:173.2,173.46 1 0
github.com/convision/api/internal/transport/http/v1/handler_t9.go:176.54,178.16 2 0
github.com/convision/api/internal/transport/http/v1/handler_t9.go:178.16,181.3 2 0
github.com/convision/api/internal/transport/http/v1/handler_t9.go:182.2,183.49 2 0
github.com/convision/api/internal/transport/http/v1/handler_t9.go:183.49,186.3 2 0
github.com/convision/api/internal/transport/http/v1/handler_t9.go:187.2,189.16 3 0
github.com/convision/api/internal/transport/http/v1/handler_t9.go:189.16,192.3 2 0
github.com/convision/api/internal/transport/http/v1/handler_t9.go:193.2,193.26 1 0
github.com/convision/api/internal/transport/http/v1/handler_t9.go:196.54,198.16 2 0
github.com/convision/api/internal/transport/http/v1/handler_t9.go:198.16,201.3 2 0
github.com/convision/api/internal/transport/http/v1/handler_t9.go:202.2,203.60 2 0
github.com/convision/api/internal/transport/http/v1/handler_t9.go:203.60,206.3 2 0
github.com/convision/api/internal/transport/http/v1/handler_t9.go:207.2,207.32 1 0
github.com/convision/api/internal/transport/http/v1/handler_t9.go:212.56,215.16 3 0
github.com/convision/api/internal/transport/http/v1/handler_t9.go:215.16,218.3 2 0
github.com/convision/api/internal/transport/http/v1/handler_t9.go:219.2,219.30 1 0
github.com/convision/api/internal/transport/http/v1/handler_t9.go:222.53,224.46 2 0
github.com/convision/api/internal/transport/http/v1/handler_t9.go:224.46,227.3 2 0
github.com/convision/api/internal/transport/http/v1/handler_t9.go:228.2,230.16 3 0
github.com/convision/api/internal/transport/http/v1/handler_t9.go:230.16,233.3 2 0
github.com/convision/api/internal/transport/http/v1/handler_t9.go:234.2,234.28 1 0
github.com/convision/api/internal/transport/http/v1/handler_t9.go:237.51,239.16 2 0
github.com/convision/api/internal/transport/http/v1/handler_t9.go:239.16,242.3 2 0
github.com/convision/api/internal/transport/http/v1/handler_t9.go:243.2,245.16 3 0
github.com/convision/api/internal/transport/http/v1/handler_t9.go:245.16,248.3 2 0
github.com/convision/api/internal/transport/http/v1/handler_t9.go:249.2,249.26 1 0
github.com/convision/api/internal/transport/http/v1/handler_t9.go:252.54,254.49 2 0
github.com/convision/api/internal/transport/http/v1/handler_t9.go:254.49,257.3 2 0
github.com/convision/api/internal/transport/http/v1/handler_t9.go:258.2,260.19 3 0
github.com/convision/api/internal/transport/http/v1/handler_t9.go:260.19,263.3 2 0
github.com/convision/api/internal/transport/http/v1/handler_t9.go:264.2,266.16 3 0
github.com/convision/api/internal/transport/http/v1/handler_t9.go:266.16,269.3 2 0
github.com/convision/api/internal/transport/http/v1/handler_t9.go:270.2,270.46 1 0
github.com/convision/api/internal/transport/http/v1/handler_t9.go:273.54,275.16 2 0
github.com/convision/api/internal/transport/http/v1/handler_t9.go:275.16,278.3 2 0
github.com/convision/api/internal/transport/http/v1/handler_t9.go:279.2,280.49 2 0
github.com/convision/api/internal/transport/http/v1/handler_t9.go:280.49,283.3 2 0
github.com/convision/api/internal/transport/http/v1/handler_t9.go:284.2,286.16 3 0
github.com/convision/api/internal/transport/http/v1/handler_t9.go:286.16,289.3 2 0
github.com/convision/api/internal/transport/http/v1/handler_t9.go:290.2,290.26 1 0
github.com/convision/api/internal/transport/http/v1/handler_t9.go:293.54,295.16 2 0
github.com/convision/api/internal/transport/http/v1/handler_t9.go:295.16,298.3 2 0
github.com/convision/api/internal/transport/http/v1/handler_t9.go:299.2,300.60 2 0
github.com/convision/api/internal/transport/http/v1/handler_t9.go:300.60,303.3 2 0
github.com/convision/api/internal/transport/http/v1/handler_t9.go:304.2,304.32 1 0
github.com/convision/api/internal/transport/http/v1/handler_t9.go:307.55,309.16 2 0
github.com/convision/api/internal/transport/http/v1/handler_t9.go:309.16,312.3 2 0
github.com/convision/api/internal/transport/http/v1/handler_t9.go:313.2,317.19 5 0
github.com/convision/api/internal/transport/http/v1/handler_t9.go:317.19,320.3 2 0
github.com/convision/api/internal/transport/http/v1/handler_t9.go:321.2,323.16 3 0
github.com/convision/api/internal/transport/http/v1/handler_t9.go:323.16,326.3 2 0
github.com/convision/api/internal/transport/http/v1/handler_t9.go:327.2,327.41 1 0
github.com/convision/api/internal/transport/http/v1/handler_t9.go:330.54,332.16 2 0
github.com/convision/api/internal/transport/http/v1/handler_t9.go:332.16,335.3 2 0
github.com/convision/api/internal/transport/http/v1/handler_t9.go:336.2,340.16 5 0
github.com/convision/api/internal/transport/http/v1/handler_t9.go:340.16,343.3 2 0
github.com/convision/api/internal/transport/http/v1/handler_t9.go:344.2,344.26 1 0
github.com/convision/api/internal/transport/http/v1/lab_order_pdf.go:17.31,18.32 1 0
github.com/convision/api/internal/transport/http/v1/lab_order_pdf.go:18.32,20.3 1 0
github.com/convision/api/internal/transport/http/v1/lab_order_pdf.go:21.2,21.10 1 0
github.com/convision/api/internal/transport/http/v1/lab_order_pdf.go:24.70,47.28 20 0
github.com/convision/api/internal/transport/http/v1/lab_order_pdf.go:47.28,47.66 1 0
github.com/convision/api/internal/transport/http/v1/lab_order_pdf.go:48.2,48.28 1 0
github.com/convision/api/internal/transport/http/v1/lab_order_pdf.go:48.28,48.66 1 0
github.com/convision/api/internal/transport/http/v1/lab_order_pdf.go:49.2,49.28 1 0
github.com/convision/api/internal/transport/http/v1/lab_order_pdf.go:49.28,49.66 1 0
github.com/convision/api/internal/transport/http/v1/lab_order_pdf.go:51.2,53.26 3 0
github.com/convision/api/internal/transport/http/v1/lab_order_pdf.go:53.26,56.3 2 0
github.com/convision/api/internal/transport/http/v1/lab_order_pdf.go:57.2,58.29 2 0
github.com/convision/api/internal/transport/http/v1/lab_order_pdf.go:58.29,61.3 2 0
github.com/convision/api/internal/transport/http/v1/lab_order_pdf.go:62.2,63.25 2 0
github.com/convision/api/internal/transport/http/v1/lab_order_pdf.go:63.25,65.3 1 0
github.com/convision/api/internal/transport/http/v1/lab_order_pdf.go:66.2,67.42 2 0
github.com/convision/api/internal/transport/http/v1/lab_order_pdf.go:67.42,69.3 1 0
github.com/convision/api/internal/transport/http/v1/lab_order_pdf.go:72.2,100.4 19 0
github.com/convision/api/internal/transport/http/v1/lab_order_pdf.go:100.4,110.3 9 0
github.com/convision/api/internal/transport/http/v1/lab_order_pdf.go:113.2,167.27 39 0
github.com/convision/api/internal/transport/http/v1/lab_order_pdf.go:167.27,177.3 9 0
github.com/convision/api/internal/transport/http/v1/lab_order_pdf.go:178.2,180.27 3 0
github.com/convision/api/internal/transport/http/v1/lab_order_pdf.go:180.27,190.3 9 0
github.com/convision/api/internal/transport/http/v1/lab_order_pdf.go:191.2,231.32 17 0
github.com/convision/api/internal/transport/http/v1/lab_order_pdf.go:231.32,233.3 1 0
github.com/convision/api/internal/transport/http/v1/lab_order_pdf.go:234.2,239.35 5 0
github.com/convision/api/internal/transport/http/v1/lab_order_pdf.go:239.35,245.3 5 0
github.com/convision/api/internal/transport/http/v1/lab_order_pdf.go:246.2,253.27 7 0
github.com/convision/api/internal/transport/http/v1/lab_order_pdf.go:253.27,255.29 2 0
github.com/convision/api/internal/transport/http/v1/lab_order_pdf.go:255.29,257.4 1 0
github.com/convision/api/internal/transport/http/v1/lab_order_pdf.go:259.2,261.47 2 0
github.com/convision/api/internal/transport/http/v1/lab_order_pdf.go:261.47,262.16 1 0
github.com/convision/api/internal/transport/http/v1/lab_order_pdf.go:262.16,264.4 1 0
github.com/convision/api/internal/transport/http/v1/lab_order_pdf.go:265.3,270.4 1 0
github.com/convision/api/internal/transport/http/v1/lab_order_pdf.go:273.2,279.4 1 0
github.com/convision/api/internal/transport/http/v1/lab_order_pdf.go:279.4,281.16 2 0
github.com/convision/api/internal/transport/http/v1/lab_order_pdf.go:281.16,283.4 1 0
github.com/convision/api/internal/transport/http/v1/lab_order_pdf.go:284.3,294.29 11 0
github.com/convision/api/internal/transport/http/v1/lab_order_pdf.go:294.29,300.4 5 0
github.com/convision/api/internal/transport/http/v1/lab_order_pdf.go:301.3,301.14 1 0
github.com/convision/api/internal/transport/http/v1/lab_order_pdf.go:301.14,304.4 2 0
github.com/convision/api/internal/transport/http/v1/lab_order_pdf.go:305.3,305.11 1 0
github.com/convision/api/internal/transport/http/v1/lab_order_pdf.go:307.2,344.4 23 0
github.com/convision/api/internal/transport/http/v1/lab_order_pdf.go:344.4,353.3 8 0
github.com/convision/api/internal/transport/http/v1/lab_order_pdf.go:356.2,362.51 6 0
github.com/convision/api/internal/transport/http/v1/lab_order_pdf.go:362.51,364.3 1 0
github.com/convision/api/internal/transport/http/v1/lab_order_pdf.go:365.2,374.15 9 0
github.com/convision/api/internal/transport/http/v1/lab_order_pdf.go:374.15,382.3 1 0
github.com/convision/api/internal/transport/http/v1/lab_order_pdf.go:382.8,390.3 1 0
github.com/convision/api/internal/transport/http/v1/lab_order_pdf.go:392.2,407.33 12 0
github.com/convision/api/internal/transport/http/v1/lab_order_pdf.go:407.33,425.3 17 0
github.com/convision/api/internal/transport/http/v1/lab_order_pdf.go:426.2,438.21 10 0
github.com/convision/api/internal/transport/http/v1/lab_order_pdf.go:438.21,440.3 1 0
github.com/convision/api/internal/transport/http/v1/lab_order_pdf.go:441.2,441.21 1 0
github.com/convision/api/internal/transport/http/v1/lab_order_pdf.go:441.21,443.3 1 0
github.com/convision/api/internal/transport/http/v1/lab_order_pdf.go:444.2,469.4 19 0
github.com/convision/api/internal/transport/http/v1/lab_order_pdf.go:469.4,477.3 7 0
github.com/convision/api/internal/transport/http/v1/lab_order_pdf.go:478.2,489.77 7 0
github.com/convision/api/internal/transport/http/v1/lab_order_pdf.go:489.77,493.3 3 0
github.com/convision/api/internal/transport/http/v1/lab_order_pdf.go:496.2,509.62 12 0
github.com/convision/api/internal/transport/http/v1/lab_order_pdf.go:509.62,510.60 1 0
github.com/convision/api/internal/transport/http/v1/lab_order_pdf.go:510.60,512.41 2 0
github.com/convision/api/internal/transport/http/v1/lab_order_pdf.go:512.41,516.5 3 0
github.com/convision/api/internal/transport/http/v1/lab_order_pdf.go:519.2,531.41 10 0
github.com/convision/api/internal/transport/http/v1/lab_order_pdf.go:531.41,533.3 1 0
github.com/convision/api/internal/transport/http/v1/lab_order_pdf.go:534.2,534.25 1 0
github.com/convision/api/internal/transport/http/v1/routes.go:13.106,17.2 2 0
github.com/convision/api/internal/transport/http/v1/routes.go:17.2,19.3 1 0
github.com/convision/api/internal/transport/http/v1/routes.go:21.2,26.2 4 0
github.com/convision/api/internal/transport/http/v1/routes.go:26.2,28.3 1 0
github.com/convision/api/internal/transport/http/v1/routes.go:31.2,32.2 2 0
github.com/convision/api/internal/transport/http/v1/routes.go:32.2,39.3 6 0
github.com/convision/api/internal/transport/http/v1/routes.go:42.2,43.2 2 0
github.com/convision/api/internal/transport/http/v1/routes.go:43.2,49.3 5 0
github.com/convision/api/internal/transport/http/v1/routes.go:52.2,53.2 2 0
github.com/convision/api/internal/transport/http/v1/routes.go:53.2,58.3 4 0
github.com/convision/api/internal/transport/http/v1/routes.go:61.2,64.2 4 0
github.com/convision/api/internal/transport/http/v1/routes.go:64.2,80.3 14 0
github.com/convision/api/internal/transport/http/v1/routes.go:83.2,86.2 4 0
github.com/convision/api/internal/transport/http/v1/routes.go:86.2,89.3 2 0
github.com/convision/api/internal/transport/http/v1/routes.go:89.3,94.4 4 0
github.com/convision/api/internal/transport/http/v1/routes.go:99.3,100.3 2 0
github.com/convision/api/internal/transport/http/v1/routes.go:100.3,103.4 2 0
github.com/convision/api/internal/transport/http/v1/routes.go:105.3,107.3 3 0
github.com/convision/api/internal/transport/http/v1/routes.go:107.3,111.4 3 0
github.com/convision/api/internal/transport/http/v1/routes.go:114.3,120.3 5 0
github.com/convision/api/internal/transport/http/v1/routes.go:120.3,126.4 5 0
github.com/convision/api/internal/transport/http/v1/routes.go:129.3,131.3 3 0
github.com/convision/api/internal/transport/http/v1/routes.go:131.3,138.4 6 0
github.com/convision/api/internal/transport/http/v1/routes.go:140.3,147.3 4 0
github.com/convision/api/internal/transport/http/v1/routes.go:147.3,151.4 3 0
github.com/convision/api/internal/transport/http/v1/routes.go:153.3,163.3 4 0
github.com/convision/api/internal/transport/http/v1/routes.go:163.3,183.4 9 0
github.com/convision/api/internal/transport/http/v1/routes.go:186.3,187.3 2 0
github.com/convision/api/internal/transport/http/v1/routes.go:187.3,202.4 5 0
github.com/convision/api/internal/transport/http/v1/routes.go:205.3,206.3 2 0
github.com/convision/api/internal/transport/http/v1/routes.go:206.3,276.4 19 0
github.com/convision/api/internal/transport/http/v1/routes.go:280.3,281.3 2 0
github.com/convision/api/internal/transport/http/v1/routes.go:281.3,294.4 3 0
github.com/convision/api/internal/transport/http/v1/routes.go:297.3,298.3 2 0
github.com/convision/api/internal/transport/http/v1/routes.go:298.3,311.4 3 0
github.com/convision/api/internal/transport/http/v1/routes.go:314.3,315.3 2 0
github.com/convision/api/internal/transport/http/v1/routes.go:315.3,321.4 5 0
github.com/convision/api/internal/transport/http/v1/routes.go:323.3,324.3 2 0
github.com/convision/api/internal/transport/http/v1/routes.go:324.3,330.4 5 0
github.com/convision/api/internal/transport/http/v1/routes.go:332.3,333.3 2 0
github.com/convision/api/internal/transport/http/v1/routes.go:333.3,339.4 5 0
github.com/convision/api/internal/transport/http/v1/routes.go:341.3,342.3 2 0
github.com/convision/api/internal/transport/http/v1/routes.go:342.3,348.4 5 0
github.com/convision/api/internal/transport/http/v1/routes.go:350.3,351.3 2 0
github.com/convision/api/internal/transport/http/v1/routes.go:351.3,357.4 5 0
github.com/convision/api/internal/transport/http/v1/routes.go:359.3,360.3 2 0
github.com/convision/api/internal/transport/http/v1/routes.go:360.3,366.4 5 0
github.com/convision/api/internal/transport/http/v1/routes.go:368.3,369.3 2 0
github.com/convision/api/internal/transport/http/v1/routes.go:369.3,375.4 5 0
github.com/convision/api/internal/transport/http/v1/routes.go:378.3,379.3 2 0
github.com/convision/api/internal/transport/http/v1/routes.go:379.3,385.4 5 0
github.com/convision/api/internal/transport/http/v1/routes.go:388.3,389.3 2 0
github.com/convision/api/internal/transport/http/v1/routes.go:389.3,397.4 7 0
github.com/convision/api/internal/transport/http/v1/routes.go:400.3,401.3 2 0
github.com/convision/api/internal/transport/http/v1/routes.go:401.3,409.4 7 0
github.com/convision/api/internal/transport/http/v1/routes.go:412.3,413.3 2 0
github.com/convision/api/internal/transport/http/v1/routes.go:413.3,430.4 16 0
github.com/convision/api/internal/transport/http/v1/routes.go:433.3,434.3 2 0
github.com/convision/api/internal/transport/http/v1/routes.go:434.3,436.4 1 0
github.com/convision/api/internal/transport/http/v1/routes.go:439.3,440.3 2 0
github.com/convision/api/internal/transport/http/v1/routes.go:440.3,447.4 6 0
github.com/convision/api/internal/transport/http/v1/routes.go:450.3,451.3 2 0
github.com/convision/api/internal/transport/http/v1/routes.go:451.3,458.4 6 0
github.com/convision/api/internal/transport/http/v1/routes.go:461.3,462.3 2 0
github.com/convision/api/internal/transport/http/v1/routes.go:462.3,468.4 5 0
github.com/convision/api/internal/transport/http/v1/routes.go:471.3,472.3 2 0
github.com/convision/api/internal/transport/http/v1/routes.go:472.3,482.4 9 0
github.com/convision/api/internal/transport/http/v1/routes.go:485.3,486.3 2 0
github.com/convision/api/internal/transport/http/v1/routes.go:486.3,494.4 7 0
github.com/convision/api/internal/transport/http/v1/routes.go:497.3,498.3 2 0
github.com/convision/api/internal/transport/http/v1/routes.go:498.3,512.4 7 0
github.com/convision/api/internal/transport/http/v1/routes.go:515.3,516.3 2 0
github.com/convision/api/internal/transport/http/v1/routes.go:516.3,519.4 2 0
github.com/convision/api/internal/transport/http/v1/routes.go:522.3,526.3 3 0
github.com/convision/api/internal/transport/http/v1/routes.go:526.3,551.4 9 0
github.com/convision/api/internal/transport/http/v1/routes.go:554.3,555.3 2 0
github.com/convision/api/internal/transport/http/v1/routes.go:555.3,587.4 12 0
github.com/convision/api/internal/transport/http/v1/routes.go:589.3,601.3 5 0
github.com/convision/api/internal/transport/http/v1/routes.go:601.3,624.4 7 0
github.com/convision/api/internal/transport/http/v1/routes.go:627.3,628.3 2 0
github.com/convision/api/internal/transport/http/v1/routes.go:628.3,643.4 5 0
github.com/convision/api/internal/transport/http/v1/routes.go:646.3,647.3 2 0
github.com/convision/api/internal/transport/http/v1/routes.go:647.3,677.4 11 0
github.com/convision/api/internal/transport/http/v1/routes.go:680.3,681.3 2 0
github.com/convision/api/internal/transport/http/v1/routes.go:681.3,706.4 6 0
github.com/convision/api/internal/transport/http/v1/routes.go:709.3,710.3 2 0
github.com/convision/api/internal/transport/http/v1/routes.go:710.3,716.4 5 0
github.com/convision/api/internal/transport/http/v1/routes.go:719.3,720.3 2 0
github.com/convision/api/internal/transport/http/v1/routes.go:720.3,727.4 6 0
github.com/convision/api/internal/transport/http/v1/routes.go:730.3,731.3 2 0
github.com/convision/api/internal/transport/http/v1/routes.go:731.3,738.4 6 0
github.com/convision/api/internal/transport/http/v1/routes.go:741.3,742.3 2 0
github.com/convision/api/internal/transport/http/v1/routes.go:742.3,744.4 1 0
github.com/convision/api/internal/transport/http/v1/routes.go:747.3,748.3 2 0
github.com/convision/api/internal/transport/http/v1/routes.go:748.3,755.4 6 0
github.com/convision/api/internal/transport/http/v1/routes.go:758.3,759.3 2 0
github.com/convision/api/internal/transport/http/v1/routes.go:759.3,766.4 6 0
github.com/convision/api/internal/transport/http/v1/routes.go:769.3,770.3 2 0
github.com/convision/api/internal/transport/http/v1/routes.go:770.3,779.4 8 0
github.com/convision/api/internal/transport/http/v1/routes.go:782.3,783.3 2 0
github.com/convision/api/internal/transport/http/v1/routes.go:783.3,793.4 9 0
github.com/convision/api/internal/transport/http/v1/routes.go:795.3,801.3 5 0
github.com/convision/api/internal/transport/http/v1/routes.go:801.3,803.4 1 0
github.com/convision/api/internal/transport/http/v1/routes.go:806.3,807.3 2 0
github.com/convision/api/internal/transport/http/v1/routes.go:807.3,816.4 8 0
github.com/convision/api/internal/transport/http/v1/routes.go:819.3,820.3 2 0
github.com/convision/api/internal/transport/http/v1/routes.go:820.3,823.4 2 0
github.com/convision/api/internal/transport/http/v1/routes.go:828.3,830.3 3 0
github.com/convision/api/internal/transport/http/v1/routes.go:830.3,839.4 8 0
github.com/convision/api/internal/transport/http/v1/routes.go:842.3,843.3 2 0
github.com/convision/api/internal/transport/http/v1/routes.go:843.3,852.4 8 0
github.com/convision/api/internal/user/service.go:20.74,22.2 1 0
github.com/convision/api/internal/user/service.go:57.94,63.18 5 0
github.com/convision/api/internal/user/service.go:63.18,65.3 1 0
github.com/convision/api/internal/user/service.go:65.8,67.3 1 0
github.com/convision/api/internal/user/service.go:68.2,68.16 1 0
github.com/convision/api/internal/user/service.go:68.16,70.3 1 0
github.com/convision/api/internal/user/service.go:72.2,73.15 2 0
github.com/convision/api/internal/user/service.go:73.15,75.32 2 0
github.com/convision/api/internal/user/service.go:75.32,77.4 1 0
github.com/convision/api/internal/user/service.go:80.2,86.8 1 0
github.com/convision/api/internal/user/service.go:90.71,92.2 1 0
github.com/convision/api/internal/user/service.go:95.71,101.2 2 0
github.com/convision/api/internal/user/service.go:104.66,110.2 2 0
github.com/convision/api/internal/user/service.go:112.94,114.2 1 0
github.com/convision/api/internal/user/service.go:116.91,118.2 1 0
github.com/convision/api/internal/user/service.go:121.80,123.16 2 0
github.com/convision/api/internal/user/service.go:123.16,125.3 1 0
github.com/convision/api/internal/user/service.go:127.2,138.45 2 0
github.com/convision/api/internal/user/service.go:138.45,140.3 1 0
github.com/convision/api/internal/user/service.go:142.2,143.15 2 0
github.com/convision/api/internal/user/service.go:147.89,149.16 2 0
github.com/convision/api/internal/user/service.go:149.16,151.3 1 0
github.com/convision/api/internal/user/service.go:153.2,153.23 1 0
github.com/convision/api/internal/user/service.go:153.23,155.3 1 0
github.com/convision/api/internal/user/service.go:156.2,156.27 1 0
github.com/convision/api/internal/user/service.go:156.27,158.3 1 0
github.com/convision/api/internal/user/service.go:159.2,159.24 1 0
github.com/convision/api/internal/user/service.go:159.24,161.3 1 0
github.com/convision/api/internal/user/service.go:162.2,162.33 1 0
github.com/convision/api/internal/user/service.go:162.33,164.3 1 0
github.com/convision/api/internal/user/service.go:165.2,165.24 1 0
github.com/convision/api/internal/user/service.go:165.24,167.3 1 0
github.com/convision/api/internal/user/service.go:168.2,168.23 1 0
github.com/convision/api/internal/user/service.go:168.23,170.3 1 0
github.com/convision/api/internal/user/service.go:171.2,171.27 1 0
github.com/convision/api/internal/user/service.go:171.27,173.17 2 0
github.com/convision/api/internal/user/service.go:173.17,175.4 1 0
github.com/convision/api/internal/user/service.go:176.3,176.28 1 0
github.com/convision/api/internal/user/service.go:179.2,179.45 1 0
github.com/convision/api/internal/user/service.go:179.45,181.3 1 0
github.com/convision/api/internal/user/service.go:184.2,184.31 1 0
github.com/convision/api/internal/user/service.go:188.54,189.50 1 0
github.com/convision/api/internal/user/service.go:189.50,191.3 1 0
github.com/convision/api/internal/user/service.go:192.2,192.30 1 0
github.com/convision/api/internal/cashclose/service.go:56.87,58.2 1 1
github.com/convision/api/internal/cashclose/service.go:64.50,65.14 1 0
github.com/convision/api/internal/cashclose/service.go:65.14,67.3 1 0
github.com/convision/api/internal/cashclose/service.go:68.2,68.20 1 0
github.com/convision/api/internal/cashclose/service.go:69.49,70.14 1 0
github.com/convision/api/internal/cashclose/service.go:71.10,72.15 1 0
github.com/convision/api/internal/cashclose/service.go:124.123,128.16 3 0
github.com/convision/api/internal/cashclose/service.go:128.16,130.3 1 0
github.com/convision/api/internal/cashclose/service.go:132.2,133.15 2 0
github.com/convision/api/internal/cashclose/service.go:133.15,135.3 1 0
github.com/convision/api/internal/cashclose/service.go:137.2,145.8 2 0
github.com/convision/api/internal/cashclose/service.go:149.115,151.16 2 1
github.com/convision/api/internal/cashclose/service.go:151.16,153.3 1 0
github.com/convision/api/internal/cashclose/service.go:155.2,155.55 1 1
github.com/convision/api/internal/cashclose/service.go:155.55,157.3 1 1
github.com/convision/api/internal/cashclose/service.go:159.2,159.18 1 0
github.com/convision/api/internal/cashclose/service.go:162.106,163.25 1 1
github.com/convision/api/internal/cashclose/service.go:163.25,165.3 1 0
github.com/convision/api/internal/cashclose/service.go:167.2,168.16 2 1
github.com/convision/api/internal/cashclose/service.go:168.16,170.3 1 0
github.com/convision/api/internal/cashclose/service.go:172.2,173.16 2 1
github.com/convision/api/internal/cashclose/service.go:173.16,175.3 1 0
github.com/convision/api/internal/cashclose/service.go:177.2,178.16 2 1
github.com/convision/api/internal/cashclose/service.go:178.16,180.3 1 0
github.com/convision/api/internal/cashclose/service.go:182.2,187.22 3 1
github.com/convision/api/internal/cashclose/service.go:187.22,188.26 1 1
github.com/convision/api/internal/cashclose/service.go:189.88,190.188 1 1
github.com/convision/api/internal/cashclose/service.go:191.11,194.74 3 1
github.com/convision/api/internal/cashclose/service.go:194.74,196.5 1 0
github.com/convision/api/internal/cashclose/service.go:197.4,198.42 2 1
github.com/convision/api/internal/cashclose/service.go:203.2,212.66 2 1
github.com/convision/api/internal/cashclose/service.go:212.66,214.3 1 0
github.com/convision/api/internal/cashclose/service.go:216.2,217.36 2 1
github.com/convision/api/internal/cashclose/service.go:220.133,222.16 2 0
github.com/convision/api/internal/cashclose/service.go:222.16,224.3 1 0
github.com/convision/api/internal/cashclose/service.go:226.2,226.48 1 0
github.com/convision/api/internal/cashclose/service.go:226.48,228.3 1 0
github.com/convision/api/internal/cashclose/service.go:229.2,229.56 1 0
github.com/convision/api/internal/cashclose/service.go:229.56,231.3 1 0
github.com/convision/api/internal/cashclose/service.go:233.2,234.33 2 0
github.com/convision/api/internal/cashclose/service.go:234.33,236.17 2 0
github.com/convision/api/internal/cashclose/service.go:236.17,238.4 1 0
github.com/convision/api/internal/cashclose/service.go:239.3,240.35 2 0
github.com/convision/api/internal/cashclose/service.go:243.2,244.32 2 0
github.com/convision/api/internal/cashclose/service.go:244.32,246.17 2 0
github.com/convision/api/internal/cashclose/service.go:246.17,248.4 1 0
github.com/convision/api/internal/cashclose/service.go:249.3,249.25 1 0
github.com/convision/api/internal/cashclose/service.go:252.2,252.28 1 0
github.com/convision/api/internal/cashclose/service.go:252.28,254.17 2 0
github.com/convision/api/internal/cashclose/service.go:254.17,256.4 1 0
github.com/convision/api/internal/cashclose/service.go:257.3,257.29 1 0
github.com/convision/api/internal/cashclose/service.go:260.2,260.31 1 0
github.com/convision/api/internal/cashclose/service.go:260.31,262.3 1 0
github.com/convision/api/internal/cashclose/service.go:264.2,264.78 1 0
github.com/convision/api/internal/cashclose/service.go:264.78,266.3 1 0
github.com/convision/api/internal/cashclose/service.go:268.2,269.36 2 0
github.com/convision/api/internal/cashclose/service.go:272.114,274.16 2 1
github.com/convision/api/internal/cashclose/service.go:274.16,276.3 1 0
github.com/convision/api/internal/cashclose/service.go:278.2,278.48 1 1
github.com/convision/api/internal/cashclose/service.go:278.48,280.3 1 0
github.com/convision/api/internal/cashclose/service.go:281.2,281.56 1 1
github.com/convision/api/internal/cashclose/service.go:281.56,283.3 1 1
github.com/convision/api/internal/cashclose/service.go:285.2,286.34 2 1
github.com/convision/api/internal/cashclose/service.go:286.34,288.3 1 1
github.com/convision/api/internal/cashclose/service.go:289.2,290.39 2 1
github.com/convision/api/internal/cashclose/service.go:290.39,292.3 1 0
github.com/convision/api/internal/cashclose/service.go:293.2,293.43 1 1
github.com/convision/api/internal/cashclose/service.go:293.43,295.3 1 0
github.com/convision/api/internal/cashclose/service.go:297.2,299.58 3 1
github.com/convision/api/internal/cashclose/service.go:299.58,301.3 1 0
github.com/convision/api/internal/cashclose/service.go:303.2,304.36 2 1
github.com/convision/api/internal/cashclose/service.go:307.118,309.16 2 1
github.com/convision/api/internal/cashclose/service.go:309.16,311.3 1 0
github.com/convision/api/internal/cashclose/service.go:312.2,312.60 1 1
github.com/convision/api/internal/cashclose/service.go:312.60,314.3 1 1
github.com/convision/api/internal/cashclose/service.go:316.2,322.58 6 1
github.com/convision/api/internal/cashclose/service.go:322.58,324.3 1 0
github.com/convision/api/internal/cashclose/service.go:326.2,327.36 2 1
github.com/convision/api/internal/cashclose/service.go:330.110,332.16 2 0
github.com/convision/api/internal/cashclose/service.go:332.16,334.3 1 0
github.com/convision/api/internal/cashclose/service.go:335.2,335.60 1 0
github.com/convision/api/internal/cashclose/service.go:335.60,337.3 1 0
github.com/convision/api/internal/cashclose/service.go:339.2,341.58 3 0
github.com/convision/api/internal/cashclose/service.go:341.58,343.3 1 0
github.com/convision/api/internal/cashclose/service.go:345.2,346.36 2 0
github.com/convision/api/internal/cashclose/service.go:349.120,350.67 1 0
github.com/convision/api/internal/cashclose/service.go:350.67,352.3 1 0
github.com/convision/api/internal/cashclose/service.go:354.2,356.49 3 0
github.com/convision/api/internal/cashclose/service.go:356.49,358.48 2 0
github.com/convision/api/internal/cashclose/service.go:358.48,360.4 1 0
github.com/convision/api/internal/cashclose/service.go:361.3,361.38 1 0
github.com/convision/api/internal/cashclose/service.go:361.38,363.4 1 0
github.com/convision/api/internal/cashclose/service.go:364.3,365.27 2 0
github.com/convision/api/internal/cashclose/service.go:365.27,367.4 1 0
github.com/convision/api/internal/cashclose/service.go:368.3,371.5 1 0
github.com/convision/api/internal/cashclose/service.go:374.2,374.50 1 0
github.com/convision/api/internal/cashclose/service.go:374.50,376.3 1 0
github.com/convision/api/internal/cashclose/service.go:377.2,377.66 1 0
github.com/convision/api/internal/cashclose/service.go:377.66,379.3 1 0
github.com/convision/api/internal/cashclose/service.go:381.2,382.31 2 0
github.com/convision/api/internal/cashclose/service.go:386.85,388.16 2 0
github.com/convision/api/internal/cashclose/service.go:388.16,390.3 1 0
github.com/convision/api/internal/cashclose/service.go:392.2,392.55 1 0
github.com/convision/api/internal/cashclose/service.go:392.55,394.3 1 0
github.com/convision/api/internal/cashclose/service.go:395.2,395.56 1 0
github.com/convision/api/internal/cashclose/service.go:395.56,397.3 1 0
github.com/convision/api/internal/cashclose/service.go:399.2,399.46 1 0
github.com/convision/api/internal/cashclose/service.go:399.46,401.3 1 0
github.com/convision/api/internal/cashclose/service.go:403.2,404.12 2 0
github.com/convision/api/internal/cashclose/service.go:439.95,445.16 3 0
github.com/convision/api/internal/cashclose/service.go:445.16,447.3 1 0
github.com/convision/api/internal/cashclose/service.go:452.2,454.27 3 0
github.com/convision/api/internal/cashclose/service.go:454.27,455.38 1 0
github.com/convision/api/internal/cashclose/service.go:455.38,456.12 1 0
github.com/convision/api/internal/cashclose/service.go:458.3,458.45 1 0
github.com/convision/api/internal/cashclose/service.go:458.45,460.4 1 0
github.com/convision/api/internal/cashclose/service.go:461.3,461.49 1 0
github.com/convision/api/internal/cashclose/service.go:464.2,465.28 2 0
github.com/convision/api/internal/cashclose/service.go:465.28,471.25 4 0
github.com/convision/api/internal/cashclose/service.go:471.25,473.19 2 0
github.com/convision/api/internal/cashclose/service.go:473.19,475.5 1 0
github.com/convision/api/internal/cashclose/service.go:479.3,480.26 2 0
github.com/convision/api/internal/cashclose/service.go:480.26,483.4 2 0
github.com/convision/api/internal/cashclose/service.go:486.3,489.32 4 0
github.com/convision/api/internal/cashclose/service.go:489.32,490.39 1 0
github.com/convision/api/internal/cashclose/service.go:490.39,493.5 2 0
github.com/convision/api/internal/cashclose/service.go:495.3,495.18 1 0
github.com/convision/api/internal/cashclose/service.go:495.18,497.4 1 0
github.com/convision/api/internal/cashclose/service.go:500.3,501.32 2 0
github.com/convision/api/internal/cashclose/service.go:501.32,502.26 1 0
github.com/convision/api/internal/cashclose/service.go:502.26,504.5 1 0
github.com/convision/api/internal/cashclose/service.go:508.3,509.32 2 0
github.com/convision/api/internal/cashclose/service.go:509.32,511.26 2 0
github.com/convision/api/internal/cashclose/service.go:511.26,513.5 1 0
github.com/convision/api/internal/cashclose/service.go:514.4,519.6 1 0
github.com/convision/api/internal/cashclose/service.go:522.3,532.5 1 0
github.com/convision/api/internal/cashclose/service.go:535.2,535.48 1 0
github.com/convision/api/internal/cashclose/service.go:666.42,668.21 2 0
github.com/convision/api/internal/cashclose/service.go:668.21,670.3 1 0
github.com/convision/api/internal/cashclose/service.go:671.2,671.21 1 0
github.com/convision/api/internal/cashclose/service.go:671.21,673.18 2 0
github.com/convision/api/internal/cashclose/service.go:673.18,675.4 1 0
github.com/convision/api/internal/cashclose/service.go:676.3,676.36 1 0
github.com/convision/api/internal/cashclose/service.go:678.2,680.39 3 0
github.com/convision/api/internal/cashclose/service.go:680.39,682.3 1 0
github.com/convision/api/internal/cashclose/service.go:683.2,683.60 1 0
github.com/convision/api/internal/cashclose/service.go:688.145,693.37 4 0
github.com/convision/api/internal/cashclose/service.go:693.37,695.17 2 0
github.com/convision/api/internal/cashclose/service.go:695.17,697.4 1 0
github.com/convision/api/internal/cashclose/service.go:698.3,698.14 1 0
github.com/convision/api/internal/cashclose/service.go:701.2,702.39 2 0
github.com/convision/api/internal/cashclose/service.go:702.39,704.17 2 0
github.com/convision/api/internal/cashclose/service.go:704.17,706.4 1 0
github.com/convision/api/internal/cashclose/service.go:707.3,707.16 1 0
github.com/convision/api/internal/cashclose/service.go:710.2,710.20 1 0
github.com/convision/api/internal/cashclose/service.go:710.20,712.3 1 0
github.com/convision/api/internal/cashclose/service.go:714.2,723.18 5 0
github.com/convision/api/internal/cashclose/service.go:723.18,726.3 2 0
github.com/convision/api/internal/cashclose/service.go:729.2,730.16 2 0
github.com/convision/api/internal/cashclose/service.go:730.16,732.3 1 0
github.com/convision/api/internal/cashclose/service.go:736.2,737.27 2 0
github.com/convision/api/internal/cashclose/service.go:737.27,738.37 1 0
github.com/convision/api/internal/cashclose/service.go:738.37,740.4 1 0
github.com/convision/api/internal/cashclose/service.go:742.2,772.27 15 0
github.com/convision/api/internal/cashclose/service.go:772.27,774.20 2 0
github.com/convision/api/internal/cashclose/service.go:774.20,776.15 2 0
github.com/convision/api/internal/cashclose/service.go:776.15,778.5 1 0
github.com/convision/api/internal/cashclose/service.go:781.3,785.15 5 0
github.com/convision/api/internal/cashclose/service.go:785.15,788.4 2 0
github.com/convision/api/internal/cashclose/service.go:790.3,791.15 2 0
github.com/convision/api/internal/cashclose/service.go:791.15,795.21 4 0
github.com/convision/api/internal/cashclose/service.go:795.21,797.5 1 0
github.com/convision/api/internal/cashclose/service.go:798.9,800.4 1 0
github.com/convision/api/internal/cashclose/service.go:802.3,802.19 1 0
github.com/convision/api/internal/cashclose/service.go:803.47,805.29 2 0
github.com/convision/api/internal/cashclose/service.go:806.48,808.28 2 0
github.com/convision/api/internal/cashclose/service.go:811.3,812.10 2 0
github.com/convision/api/internal/cashclose/service.go:812.10,819.4 3 0
github.com/convision/api/internal/cashclose/service.go:820.3,822.15 3 0
github.com/convision/api/internal/cashclose/service.go:822.15,826.4 3 0
github.com/convision/api/internal/cashclose/service.go:827.3,827.62 1 0
github.com/convision/api/internal/cashclose/service.go:827.62,831.4 3 0
github.com/convision/api/internal/cashclose/service.go:833.3,833.32 1 0
github.com/convision/api/internal/cashclose/service.go:833.32,835.26 2 0
github.com/convision/api/internal/cashclose/service.go:835.26,837.5 1 0
github.com/convision/api/internal/cashclose/service.go:838.4,848.6 1 0
github.com/convision/api/internal/cashclose/service.go:852.2,853.28 2 0
github.com/convision/api/internal/cashclose/service.go:853.28,855.18 2 0
github.com/convision/api/internal/cashclose/service.go:855.18,857.4 1 0
github.com/convision/api/internal/cashclose/service.go:858.3,859.27 2 0
github.com/convision/api/internal/cashclose/service.go:859.27,860.49 1 0
github.com/convision/api/internal/cashclose/service.go:860.49,862.5 1 0
github.com/convision/api/internal/cashclose/service.go:864.3,876.5 1 0
github.com/convision/api/internal/cashclose/service.go:879.2,880.23 2 0
github.com/convision/api/internal/cashclose/service.go:880.23,882.3 1 0
github.com/convision/api/internal/cashclose/service.go:883.2,884.21 2 0
github.com/convision/api/internal/cashclose/service.go:884.21,886.3 1 0
github.com/convision/api/internal/cashclose/service.go:888.2,920.8 2 0
github.com/convision/api/internal/cashclose/service.go:923.129,924.17 1 0
github.com/convision/api/internal/cashclose/service.go:924.17,926.3 1 0
github.com/convision/api/internal/cashclose/service.go:928.2,932.37 4 0
github.com/convision/api/internal/cashclose/service.go:932.37,934.17 2 0
github.com/convision/api/internal/cashclose/service.go:934.17,936.4 1 0
github.com/convision/api/internal/cashclose/service.go:937.3,937.14 1 0
github.com/convision/api/internal/cashclose/service.go:940.2,941.39 2 0
github.com/convision/api/internal/cashclose/service.go:941.39,943.17 2 0
github.com/convision/api/internal/cashclose/service.go:943.17,945.4 1 0
github.com/convision/api/internal/cashclose/service.go:946.3,946.16 1 0
github.com/convision/api/internal/cashclose/service.go:949.2,949.20 1 0
github.com/convision/api/internal/cashclose/service.go:949.20,951.3 1 0
github.com/convision/api/internal/cashclose/service.go:953.2,956.16 4 0
github.com/convision/api/internal/cashclose/service.go:956.16,958.3 1 0
github.com/convision/api/internal/cashclose/service.go:960.2,961.27 2 0
github.com/convision/api/internal/cashclose/service.go:961.27,962.25 1 0
github.com/convision/api/internal/cashclose/service.go:962.25,963.12 1 0
github.com/convision/api/internal/cashclose/service.go:965.3,965.53 1 0
github.com/convision/api/internal/cashclose/service.go:968.2,969.54 2 0
github.com/convision/api/internal/cashclose/service.go:969.54,980.3 3 0
github.com/convision/api/internal/cashclose/service.go:982.2,989.27 7 0
github.com/convision/api/internal/cashclose/service.go:989.27,990.58 1 0
github.com/convision/api/internal/cashclose/service.go:990.58,992.4 1 0
github.com/convision/api/internal/cashclose/service.go:993.3,993.57 1 0
github.com/convision/api/internal/cashclose/service.go:993.57,994.12 1 0
github.com/convision/api/internal/cashclose/service.go:997.3,1000.38 4 0
github.com/convision/api/internal/cashclose/service.go:1000.38,1007.4 6 0
github.com/convision/api/internal/cashclose/service.go:1009.3,1010.25 2 0
github.com/convision/api/internal/cashclose/service.go:1010.25,1012.4 1 0
github.com/convision/api/internal/cashclose/service.go:1014.3,1022.10 2 0
github.com/convision/api/internal/cashclose/service.go:1025.2,1026.22 2 0
github.com/convision/api/internal/cashclose/service.go:1026.22,1028.29 2 0
github.com/convision/api/internal/cashclose/service.go:1028.29,1030.4 1 0
github.com/convision/api/internal/cashclose/service.go:1031.3,1032.27 2 0
github.com/convision/api/internal/cashclose/service.go:1035.2,1036.24 2 0
github.com/convision/api/internal/cashclose/service.go:1036.24,1038.31 2 0
github.com/convision/api/internal/cashclose/service.go:1038.31,1040.4 1 0
github.com/convision/api/internal/cashclose/service.go:1041.3,1042.29 2 0
github.com/convision/api/internal/cashclose/service.go:1045.2,1057.8 1 0
github.com/convision/api/internal/cashclose/service.go:1060.123,1061.32 1 1
github.com/convision/api/internal/cashclose/service.go:1061.32,1063.3 1 0
github.com/convision/api/internal/cashclose/service.go:1065.2,1068.27 4 1
github.com/convision/api/internal/cashclose/service.go:1068.27,1070.48 2 1
github.com/convision/api/internal/cashclose/service.go:1070.48,1072.4 1 0
github.com/convision/api/internal/cashclose/service.go:1073.3,1073.38 1 1
github.com/convision/api/internal/cashclose/service.go:1073.38,1075.4 1 0
github.com/convision/api/internal/cashclose/service.go:1076.3,1077.28 2 1
github.com/convision/api/internal/cashclose/service.go:1077.28,1079.4 1 0
github.com/convision/api/internal/cashclose/service.go:1080.3,1080.62 1 1
github.com/convision/api/internal/cashclose/service.go:1080.62,1082.4 1 1
github.com/convision/api/internal/cashclose/service.go:1083.3,1086.5 1 1
github.com/convision/api/internal/cashclose/service.go:1088.2,1088.27 1 1
github.com/convision/api/internal/cashclose/service.go:1091.100,1092.17 1 1
github.com/convision/api/internal/cashclose/service.go:1092.17,1094.3 1 1
github.com/convision/api/internal/cashclose/service.go:1095.2,1096.27 2 0
github.com/convision/api/internal/cashclose/service.go:1096.27,1097.59 1 0
github.com/convision/api/internal/cashclose/service.go:1097.59,1099.4 1 0
github.com/convision/api/internal/cashclose/service.go:1100.3,1100.23 1 0
github.com/convision/api/internal/cashclose/service.go:1100.23,1102.4 1 0
github.com/convision/api/internal/cashclose/service.go:1103.3,1108.5 2 0
github.com/convision/api/internal/cashclose/service.go:1110.2,1110.20 1 0
github.com/convision/api/internal/cashclose/service.go:1113.62,1115.16 2 1
github.com/convision/api/internal/cashclose/service.go:1115.16,1117.3 1 0
github.com/convision/api/internal/cashclose/service.go:1118.2,1120.25 3 1
github.com/convision/api/internal/cashclose/service.go:1120.25,1122.3 1 0
github.com/convision/api/internal/cashclose/service.go:1123.2,1123.21 1 1
github.com/convision/api/internal/cashclose/service.go:1126.54,1127.14 1 1
github.com/convision/api/internal/cashclose/service.go:1127.14,1129.3 1 1
github.com/convision/api/internal/cashclose/service.go:1130.2,1131.19 2 0
github.com/convision/api/internal/cashclose/service.go:1131.19,1133.3 1 0
github.com/convision/api/internal/cashclose/service.go:1134.2,1135.18 2 0
github.com/convision/api/internal/cashclose/service.go:1135.18,1137.3 1 0
github.com/convision/api/internal/cashclose/service.go:1138.2,1138.16 1 0
github.com/convision/api/internal/cashclose/service.go:1141.67,1142.30 1 1
github.com/convision/api/internal/cashclose/service.go:1142.30,1144.3 1 0
github.com/convision/api/internal/cashclose/service.go:1145.2,1145.27 1 1
github.com/convision/api/internal/cashclose/service.go:1148.73,1149.14 1 0
github.com/convision/api/internal/cashclose/service.go:1149.14,1151.3 1 0
github.com/convision/api/internal/cashclose/service.go:1153.2,1155.36 3 0
github.com/convision/api/internal/cashclose/service.go:1155.36,1162.3 2 0
github.com/convision/api/internal/cashclose/service.go:1164.2,1165.31 2 0
github.com/convision/api/internal/cashclose/service.go:1165.31,1170.3 1 0
github.com/convision/api/internal/cashclose/service.go:1172.2,1174.37 3 0
github.com/convision/api/internal/cashclose/service.go:1174.37,1179.3 4 0
github.com/convision/api/internal/cashclose/service.go:1181.2,1182.25 2 0
github.com/convision/api/internal/cashclose/service.go:1182.25,1185.3 2 0
github.com/convision/api/internal/cashclose/service.go:1186.2,1204.3 4 0
github.com/convision/api/internal/cashclose/service.go:1207.39,1209.13 2 0
github.com/convision/api/internal/cashclose/service.go:1209.13,1211.3 1 0
github.com/convision/api/internal/cashclose/service.go:1212.2,1212.11 1 0
github.com/convision/api/internal/cashclose/service.go:1215.32,1217.2 1 0
github.com/convision/api/internal/cashclose/service.go:1219.44,1220.11 1 0
github.com/convision/api/internal/cashclose/service.go:1221.19,1222.15 1 0
github.com/convision/api/internal/cashclose/service.go:1223.20,1224.15 1 0
github.com/convision/api/internal/cashclose/service.go:1225.22,1226.15 1 0
github.com/convision/api/internal/cashclose/service.go:1227.21,1228.15 1 0
github.com/convision/api/internal/cashclose/service.go:1229.19,1230.15 1 0
github.com/convision/api/internal/cashclose/service.go:1231.21,1232.15 1 0
github.com/convision/api/internal/cashclose/service.go:1233.10,1234.15 1 0
github.com/convision/api/internal/cashclose/service.go:1238.44,1239.11 1 0
github.com/convision/api/internal/cashclose/service.go:1240.20,1241.15 1 0
github.com/convision/api/internal/cashclose/service.go:1242.21,1243.15 1 0
github.com/convision/api/internal/cashclose/service.go:1244.18,1245.15 1 0
github.com/convision/api/internal/cashclose/service.go:1246.18,1247.15 1 0
github.com/convision/api/internal/cashclose/service.go:1248.16,1249.15 1 0
github.com/convision/api/internal/cashclose/service.go:1250.17,1251.15 1 0
github.com/convision/api/internal/cashclose/service.go:1252.17,1253.15 1 0
github.com/convision/api/internal/cashclose/service.go:1254.19,1255.15 1 0
github.com/convision/api/internal/cashclose/service.go:1256.22,1257.15 1 0
github.com/convision/api/internal/cashclose/service.go:1258.20,1259.15 1 0
github.com/convision/api/internal/cashclose/service.go:1260.21,1261.15 1 0
github.com/convision/api/internal/cashclose/service.go:1262.10,1263.15 1 0
github.com/convision/api/internal/auth/service.go:40.12,52.2 1 0
github.com/convision/api/internal/auth/service.go:84.83,85.34 1 0
github.com/convision/api/internal/auth/service.go:85.34,87.3 1 0
github.com/convision/api/internal/auth/service.go:88.2,88.38 1 0
github.com/convision/api/internal/auth/service.go:91.75,93.16 2 0
github.com/convision/api/internal/auth/service.go:93.16,95.3 1 0
github.com/convision/api/internal/auth/service.go:96.2,96.18 1 0
github.com/convision/api/internal/auth/service.go:96.18,98.3 1 0
github.com/convision/api/internal/auth/service.go:99.2,99.103 1 0
github.com/convision/api/internal/auth/service.go:99.103,101.3 1 0
github.com/convision/api/internal/auth/service.go:102.2,109.16 3 0
github.com/convision/api/internal/auth/service.go:109.16,111.3 1 0
github.com/convision/api/internal/auth/service.go:112.2,120.8 1 0
github.com/convision/api/internal/auth/service.go:123.93,125.21 2 0
github.com/convision/api/internal/auth/service.go:125.21,127.3 1 0
github.com/convision/api/internal/auth/service.go:128.2,130.97 2 0
github.com/convision/api/internal/auth/service.go:130.97,132.3 1 0
github.com/convision/api/internal/auth/service.go:134.2,135.16 2 0
github.com/convision/api/internal/auth/service.go:135.16,137.3 1 0
github.com/convision/api/internal/auth/service.go:138.2,138.18 1 0
github.com/convision/api/internal/auth/service.go:138.18,140.3 1 0
github.com/convision/api/internal/auth/service.go:141.2,141.101 1 0
github.com/convision/api/internal/auth/service.go:141.101,144.3 2 0
github.com/convision/api/internal/auth/service.go:145.2,145.67 1 0
github.com/convision/api/internal/auth/service.go:145.67,147.3 1 0
github.com/convision/api/internal/auth/service.go:148.2,150.16 3 0
github.com/convision/api/internal/auth/service.go:150.16,154.3 2 0
github.com/convision/api/internal/auth/service.go:156.2,156.61 1 0
github.com/convision/api/internal/auth/service.go:156.61,157.97 1 0
github.com/convision/api/internal/auth/service.go:157.97,160.34 3 0
github.com/convision/api/internal/auth/service.go:160.34,162.5 1 0
github.com/convision/api/internal/auth/service.go:163.4,164.34 2 0
github.com/convision/api/internal/auth/service.go:164.34,165.35 1 0
github.com/convision/api/internal/auth/service.go:165.35,167.6 1 0
github.com/convision/api/internal/auth/service.go:169.4,169.26 1 0
github.com/convision/api/internal/auth/service.go:173.2,174.16 2 0
github.com/convision/api/internal/auth/service.go:174.16,176.3 1 0
github.com/convision/api/internal/auth/service.go:177.2,188.8 2 0
github.com/convision/api/internal/auth/service.go:191.86,192.45 1 0
github.com/convision/api/internal/auth/service.go:192.45,194.3 1 0
github.com/convision/api/internal/auth/service.go:195.2,196.16 2 0
github.com/convision/api/internal/auth/service.go:196.16,198.3 1 0
github.com/convision/api/internal/auth/service.go:199.2,199.59 1 0
github.com/convision/api/internal/auth/service.go:202.44,204.2 1 0
github.com/convision/api/internal/auth/service.go:206.70,208.2 1 0
github.com/convision/api/internal/auth/service.go:210.124,212.16 2 0
github.com/convision/api/internal/auth/service.go:212.16,214.3 1 0
github.com/convision/api/internal/auth/service.go:216.2,216.67 1 0
github.com/convision/api/internal/auth/service.go:216.67,218.3 1 0
github.com/convision/api/internal/auth/service.go:220.2,220.59 1 0
github.com/convision/api/internal/auth/service.go:220.59,222.3 1 0
github.com/convision/api/internal/auth/service.go:224.2,226.16 3 0
github.com/convision/api/internal/auth/service.go:226.16,228.3 1 0
github.com/convision/api/internal/auth/service.go:231.2,231.57 1 0
github.com/convision/api/internal/auth/service.go:231.57,232.93 1 0
github.com/convision/api/internal/auth/service.go:232.93,235.34 3 0
github.com/convision/api/internal/auth/service.go:235.34,237.5 1 0
github.com/convision/api/internal/auth/service.go:238.4,239.34 2 0
github.com/convision/api/internal/auth/service.go:239.34,240.35 1 0
github.com/convision/api/internal/auth/service.go:240.35,242.6 1 0
github.com/convision/api/internal/auth/service.go:244.4,244.26 1 0
github.com/convision/api/internal/auth/service.go:248.2,249.16 2 0
github.com/convision/api/internal/auth/service.go:249.16,251.3 1 0
github.com/convision/api/internal/auth/service.go:253.2,263.8 2 0
github.com/convision/api/internal/auth/service.go:266.88,267.88 1 0
github.com/convision/api/internal/auth/service.go:267.88,269.3 1 0
github.com/convision/api/internal/auth/service.go:270.2,271.16 2 0
github.com/convision/api/internal/auth/service.go:271.16,274.3 2 0
github.com/convision/api/internal/auth/service.go:275.2,275.24 1 0
github.com/convision/api/internal/auth/service.go:275.24,278.3 2 0
github.com/convision/api/internal/auth/service.go:279.2,279.12 1 0
github.com/convision/api/internal/auth/service.go:282.77,283.39 1 0
github.com/convision/api/internal/auth/service.go:283.39,285.17 2 0
github.com/convision/api/internal/auth/service.go:285.17,288.4 2 0
github.com/convision/api/internal/auth/service.go:289.3,290.17 2 0
github.com/convision/api/internal/auth/service.go:290.17,293.4 2 0
github.com/convision/api/internal/auth/service.go:294.3,295.33 2 0
github.com/convision/api/internal/auth/service.go:295.33,297.4 1 0
github.com/convision/api/internal/auth/service.go:298.3,298.13 1 0
github.com/convision/api/internal/auth/service.go:301.2,302.16 2 0
github.com/convision/api/internal/auth/service.go:302.16,305.3 2 0
github.com/convision/api/internal/auth/service.go:307.2,308.16 2 0
github.com/convision/api/internal/auth/service.go:308.16,311.3 2 0
github.com/convision/api/internal/auth/service.go:313.2,314.32 2 0
github.com/convision/api/internal/auth/service.go:314.32,316.3 1 0
github.com/convision/api/internal/auth/service.go:317.2,317.12 1 0
github.com/convision/api/internal/laboratory/service.go:37.12,39.2 1 1
github.com/convision/api/internal/laboratory/service.go:213.75,214.16 1 1
github.com/convision/api/internal/laboratory/service.go:214.16,216.3 1 0
github.com/convision/api/internal/laboratory/service.go:217.2,217.46 1 1
github.com/convision/api/internal/laboratory/service.go:217.46,219.3 1 1
github.com/convision/api/internal/laboratory/service.go:220.2,220.14 1 0
github.com/convision/api/internal/laboratory/service.go:258.76,260.2 1 1
github.com/convision/api/internal/laboratory/service.go:262.92,265.16 3 0
github.com/convision/api/internal/laboratory/service.go:265.16,267.3 1 0
github.com/convision/api/internal/laboratory/service.go:269.2,270.32 2 0
github.com/convision/api/internal/laboratory/service.go:270.32,272.3 1 0
github.com/convision/api/internal/laboratory/service.go:274.2,274.108 1 0
github.com/convision/api/internal/laboratory/service.go:277.92,279.18 2 1
github.com/convision/api/internal/laboratory/service.go:279.18,281.3 1 1
github.com/convision/api/internal/laboratory/service.go:283.2,293.48 2 1
github.com/convision/api/internal/laboratory/service.go:293.48,295.3 1 0
github.com/convision/api/internal/laboratory/service.go:297.2,298.36 2 1
github.com/convision/api/internal/laboratory/service.go:301.101,303.16 2 0
github.com/convision/api/internal/laboratory/service.go:303.16,305.3 1 0
github.com/convision/api/internal/laboratory/service.go:307.2,307.22 1 0
github.com/convision/api/internal/laboratory/service.go:307.22,309.3 1 0
github.com/convision/api/internal/laboratory/service.go:310.2,310.31 1 0
github.com/convision/api/internal/laboratory/service.go:310.31,312.3 1 0
github.com/convision/api/internal/laboratory/service.go:313.2,313.23 1 0
github.com/convision/api/internal/laboratory/service.go:313.23,315.3 1 0
github.com/convision/api/internal/laboratory/service.go:316.2,316.23 1 0
github.com/convision/api/internal/laboratory/service.go:316.23,318.3 1 0
github.com/convision/api/internal/laboratory/service.go:319.2,319.25 1 0
github.com/convision/api/internal/laboratory/service.go:319.25,321.3 1 0
github.com/convision/api/internal/laboratory/service.go:322.2,322.24 1 0
github.com/convision/api/internal/laboratory/service.go:322.24,324.3 1 0
github.com/convision/api/internal/laboratory/service.go:325.2,325.23 1 0
github.com/convision/api/internal/laboratory/service.go:325.23,327.3 1 0
github.com/convision/api/internal/laboratory/service.go:329.2,329.48 1 0
github.com/convision/api/internal/laboratory/service.go:329.48,331.3 1 0
github.com/convision/api/internal/laboratory/service.go:332.2,332.34 1 0
github.com/convision/api/internal/laboratory/service.go:335.57,337.16 2 0
github.com/convision/api/internal/laboratory/service.go:337.16,339.3 1 0
github.com/convision/api/internal/laboratory/service.go:340.2,340.33 1 0
github.com/convision/api/internal/laboratory/service.go:345.83,347.2 1 0
github.com/convision/api/internal/laboratory/service.go:349.101,352.16 3 0
github.com/convision/api/internal/laboratory/service.go:352.16,354.3 1 0
github.com/convision/api/internal/laboratory/service.go:356.2,357.32 2 0
github.com/convision/api/internal/laboratory/service.go:357.32,359.3 1 0
github.com/convision/api/internal/laboratory/service.go:361.2,361.110 1 0
github.com/convision/api/internal/laboratory/service.go:364.56,365.16 1 1
github.com/convision/api/internal/laboratory/service.go:365.16,367.3 1 1
github.com/convision/api/internal/laboratory/service.go:368.2,380.3 1 0
github.com/convision/api/internal/laboratory/service.go:383.71,384.16 1 1
github.com/convision/api/internal/laboratory/service.go:384.16,386.3 1 1
github.com/convision/api/internal/laboratory/service.go:387.2,399.3 1 0
github.com/convision/api/internal/laboratory/service.go:402.114,404.18 2 1
github.com/convision/api/internal/laboratory/service.go:404.18,406.3 1 1
github.com/convision/api/internal/laboratory/service.go:408.2,409.20 2 1
github.com/convision/api/internal/laboratory/service.go:409.20,411.3 1 1
github.com/convision/api/internal/laboratory/service.go:413.2,414.82 2 1
github.com/convision/api/internal/laboratory/service.go:414.82,416.17 2 0
github.com/convision/api/internal/laboratory/service.go:416.17,418.4 1 0
github.com/convision/api/internal/laboratory/service.go:421.2,422.52 2 1
github.com/convision/api/internal/laboratory/service.go:422.52,424.17 2 0
github.com/convision/api/internal/laboratory/service.go:424.17,426.4 1 0
github.com/convision/api/internal/laboratory/service.go:429.2,433.70 4 1
github.com/convision/api/internal/laboratory/service.go:433.70,434.84 1 0
github.com/convision/api/internal/laboratory/service.go:434.84,435.21 1 0
github.com/convision/api/internal/laboratory/service.go:435.21,437.5 1 0
github.com/convision/api/internal/laboratory/service.go:437.10,439.5 1 0
github.com/convision/api/internal/laboratory/service.go:443.2,464.50 2 1
github.com/convision/api/internal/laboratory/service.go:464.50,466.3 1 0
github.com/convision/api/internal/laboratory/service.go:469.2,477.38 3 1
github.com/convision/api/internal/laboratory/service.go:480.110,482.16 2 0
github.com/convision/api/internal/laboratory/service.go:482.16,484.3 1 0
github.com/convision/api/internal/laboratory/service.go:486.2,486.31 1 0
github.com/convision/api/internal/laboratory/service.go:486.31,488.3 1 0
github.com/convision/api/internal/laboratory/service.go:489.2,489.28 1 0
github.com/convision/api/internal/laboratory/service.go:489.28,491.3 1 0
github.com/convision/api/internal/laboratory/service.go:492.2,492.26 1 0
github.com/convision/api/internal/laboratory/service.go:492.26,494.3 1 0
github.com/convision/api/internal/laboratory/service.go:495.2,495.25 1 0
github.com/convision/api/internal/laboratory/service.go:495.25,497.3 1 0
github.com/convision/api/internal/laboratory/service.go:498.2,498.24 1 0
github.com/convision/api/internal/laboratory/service.go:498.24,500.3 1 0
github.com/convision/api/internal/laboratory/service.go:501.2,501.26 1 0
github.com/convision/api/internal/laboratory/service.go:501.26,503.3 1 0
github.com/convision/api/internal/laboratory/service.go:504.2,504.82 1 0
github.com/convision/api/internal/laboratory/service.go:504.82,506.17 2 0
github.com/convision/api/internal/laboratory/service.go:506.17,508.4 1 0
github.com/convision/api/internal/laboratory/service.go:510.2,510.23 1 0
github.com/convision/api/internal/laboratory/service.go:510.23,512.3 1 0
github.com/convision/api/internal/laboratory/service.go:513.2,513.31 1 0
github.com/convision/api/internal/laboratory/service.go:513.31,515.3 1 0
github.com/convision/api/internal/laboratory/service.go:516.2,516.23 1 0
github.com/convision/api/internal/laboratory/service.go:516.23,518.3 1 0
github.com/convision/api/internal/laboratory/service.go:519.2,519.23 1 0
github.com/convision/api/internal/laboratory/service.go:519.23,521.3 1 0
github.com/convision/api/internal/laboratory/service.go:522.2,522.25 1 0
github.com/convision/api/internal/laboratory/service.go:522.25,524.3 1 0
github.com/convision/api/internal/laboratory/service.go:525.2,525.25 1 0
github.com/convision/api/internal/laboratory/service.go:525.25,527.3 1 0
github.com/convision/api/internal/laboratory/service.go:528.2,528.29 1 0
github.com/convision/api/internal/laboratory/service.go:528.29,530.3 1 0
github.com/convision/api/internal/laboratory/service.go:531.2,531.29 1 0
github.com/convision/api/internal/laboratory/service.go:531.29,533.3 1 0
github.com/convision/api/internal/laboratory/service.go:534.2,534.52 1 0
github.com/convision/api/internal/laboratory/service.go:534.52,536.17 2 0
github.com/convision/api/internal/laboratory/service.go:536.17,538.4 1 0
github.com/convision/api/internal/laboratory/service.go:540.2,540.25 1 0
github.com/convision/api/internal/laboratory/service.go:540.25,542.3 1 0
github.com/convision/api/internal/laboratory/service.go:543.2,543.38 1 0
github.com/convision/api/internal/laboratory/service.go:543.38,545.3 1 0
github.com/convision/api/internal/laboratory/service.go:547.2,547.50 1 0
github.com/convision/api/internal/laboratory/service.go:547.50,549.3 1 0
github.com/convision/api/internal/laboratory/service.go:550.2,550.36 1 0
github.com/convision/api/internal/laboratory/service.go:553.135,555.16 2 1
github.com/convision/api/internal/laboratory/service.go:555.16,557.3 1 0
github.com/convision/api/internal/laboratory/service.go:559.2,560.44 2 1
github.com/convision/api/internal/laboratory/service.go:560.44,565.3 1 0
github.com/convision/api/internal/laboratory/service.go:567.2,568.50 2 1
github.com/convision/api/internal/laboratory/service.go:568.50,570.3 1 0
github.com/convision/api/internal/laboratory/service.go:573.2,580.36 2 1
github.com/convision/api/internal/laboratory/service.go:587.133,589.16 2 0
github.com/convision/api/internal/laboratory/service.go:589.16,591.3 1 0
github.com/convision/api/internal/laboratory/service.go:593.2,594.16 2 0
github.com/convision/api/internal/laboratory/service.go:594.16,596.3 1 0
github.com/convision/api/internal/laboratory/service.go:597.2,597.93 1 0
github.com/convision/api/internal/laboratory/service.go:597.93,599.3 1 0
github.com/convision/api/internal/laboratory/service.go:601.2,605.19 4 0
github.com/convision/api/internal/laboratory/service.go:605.19,607.3 1 0
github.com/convision/api/internal/laboratory/service.go:609.2,609.50 1 0
github.com/convision/api/internal/laboratory/service.go:609.50,611.3 1 0
github.com/convision/api/internal/laboratory/service.go:613.2,615.17 3 0
github.com/convision/api/internal/laboratory/service.go:615.17,617.3 1 0
github.com/convision/api/internal/laboratory/service.go:618.2,630.36 3 0
github.com/convision/api/internal/laboratory/service.go:633.59,635.16 2 0
github.com/convision/api/internal/laboratory/service.go:635.16,637.3 1 0
github.com/convision/api/internal/laboratory/service.go:638.2,638.35 1 0
github.com/convision/api/internal/laboratory/service.go:641.82,643.16 2 0
github.com/convision/api/internal/laboratory/service.go:643.16,645.3 1 0
github.com/convision/api/internal/laboratory/service.go:647.2,647.22 1 0
github.com/convision/api/internal/laboratory/service.go:647.22,650.63 3 0
github.com/convision/api/internal/laboratory/service.go:650.63,652.4 1 0
github.com/convision/api/internal/laboratory/service.go:655.2,656.19 2 0
github.com/convision/api/internal/laboratory/service.go:656.19,658.3 1 0
github.com/convision/api/internal/laboratory/service.go:659.2,664.8 2 0
github.com/convision/api/internal/laboratory/service.go:667.64,669.2 1 0
github.com/convision/api/internal/laboratory/service.go:673.73,675.2 1 0
github.com/convision/api/internal/laboratory/service.go:677.116,686.16 4 0
github.com/convision/api/internal/laboratory/service.go:686.16,688.3 1 0
github.com/convision/api/internal/laboratory/service.go:690.2,691.27 2 0
github.com/convision/api/internal/laboratory/service.go:691.27,693.3 1 0
github.com/convision/api/internal/laboratory/service.go:695.2,696.16 2 0
github.com/convision/api/internal/laboratory/service.go:696.16,698.3 1 0
github.com/convision/api/internal/laboratory/service.go:700.2,701.26 2 0
github.com/convision/api/internal/laboratory/service.go:701.26,703.3 1 0
github.com/convision/api/internal/laboratory/service.go:705.2,706.27 2 0
github.com/convision/api/internal/laboratory/service.go:706.27,713.41 3 0
github.com/convision/api/internal/laboratory/service.go:713.41,714.35 1 0
github.com/convision/api/internal/laboratory/service.go:714.35,716.5 1 0
github.com/convision/api/internal/laboratory/service.go:718.3,721.26 3 0
github.com/convision/api/internal/laboratory/service.go:721.26,723.4 1 0
github.com/convision/api/internal/laboratory/service.go:725.3,725.20 1 0
github.com/convision/api/internal/laboratory/service.go:725.20,728.4 2 0
github.com/convision/api/internal/laboratory/service.go:730.3,730.18 1 0
github.com/convision/api/internal/laboratory/service.go:733.2,734.32 2 0
github.com/convision/api/internal/laboratory/service.go:734.32,736.3 1 0
github.com/convision/api/internal/laboratory/service.go:738.2,738.115 1 0
github.com/convision/api/internal/laboratory/service.go:741.143,743.16 2 0
github.com/convision/api/internal/laboratory/service.go:743.16,745.3 1 0
github.com/convision/api/internal/laboratory/service.go:747.2,747.55 1 0
github.com/convision/api/internal/laboratory/service.go:747.55,749.3 1 0
github.com/convision/api/internal/laboratory/service.go:751.2,752.66 2 0
github.com/convision/api/internal/laboratory/service.go:752.66,754.17 2 0
github.com/convision/api/internal/laboratory/service.go:754.17,756.4 1 0
github.com/convision/api/internal/laboratory/service.go:759.2,768.52 2 0
github.com/convision/api/internal/laboratory/service.go:768.52,770.3 1 0
github.com/convision/api/internal/laboratory/service.go:772.2,773.18 2 0
github.com/convision/api/internal/laboratory/service.go:776.108,778.2 1 0
github.com/convision/api/internal/laboratory/service.go:780.93,782.16 2 0
github.com/convision/api/internal/laboratory/service.go:782.16,784.3 1 0
github.com/convision/api/internal/laboratory/service.go:786.2,787.16 2 0
github.com/convision/api/internal/laboratory/service.go:787.16,789.3 1 0
github.com/convision/api/internal/laboratory/service.go:791.2,797.40 3 0
github.com/convision/api/internal/laboratory/service.go:797.40,798.34 1 0
github.com/convision/api/internal/laboratory/service.go:798.34,800.4 1 0
github.com/convision/api/internal/laboratory/service.go:802.2,804.20 2 0
github.com/convision/api/internal/laboratory/service.go:804.20,806.3 1 0
github.com/convision/api/internal/laboratory/service.go:808.2,808.19 1 0
github.com/convision/api/internal/laboratory/service.go:808.19,811.3 2 0
github.com/convision/api/internal/laboratory/service.go:813.2,813.18 1 0
github.com/convision/api/internal/laboratory/service.go:816.85,818.16 2 0
github.com/convision/api/internal/laboratory/service.go:818.16,820.3 1 0
github.com/convision/api/internal/laboratory/service.go:822.2,822.55 1 0
github.com/convision/api/internal/laboratory/service.go:822.55,824.3 1 0
github.com/convision/api/internal/laboratory/service.go:826.2,827.50 2 0
github.com/convision/api/internal/laboratory/service.go:827.50,829.3 1 0
github.com/convision/api/internal/laboratory/service.go:831.2,838.21 2 0
github.com/convision/api/internal/laboratory/service.go:838.21,840.17 2 0
github.com/convision/api/internal/laboratory/service.go:840.17,845.4 4 0
github.com/convision/api/internal/laboratory/service.go:848.2,849.12 2 0
github.com/convision/api/internal/laboratory/service.go:854.129,856.2 1 0
github.com/convision/api/internal/laboratory/service.go:858.150,865.53 2 0
github.com/convision/api/internal/laboratory/service.go:865.53,867.3 1 0
github.com/convision/api/internal/laboratory/service.go:868.2,868.15 1 0
github.com/convision/api/internal/platform/clock/clock.go:17.32,19.16 2 1
github.com/convision/api/internal/platform/clock/clock.go:19.16,21.3 1 0
github.com/convision/api/internal/platform/clock/clock.go:22.2,22.12 1 1
github.com/convision/api/internal/platform/clock/clock.go:26.22,28.2 1 0
github.com/convision/api/internal/platform/clock/clock.go:33.45,35.13 2 1
github.com/convision/api/internal/platform/clock/clock.go:35.13,37.3 1 0
github.com/convision/api/internal/platform/clock/clock.go:38.2,38.58 1 1
github.com/convision/api/internal/platform/clock/clock.go:45.49,47.13 2 1
github.com/convision/api/internal/platform/clock/clock.go:47.13,49.3 1 1
github.com/convision/api/internal/platform/clock/clock.go:51.2,57.4 2 1
github.com/convision/api/internal/platform/clock/clock.go:57.4,58.65 1 1
github.com/convision/api/internal/platform/clock/clock.go:58.65,60.4 1 1
github.com/convision/api/internal/platform/clock/clock.go:62.2,62.95 1 1
github.com/convision/api/internal/platform/clock/clock.go:62.95,63.50 1 1
github.com/convision/api/internal/platform/clock/clock.go:63.50,65.4 1 1
github.com/convision/api/internal/platform/clock/clock.go:67.2,67.63 1 0
github.com/convision/api/internal/platform/clock/clock.go:73.63,75.2 1 0
github.com/convision/api/internal/platform/featurecache/cache.go:24.49,25.14 1 1
github.com/convision/api/internal/platform/featurecache/cache.go:25.14,27.3 1 1
github.com/convision/api/internal/platform/featurecache/cache.go:28.2,28.67 1 1
github.com/convision/api/internal/platform/featurecache/cache.go:31.61,35.46 4 0
github.com/convision/api/internal/platform/featurecache/cache.go:35.46,37.3 1 0
github.com/convision/api/internal/platform/featurecache/cache.go:38.2,38.28 1 0
github.com/convision/api/internal/platform/featurecache/cache.go:41.43,45.2 3 1
github.com/convision/api/internal/platform/featurecache/cache.go:47.58,51.78 3 0
github.com/convision/api/internal/platform/featurecache/cache.go:51.78,53.3 1 0
github.com/convision/api/internal/platform/featurecache/cache.go:54.2,62.16 3 0
github.com/convision/api/internal/platform/featurecache/cache.go:62.16,64.3 1 0
github.com/convision/api/internal/platform/featurecache/cache.go:65.2,66.25 2 0
github.com/convision/api/internal/platform/featurecache/cache.go:66.25,68.3 1 0
github.com/convision/api/internal/platform/featurecache/cache.go:70.2,71.26 2 0
github.com/convision/api/internal/platform/featurecache/cache.go:71.26,73.3 1 0
github.com/convision/api/internal/platform/featurecache/cache.go:74.2,74.42 1 0
github.com/convision/api/internal/platform/featurecache/cache.go:74.42,75.28 1 0
github.com/convision/api/internal/platform/featurecache/cache.go:75.28,77.4 1 0
github.com/convision/api/internal/platform/featurecache/cache.go:80.2,81.19 2 0
github.com/convision/api/internal/platform/opticacache/cache.go:23.19,25.2 1 1
github.com/convision/api/internal/platform/opticacache/cache.go:27.43,30.16 3 0
github.com/convision/api/internal/platform/opticacache/cache.go:30.16,32.3 1 0
github.com/convision/api/internal/platform/opticacache/cache.go:33.2,35.28 3 0
github.com/convision/api/internal/platform/opticacache/cache.go:35.28,42.3 1 0
github.com/convision/api/internal/platform/opticacache/cache.go:43.2,43.12 1 0
github.com/convision/api/internal/platform/opticacache/cache.go:46.55,51.2 4 1
github.com/convision/api/internal/platform/opticacache/cache.go:53.38,57.2 3 1
github.com/convision/api/internal/platform/opticacache/cache.go:59.37,63.2 3 1
github.com/convision/api/internal/platform/opticacache/cache.go:65.27,69.2 3 1
github.com/convision/api/internal/platform/opticacache/cache.go:75.64,79.2 3 0
